stock1,stock2,open,loss,reward,open_num,action choose
2002,2311,0.5000000000002669,2.500000000000112,0.5,1,0
2002,2313,0.5000000000002669,2.500000000000112,0.25,1,0
2002,2823,0.5000000000002669,2.500000000000112,0.20000000000000284,1,0
2002,3702,0.5000000000002669,2.500000000000112,0.09999999999999432,1,0
1301,2354,100,200,0,0,24
1101,2313,4.000000000000004,12.500000000000034,1.6999999999999886,1,14
1101,3702,3.2499999999999982,5.500000000000034,1.5500000000000114,1,11
1101,6176,2.980046948356806,13.515845070422579,1.1999999999999886,1,10
2311,2354,0.5000000000002669,2.500000000000112,0.29999999999999716,1,0
2311,2454,2.6328389830508536,8.9762711864407,2.25,1,9
2311,6505,0.5000000000002669,2.500000000000112,0.5,1,0
2311,2313,0.5000000000002669,2.500000000000112,0.4000000000000057,1,0
2311,2498,0.7288428324698772,4.0090056748083995,0.5,1,1
2311,2823,0.5000000000002669,2.500000000000112,0.5,1,0
2311,3702,2.086678832116794,6.2883211678832325,0.7000000000000028,1,6
2311,6176,0.5000000000002669,2.500000000000112,0.25,1,0
2354,2823,1.4751902346226717,3.9999999999997113,0.15000000000000924,1,4
2354,3702,2.6328389830508536,8.9762711864407,0.1500000000000128,1,9
2354,6176,1.1218344155846804,3.0000000000002496,1.099999999999966,1,2
2886,3702,0.7288428324698772,4.0090056748083995,0.44999999999998863,1,1
2886,6176,0.7288428324698772,4.0090056748083995,0.15000000000000568,1,1
6505,2313,3.2499999999999982,5.500000000000034,0.5,1,11
6505,2498,0.7288428324698772,4.0090056748083995,0.6000000000000085,1,1
6505,2903,1.749999999999973,3.4999999999998117,0.5999999999999943,1,5
4938,3702,0.5000000000002669,2.500000000000112,0.39999999999997726,1,0
2313,2618,0.7288428324698772,4.0090056748083995,0.3500000000000014,1,1
2313,2903,2.2499999999999822,7.500000000000021,0.6000000000000014,1,8
2313,3702,2.980046948356806,13.515845070422579,0.6500000000000199,1,10
2313,6176,1.4751902346226717,3.9999999999997113,0.19999999999999574,1,4
2498,3702,0.7288428324698772,4.0090056748083995,0.7999999999999972,1,1
2618,3702,2.086678832116794,6.2883211678832325,0.3500000000000085,1,6
2823,3702,2.086678832116794,6.2883211678832325,0.10000000000000497,1,6
2823,6176,0.7288428324698772,4.0090056748083995,0.30000000000000426,1,1
2903,3702,1.749999999999973,3.4999999999998117,0.44999999999998863,1,5
