stock1,stock2,trade_capital,open,loss,reward,open_num
2887,5264,151.1452,2.6328389830508536,8.9762711864407,0.7452000000000041,1
