stock1,stock2,trade_capital,open,loss,reward,open_num
1314,6269,156.3296,2.193017888055368,4.018753606462444,-0.6704000000000008,1
