stock1,stock2,trade_capital,open,loss,reward,open_num
3702,9921,655.27825,3.2499999999999982,5.500000000000034,-0.9717500000000143,1
