stock1,stock2,trade_capital,open,loss,reward,open_num
3532,6116,158.072,2.086678832116794,6.2883211678832325,0.6970000000000027,1
