stock1,stock2,trade_capital,open,loss,reward,open_num
2376,3682,87.12325,2.6328389830508536,8.9762711864407,-0.02674999999999983,1
