stock1,stock2,trade_capital,open,loss,reward,open_num
2308,1314,215.3825,2.6328389830508536,8.9762711864407,0.7824999999999989,1
1314,2618,87.8357,2.6328389830508536,8.9762711864407,0.5356999999999985,1
