stock1,stock2,trade_capital,open,loss,reward,open_num
1402,2383,405.57959999999997,1.749999999999973,3.4999999999998117,0.27959999999998786,1
1101,2049,377.317,5.7367647058823605,13.470588235294136,-2.1330000000000098,1
4938,2049,430.3755,6.408839779005503,10.95488029465933,1.265500000000003,1
2049,9914,552.84,4.000000000000004,12.500000000000034,-5.759999999999991,1
