stock1,stock2,trade_capital,open,loss,reward,open_num
1722,2448,260.83675,4.151949541284411,10.021788990825703,-4.296749999999996,1
