stock1,stock2,trade_capital,open,loss,reward,open_num
2383,2888,153.24625,2.6328389830508536,8.9762711864407,0.8462499999999977,1
