stock1,stock2,trade_capital,open,loss,reward,open_num
2353,2492,358.1027,2.086678832116794,6.2883211678832325,-4.764299999999999,1
