stock1,stock2,trade_capital,open,loss,reward,open_num
1605,6176,115.2,2.980046948356806,13.515845070422579,0.7000000000000028,1
