stock1,stock2,trade_capital,open,loss,reward,open_num
2409,1314,94.89925,2.086678832116794,6.2883211678832325,0.419249999999991,1
6505,3673,200.69400000000002,2.980046948356806,13.515845070422579,2.1940000000000026,1
1504,3673,182.829,2.980046948356806,13.515845070422579,1.6940000000000026,1
2618,3673,154.974,2.980046948356806,13.515845070422579,1.4939999999999998,1
2448,3673,341.088,2.980046948356806,13.515845070422579,3.3880000000000052,1
6269,9938,634.092,2.980046948356806,13.515845070422579,7.59199999999997,1
