stock1,stock2,trade_capital,open,loss,reward,open_num
6505,2610,104.49000000000001,4.000000000000004,12.500000000000034,1.5,1
