stock1,stock2,trade_capital,open,loss,reward,open_num
2344,2610,168.8656,2.6328389830508536,8.9762711864407,-5.290150000000011,1
