stock1,stock2,trade_capital,open,loss,reward,open_num
2354,2888,127.47175000000001,2.6328389830508536,8.9762711864407,0.3917499999999947,1
