stock1,stock2,trade_capital,open,loss,reward,open_num
1802,9910,171.29070000000002,2.980046948356806,13.515845070422579,2.1406999999999883,1
2448,9910,311.462,2.6328389830508536,8.9762711864407,2.402000000000001,1
2610,3443,286.073,3.693027210884357,6.0739795918367605,-1.9315000000000069,1
