stock1,stock2,trade_capital,open,loss,reward,open_num
1314,2371,25.4235,2.980046948356806,13.515845070422579,0.2735000000000003,1
2049,2371,429.85654999999997,2.6328389830508536,8.9762711864407,-7.243450000000019,1
