stock1,stock2,trade_capital,open,loss,reward,open_num
2308,1909,372.6,2.086678832116794,6.2883211678832325,-5.230000000000018,1
