stock1,stock2,trade_capital,open,loss,reward,open_num
1536,1802,151.4989,2.6328389830508536,8.9762711864407,-0.8010999999999981,1
1536,6285,844.4895,2.6328389830508536,8.9762711864407,-7.960500000000025,1
2888,3019,172.197,2.086678832116794,6.2883211678832325,3.372,1
