stock1,stock2,trade_capital,open,loss,reward,open_num
2049,3189,1084.1399999999999,4.000000000000004,12.500000000000034,2.5,1
2345,5264,702.3812,2.086678832116794,6.2883211678832325,1.2812000000000126,1
