stock1,stock2,trade_capital,open,loss,reward,open_num
2337,2498,121.68,2.6328389830508536,8.9762711864407,0.04999999999999716,1
