stock1,stock2,trade_capital,open,loss,reward,open_num
2881,2888,96.22290000000001,3.453852327447829,11.505617977528125,0.19790000000000418,1
