stock1,stock2,trade_capital,open,loss,reward,open_num
2409,2801,92.4143,2.980046948356806,13.515845070422579,-0.03570000000000029,1
2353,6116,46.404,3.2499999999999982,5.500000000000034,0.4199999999999884,1
