stock1,stock2,trade_capital,open,loss,reward,open_num
1536,2439,1088.25,4.752819548872187,15.016917293233117,4.2000000000000455,1
