stock1,stock2,trade_capital,open,loss,reward,open_num
1536,6456,836.1,2.6328389830508536,8.9762711864407,2.5,1
