stock1,stock2,trade_capital,open,loss,reward,open_num
2371,6456,182.47500000000002,2.086678832116794,6.2883211678832325,-2.103749999999991,1
