stock1,stock2,trade_capital,open,loss,reward,open_num
1909,6239,230.31100000000004,2.6328389830508536,8.9762711864407,-2.5090000000000146,1
