stock1,stock2,trade_capital,open,loss,reward,open_num
1402,2615,107.92525,2.6328389830508536,8.9762711864407,-0.22474999999999312,1
2615,3044,205.08350000000002,2.6328389830508536,8.9762711864407,0.6834999999999951,1
