stock1,stock2,trade_capital,open,loss,reward,open_num
2881,3673,506.61,1.4751902346226717,3.9999999999997113,-6.673700000000032,1
2313,2360,632.50625,2.193017888055368,4.018753606462444,-1.0437499999999886,1
