stock1,stock2,trade_capital,open,loss,reward,open_num
3702,9921,655.27825,3.693027210884357,6.0739795918367605,-0.9717500000000143,1
