stock1,stock2,trade_capital,open,loss,reward,open_num
2105,6269,705.87,4.000000000000004,12.500000000000034,5.799999999999983,1
