stock1,stock2,trade_capital,open,loss,reward,open_num
2498,9910,630.104,2.6328389830508536,8.9762711864407,-1.896000000000015,1
