stock1,stock2,trade_capital,open,loss,reward,open_num
2371,9938,404.12805000000003,2.980046948356806,13.515845070422579,-1.4719499999999925,1
