stock1,stock2,trade_capital,open,loss,reward,open_num
2383,3673,714.6,2.193017888055368,4.018753606462444,6.0,1
