stock1,stock2,trade_capital,open,loss,reward,open_num
3019,3044,692.915,2.193017888055368,4.018753606462444,-0.5849999999999795,1
