stock1,stock2,trade_capital,open,loss,reward,open_num
1216,2344,110.3332,2.086678832116794,6.2883211678832325,-0.01680000000000348,1
2344,2610,66.96000000000001,2.6328389830508536,8.9762711864407,0.10000000000000142,1
