stock1,stock2,trade_capital,open,loss,reward,open_num
1909,6269,461.26075000000003,2.6328389830508536,8.9762711864407,5.560750000000013,1
