stock1,stock2,trade_capital,open,loss,reward,open_num
1314,2377,137.8851,2.6328389830508536,8.9762711864407,-0.06490000000000862,1
1314,2618,88.08495,4.000000000000004,12.500000000000034,0.6349500000000035,1
