stock1,stock2,trade_capital,open,loss,reward,open_num
2885,1536,294.26325,2.6328389830508536,8.9762711864407,1.0632499999999965,1
