stock1,stock2,trade_capital,open,loss,reward,open_num
1723,6505,873.74,2.6328389830508536,8.9762711864407,1.1399999999999864,1
1802,3532,219.56150000000002,2.6328389830508536,8.9762711864407,1.8615000000000066,1
