stock1,stock2,trade_capital,open,loss,reward,open_num
4958,3026,674.8765000000001,2.980046948356806,13.515845070422579,-3.6234999999999786,1
