stock1,stock2,trade_capital,open,loss,reward,open_num
2603,2492,205.3365,3.693027210884357,6.0739795918367605,-2.9635000000000105,1
1314,2492,190.735,2.193017888055368,4.018753606462444,5.085000000000001,1
2371,3443,689.595,2.086678832116794,6.2883211678832325,-8.71739999999997,1
6456,2892,172.71,2.193017888055368,4.018753606462444,-1.1739000000000175,1
