stock1,stock2,trade_capital,open,loss,reward,open_num
1605,2327,1167.435,3.693027210884357,6.0739795918367605,22.75999999999999,1
2408,3532,739.9369,1.1218344155846804,3.0000000000002496,-9.815600000000018,1
