stock1,stock2,trade_capital,open,loss,reward,open_num
1326,2360,807.9675000000001,4.000000000000004,12.500000000000034,8.267500000000041,1
2492,3532,1172.556,2.6328389830508536,8.9762711864407,3.05600000000004,1
