stock1,stock2,trade_capital,open,loss,reward,open_num
3702,2345,247.7575,5.7367647058823605,13.470588235294136,-0.7224999999999824,1
5871,2308,623.9475,2.980046948356806,13.515845070422579,-3.052500000000009,1
2345,1326,228.313,3.2499999999999982,5.500000000000034,-1.6869999999999976,1
