stock1,stock2,trade_capital,open,loss,reward,open_num
6176,9938,462.80740000000003,1.4751902346226717,3.9999999999997113,4.40740000000001,1
