stock1,stock2,trade_capital,open,loss,reward,open_num
2345,2492,421.446,1.2162849872773496,7.4631043256997405,-1.4540000000000077,1
