stock1,stock2,trade_capital,open,loss,reward,open_num
1590,2888,578.22,5.7367647058823605,13.470588235294136,-3.6799999999999997,1
1590,1476,3293.1,2.6328389830508536,8.9762711864407,-60.82700000000011,1
