stock1,stock2,trade_capital,open,loss,reward,open_num
6176,2610,128.9838,2.980046948356806,13.515845070422579,1.4587999999999965,1
1477,3532,278.8995,3.2499999999999982,5.500000000000034,2.099500000000006,1
