stock1,stock2,trade_capital,open,loss,reward,open_num
1536,2409,187.9685,2.980046948356806,13.515845070422579,0.3435000000000059,1
1210,3532,256.235,2.6328389830508536,8.9762711864407,-1.4650000000000034,1
2360,3481,164.4325,4.000000000000004,12.500000000000034,-1.9675000000000011,1
2360,3532,771.56,2.193017888055368,4.018753606462444,12.810000000000002,1
