stock1,stock2,trade_capital,open,loss,reward,open_num
3443,2439,1190.7675,2.980046948356806,13.515845070422579,17.86749999999995,1
