stock1,stock2,trade_capital,open,loss,reward,open_num
2352,2383,190.57500000000002,3.453852327447829,11.505617977528125,-1.5,1
2883,3532,172.38875,2.2499999999999822,7.500000000000021,0.08874999999999744,1
2383,3406,624.6,2.6328389830508536,8.9762711864407,-6.0,1
