stock1,stock2,trade_capital,open,loss,reward,open_num
2354,2383,552.87,2.086678832116794,6.2883211678832325,-5.0,1
