stock1,stock2,trade_capital,open,loss,reward,open_num
6176,3673,480.82239999999996,4.000000000000004,12.500000000000034,10.002399999999994,1
6456,4943,942.941,2.6328389830508536,8.9762711864407,14.490999999999985,1
