stock1,stock2,trade_capital,open,loss,reward,open_num
2618,2357,269.55,4.000000000000004,12.500000000000034,5.25,1
2618,2474,328.275,4.000000000000004,12.500000000000034,-1.5,1
3702,2439,306.7375,3.693027210884357,6.0739795918367605,-2.728749999999991,1
