stock1,stock2,trade_capital,open,loss,reward,open_num
2383,3019,542.3679999999999,3.2499999999999982,5.500000000000034,4.867999999999995,1
