stock1,stock2,trade_capital,open,loss,reward,open_num
2603,2360,292.76775000000004,1.749999999999973,3.4999999999998117,-2.950250000000004,1
2603,2439,201.217,2.6328389830508536,8.9762711864407,2.067,1
1605,3532,179.31375,2.980046948356806,13.515845070422579,0.7637500000000017,1
3706,2360,239.3265,2.980046948356806,13.515845070422579,0.626499999999993,1
2834,2027,97.9205,2.980046948356806,13.515845070422579,0.5455000000000041,1
2360,6456,795.596,2.980046948356806,13.515845070422579,-4.153999999999996,1
2360,2474,770.673,3.453852327447829,11.505617977528125,-2.427000000000021,1
3406,3532,729.0795,2.980046948356806,13.515845070422579,-0.1705000000000041,1
2474,1504,390.2465,2.086678832116794,6.2883211678832325,-3.1784999999999854,1
