stock1,stock2,trade_capital,open,loss,reward,open_num
2882,2377,151.74,2.980046948356806,13.515845070422579,1.5,1
2454,2492,1570.3790000000001,2.980046948356806,13.515845070422579,0.7789999999999964,1
