stock1,stock2,trade_capital,open,loss,reward,open_num
1536,3711,339.6275,4.752819548872187,15.016917293233117,-3.8525000000000063,1
2834,6505,178.9615,2.193017888055368,4.018753606462444,-1.538499999999999,1
2845,2371,81.73945,1.749999999999973,3.4999999999998117,-1.6105500000000035,1
2352,2915,133.2374,2.980046948356806,13.515845070422579,-0.7125999999999948,1
