stock1,stock2,trade_capital,open,loss,reward,open_num
2308,3532,1147.672,3.2499999999999982,5.500000000000034,4.4220000000000255,1
