stock1,stock2,trade_capital,open,loss,reward,open_num
2049,2371,404.32500000000005,2.980046948356806,13.515845070422579,-2.5,1
3702,2327,728.7750000000001,1.749999999999973,3.4999999999998117,-7.414249999999953,1
