stock1,stock2,trade_capital,open,loss,reward,open_num
1216,3406,493.3976,4.752819548872187,15.016917293233117,-2.3023999999999774,1
9914,2337,372.42,2.2499999999999822,7.500000000000021,1.0,1
9914,2344,154.38545,2.086678832116794,6.2883211678832325,1.185449999999996,1
2330,3406,1187.1,1.4751902346226717,3.9999999999997113,-20.90600000000009,1
2330,2492,1157.346,2.086678832116794,6.2883211678832325,16.596000000000004,1
2882,3532,245.82300000000004,4.000000000000004,12.500000000000034,-1.3920000000000101,1
3406,2449,272.7,2.6328389830508536,8.9762711864407,5.25,1
2449,3532,163.0265,3.453852327447829,11.505617977528125,-2.9935000000000045,1
2492,3532,474.63750000000005,3.2499999999999982,5.500000000000034,-2.4744999999999777,1
