stock1,stock2,trade_capital,open,loss,reward,open_num
3406,2439,993.914,2.6328389830508536,8.9762711864407,-4.98599999999999,1
3406,3026,1159.833,2.6328389830508536,8.9762711864407,-13.466999999999985,1
