stock1,stock2,trade_capital,open,loss,reward,open_num
3682,2801,39.737049999999996,3.2499999999999982,5.500000000000034,-0.14294999999999902,1
