stock1,stock2,trade_capital,open,loss,reward,open_num
6269,3443,822.1925,2.086678832116794,6.2883211678832325,8.342499999999973,1
6456,6116,222.69174999999998,2.980046948356806,13.515845070422579,-4.4082500000000024,1
3443,3044,672.788,1.749999999999973,3.4999999999998117,3.288000000000011,1
