stock1,stock2,trade_capital,open,loss,reward,open_num
2360,3026,1497.9450000000002,4.000000000000004,12.500000000000034,13.345000000000027,1
