stock1,stock2,trade_capital,open,loss,reward,open_num
1605,1314,113.67,2.6328389830508536,8.9762711864407,0.14999999999999147,1
