stock1,stock2,trade_capital,open,loss,reward,open_num
2606,1590,430.82950000000005,4.151949541284411,10.021788990825703,-0.7704999999999984,1
6456,3034,495.7455,2.980046948356806,13.515845070422579,-7.454499999999996,1
