stock1,stock2,trade_capital,open,loss,reward,open_num
1314,1319,87.46115,3.693027210884357,6.0739795918367605,0.02114999999999867,1
