stock1,stock2,trade_capital,open,loss,reward,open_num
1605,1326,176.625,3.2499999999999982,5.500000000000034,-1.5857500000000044,1
