stock1,stock2,trade_capital,open,loss,reward,open_num
2615,2371,37.35985,4.752819548872187,15.016917293233117,-0.16015000000000157,1
2883,2891,63.765,4.000000000000004,12.500000000000034,0.29999999999999716,1
