stock1,stock2,trade_capital,open,loss,reward,open_num
2049,2344,338.23225,4.752819548872187,15.016917293233117,-1.2677499999999782,1
6285,2344,147.4563,3.453852327447829,11.505617977528125,-0.24370000000000402,1
2409,2027,109.4184,2.2499999999999822,7.500000000000021,-0.806599999999996,1
3406,2409,376.415,2.086678832116794,6.2883211678832325,-2.7099999999999795,1
