stock1,stock2,trade_capital,open,loss,reward,open_num
2352,3406,288.27700000000004,2.980046948356806,13.515845070422579,3.977000000000004,1
2337,2890,37.46225,4.000000000000004,12.500000000000034,0.14225000000000065,1
6456,2409,158.529,2.980046948356806,13.515845070422579,-0.9209999999999994,1
2379,2890,157.8375,4.151949541284411,10.021788990825703,2.4124999999999943,1
2890,3406,249.09625,3.2499999999999982,5.500000000000034,0.09624999999999773,1
