stock1,stock2,trade_capital,open,loss,reward,open_num
5871,6116,128.16,2.980046948356806,13.515845070422579,0.8500000000000014,1
