stock1,stock2,trade_capital,open,loss,reward,open_num
1590,2823,386.921,6.408839779005503,10.95488029465933,-10.929000000000002,1
1590,2324,328.49275,4.151949541284411,10.021788990825703,-10.007249999999999,1
2324,2360,194.39275,4.151949541284411,10.021788990825703,1.492750000000001,1
2360,2880,195.18900000000002,4.752819548872187,15.016917293233117,1.7390000000000043,1
