stock1,stock2,trade_capital,open,loss,reward,open_num
2603,2327,436.83900000000006,4.151949541284411,10.021788990825703,6.239000000000004,1
2327,2379,970.6975,2.980046948356806,13.515845070422579,1.6475000000000364,1
