stock1,stock2,trade_capital,open,loss,reward,open_num
1605,6505,181.44,3.2499999999999982,5.500000000000034,2.1000000000000085,1
1605,2492,435.218,4.000000000000004,12.500000000000034,-2.5319999999999823,1
