stock1,stock2,trade_capital,open,loss,reward,open_num
1536,6456,783.0125,2.086678832116794,6.2883211678832325,-10.410499999999985,1
1101,3443,1078.2,2.980046948356806,13.515845070422579,14.0,1
9904,3443,476.55000000000007,4.151949541284411,10.021788990825703,-7.570500000000038,1
1314,3443,380.37350000000004,2.6328389830508536,8.9762711864407,-7.225500000000025,1
2360,3443,2021.979,2.980046948356806,13.515845070422579,15.478999999999985,1
6505,3443,728.8430000000001,2.980046948356806,13.515845070422579,3.1430000000000007,1
3443,3481,372.14825,2.980046948356806,13.515845070422579,2.048249999999996,1
3443,2498,366.84000000000003,2.980046948356806,13.515845070422579,2.0,1
