stock1,stock2,trade_capital,open,loss,reward,open_num
3711,1909,228.04089999999997,2.086678832116794,6.2883211678832325,-1.5190999999999946,1
2371,2439,183.515,1.749999999999973,3.4999999999998117,-0.2650000000000077,1
1909,3034,790.5849999999999,1.4751902346226717,3.9999999999997113,-9.475000000000044,1
