stock1,stock2,trade_capital,open,loss,reward,open_num
1102,2492,240.7305,2.193017888055368,4.018753606462444,-0.569500000000005,1
2345,2492,420.6915,1.749999999999973,3.4999999999998117,-4.802000000000021,1
