stock1,stock2,trade_capital,open,loss,reward,open_num
2823,2027,223.38000000000002,5.7367647058823605,13.470588235294136,1.649999999999963,1
