stock1,stock2,trade_capital,open,loss,reward,open_num
1536,6269,464.602,4.752819548872187,15.016917293233117,3.102000000000004,1
6269,2303,161.3146,3.693027210884357,6.0739795918367605,-0.9853999999999985,1
6269,2344,610.5324999999999,2.6328389830508536,8.9762711864407,0.47249999999993975,1
6269,2915,593.452,2.980046948356806,13.515845070422579,7.492000000000019,1
2303,2327,817.7892499999999,3.693027210884357,6.0739795918367605,-5.960750000000033,1
2337,2474,581.99875,3.2499999999999982,5.500000000000034,-0.0012500000000272848,1
2915,3026,462.56050000000005,3.693027210884357,6.0739795918367605,-3.9414999999999907,1
