stock1,stock2,trade_capital,open,loss,reward,open_num
3673,2383,663.129,3.2499999999999982,5.500000000000034,3.3789999999999907,1
