stock1,stock2,trade_capital,open,loss,reward,open_num
1909,2498,236.02965,4.8633603238866225,7.977058029689605,0.6496500000000154,1
