stock1,stock2,trade_capital,open,loss,reward,open_num
2603,2371,88.65,3.2499999999999982,5.500000000000034,0.14999999999999858,1
