stock1,stock2,trade_capital,open,loss,reward,open_num
2890,3026,222.976,2.980046948356806,13.515845070422579,-0.1739999999999995,1
