stock1,stock2,trade_capital,open,loss,reward,open_num
2344,3008,3734.2855,4.752819548872187,15.016917293233117,40.2855,1
