stock1,stock2,trade_capital,open,loss,reward,open_num
1101,2439,253.6752,2.2499999999999822,7.500000000000021,-3.224800000000016,1
9904,2439,257.40000000000003,4.000000000000004,12.500000000000034,-1.75,1
2353,6505,453.38575000000003,2.6328389830508536,8.9762711864407,1.1357500000000016,1
2356,2439,189.2178,4.000000000000004,12.500000000000034,-1.732200000000006,1
2439,2454,434.7,2.6328389830508536,8.9762711864407,-2.5,1
