stock1,stock2,trade_capital,open,loss,reward,open_num
1590,2201,424.635,3.2499999999999982,5.500000000000034,3.759999999999991,1
1590,1326,860.01,3.2499999999999982,5.500000000000034,-5.7450000000000045,1
6269,2301,586.845,1.749999999999973,3.4999999999998117,7.049999999999997,1
6269,2912,809.9375,2.6328389830508536,8.9762711864407,-3.1124999999999545,1
6269,2439,641.2625,2.6328389830508536,8.9762711864407,7.012499999999989,1
6456,2891,650.25,2.086678832116794,6.2883211678832325,-0.75,1
