stock1,stock2,trade_capital,open,loss,reward,open_num
2303,2382,130.23000000000002,4.151949541284411,10.021788990825703,0.6499999999999915,1
2371,3532,159.464,2.6328389830508536,8.9762711864407,-1.936,1
