stock1,stock2,trade_capital,open,loss,reward,open_num
2633,2606,86.1792,2.980046948356806,13.515845070422579,0.4091999999999949,1
1319,2337,82.78890000000001,2.193017888055368,4.018753606462444,0.3389000000000095,1
2337,8150,106.52190000000002,2.193017888055368,4.018753606462444,-0.6880999999999986,1
