stock1,stock2,trade_capital,open,loss,reward,open_num
2023,2103,91.53,2.086678832116794,6.2883211678832325,0.3999999999999986,1
2103,9914,829.53,2.980046948356806,13.515845070422579,0.1500000000000199,1
