stock1,stock2,trade_capital,open,loss,reward,open_num
2606,6116,96.42949999999999,3.453852327447829,11.505617977528125,-1.2404999999999973,1
