stock1,stock2,trade_capital,open,loss,reward,open_num
1477,2448,404.2835,1.2162849872773496,7.4631043256997405,1.2834999999999752,1
2448,3044,362.3098,2.086678832116794,6.2883211678832325,0.20979999999998,1
