stock1,stock2,trade_capital,open,loss,reward,open_num
2885,1536,294.26325,2.980046948356806,13.515845070422579,2.3132499999999965,1
