stock1,stock2,trade_capital,open,loss,reward,open_num
2891,1605,73.845,3.453852327447829,11.505617977528125,0.5500000000000007,1
