stock1,stock2,trade_capital,open,loss,reward,open_num
1314,6456,204.322,3.2499999999999982,5.500000000000034,1.796999999999997,1
1909,6456,216.35115,3.2499999999999982,5.500000000000034,-1.69135,1
2344,6456,333.90000000000003,2.980046948356806,13.515845070422579,-1.75,1
2383,6456,1094.4,3.453852327447829,11.505617977528125,-1.5,1
