stock1,stock2,trade_capital,open,loss,reward,open_num
3481,3532,237.375,2.086678832116794,6.2883211678832325,-1.0,1
