stock1,stock2,trade_capital,open,loss,reward,open_num
2382,2345,572.6865,3.453852327447829,11.505617977528125,1.086500000000001,1
2474,2345,1073.3925,3.453852327447829,11.505617977528125,-13.007499999999993,1
2371,9914,429.50759999999997,2.6328389830508536,8.9762711864407,2.1075999999999766,1
