stock1,stock2,trade_capital,open,loss,reward,open_num
2327,3673,725.0915,2.6328389830508536,8.9762711864407,-6.158500000000004,1
