stock1,stock2,trade_capital,open,loss,reward,open_num
2409,2352,120.73669999999998,4.752819548872187,15.016917293233117,-0.21330000000000382,1
