stock1,stock2,trade_capital,open,loss,reward,open_num
2882,1802,135.9576,2.980046948356806,13.515845070422579,0.7325999999999979,1
1802,2345,180.79700000000003,2.980046948356806,13.515845070422579,-1.3029999999999973,1
2327,6116,345.4325,3.453852327447829,11.505617977528125,-0.3924999999999841,1
3019,3406,559.1915,1.749999999999973,3.4999999999998117,3.3915000000000077,1
