stock1,stock2,trade_capital,open,loss,reward,open_num
2606,5264,178.56,3.453852327447829,11.505617977528125,-0.15000000000000568,1
