stock1,stock2,trade_capital,open,loss,reward,open_num
2383,2449,630.4825,1.4751902346226717,3.9999999999997113,3.3274999999999864,1
