stock1,stock2,trade_capital,open,loss,reward,open_num
2474,9910,1503.9,4.000000000000004,12.500000000000034,9.5,1
