stock1,stock2,trade_capital,open,loss,reward,open_num
2344,2353,77.23960000000001,2.980046948356806,13.515845070422579,0.6146000000000011,1
