stock1,stock2,trade_capital,open,loss,reward,open_num
1605,2383,169.787,2.6328389830508536,8.9762711864407,0.7870000000000061,1
