stock1,stock2,trade_capital,open,loss,reward,open_num
2439,6269,678.957,2.086678832116794,6.2883211678832325,6.457000000000022,1
