stock1,stock2,trade_capital,open,loss,reward,open_num
1605,6456,197.24200000000002,3.2499999999999982,5.500000000000034,0.592000000000013,1
3673,6456,413.692,2.193017888055368,4.018753606462444,3.592000000000013,1
