stock1,stock2,trade_capital,open,loss,reward,open_num
1303,3673,695.992,1.749999999999973,3.4999999999998117,4.141999999999996,1
