stock1,stock2,trade_capital,open,loss,reward,open_num
3673,9910,507.381,2.6328389830508536,8.9762711864407,2.1310000000000002,1
