stock1,stock2,trade_capital,open,loss,reward,open_num
6176,2409,320.2785,2.6328389830508536,8.9762711864407,-0.6214999999999975,1
2610,2882,99.30850000000001,1.749999999999973,3.4999999999998117,0.19850000000000279,1
2610,2885,88.2835,2.6328389830508536,8.9762711864407,0.24849999999999284,1
1101,1704,314.90245,2.980046948356806,13.515845070422579,-0.8475499999999982,1
6239,2812,133.86175,1.749999999999973,3.4999999999998117,0.09174999999999756,1
6239,3406,958.238,2.193017888055368,4.018753606462444,-7.015000000000043,1
3682,2201,59.2328,3.693027210884357,6.0739795918367605,-0.11720000000000397,1
3231,2317,181.125,2.6328389830508536,8.9762711864407,-0.25,1
2812,2303,55.995250000000006,1.749999999999973,3.4999999999998117,0.19525000000000503,1
2812,2327,1178.845,1.749999999999973,3.4999999999998117,-3.811749999999975,1
2812,3406,596.372,1.749999999999973,3.4999999999998117,-30.40300000000002,1
2812,2439,182.925,1.749999999999973,3.4999999999998117,1.25,1
2303,2324,152.3416,3.453852327447829,11.505617977528125,0.09160000000000679,1
2324,2885,98.64000000000001,2.980046948356806,13.515845070422579,0.14999999999999858,1
6456,3406,1523.085,2.6328389830508536,8.9762711864407,4.835000000000036,1
2353,3019,226.25625,2.6328389830508536,8.9762711864407,1.3562499999999886,1
2891,2439,229.70550000000003,1.1218344155846804,3.0000000000002496,0.5455000000000041,1
2409,3045,166.54675,2.6328389830508536,8.9762711864407,1.046750000000003,1
