stock1,stock2,trade_capital,open,loss,reward,open_num
2308,2492,913.915,1.1218344155846804,3.0000000000002496,2.1650000000000205,1
2888,2409,64.395,2.980046948356806,13.515845070422579,-0.25,1
2888,1504,121.18535,1.749999999999973,3.4999999999998117,-0.6146499999999975,1
