stock1,stock2,trade_capital,open,loss,reward,open_num
1536,2845,167.625,2.6328389830508536,8.9762711864407,-0.25,1
1536,2337,261.96175000000005,1.4751902346226717,3.9999999999997113,0.21175000000002342,1
1536,2344,185.175,2.6328389830508536,8.9762711864407,-1.25,1
1536,2915,374.872,2.980046948356806,13.515845070422579,0.6720000000000255,1
1605,3026,225.173,1.749999999999973,3.4999999999998117,-4.707249999999988,1
2801,3034,244.01574999999997,1.749999999999973,3.4999999999998117,0.015749999999982833,1
2303,2454,298.66075,3.453852327447829,11.505617977528125,1.0107500000000016,1
2313,2834,73.45224999999999,1.749999999999973,3.4999999999998117,0.1772500000000008,1
2313,2845,72.70179999999999,1.749999999999973,3.4999999999998117,0.22679999999999723,1
2327,3026,821.6895,2.086678832116794,6.2883211678832325,-8.083000000000027,1
1301,3034,582.3,2.086678832116794,6.2883211678832325,4.0,1
2845,2439,186.958,1.4751902346226717,3.9999999999997113,-0.1670000000000016,1
2845,3532,200.916,1.749999999999973,3.4999999999998117,1.7909999999999968,1
2845,3034,198.4235,1.749999999999973,3.4999999999998117,0.29849999999999,1
2344,3406,384.51500000000004,1.4751902346226717,3.9999999999997113,1.2900000000000205,1
2344,3532,216.7455,0.7288428324698772,4.0090056748083995,0.5455000000000041,1
2360,6505,1198.8000000000002,1.749999999999973,3.4999999999998117,-6.0,1
2883,3443,326.7455,1.2162849872773496,7.4631043256997405,-0.5794999999999959,1
2883,3532,203.1175,2.193017888055368,4.018753606462444,1.2924999999999898,1
2883,3034,201.12349999999998,1.749999999999973,3.4999999999998117,0.79849999999999,1
2891,3443,363.00649999999996,1.1218344155846804,3.0000000000002496,-0.3435000000000059,1
3406,2439,843.876,1.4751902346226717,3.9999999999997113,1.3260000000000218,1
3443,2439,804.2760000000001,1.4751902346226717,3.9999999999997113,-2.173999999999978,1
6505,3443,650.25,1.1218344155846804,3.0000000000002496,-7.152499999999975,1
1909,3481,61.816,2.980046948356806,13.515845070422579,0.3210000000000015,1
2456,3532,409.041,3.453852327447829,11.505617977528125,2.8409999999999513,1
2492,3026,460.89,3.453852327447829,11.505617977528125,-4.810000000000002,1
3532,3026,1084.725,0.7288428324698772,4.0090056748083995,-19.892999999999972,1
