stock1,stock2,trade_capital,open,loss,reward,open_num
2618,2327,623.87275,2.6328389830508536,8.9762711864407,-4.627250000000046,1
2618,2377,167.41975000000002,2.086678832116794,6.2883211678832325,-0.48024999999999807,1
2618,2492,205.13275,2.6328389830508536,8.9762711864407,0.6327500000000015,1
2610,2618,88.08494999999999,2.193017888055368,4.018753606462444,0.0849500000000063,1
2610,1101,87.24525,2.980046948356806,13.515845070422579,0.39024999999999466,1
2610,1229,87.11025,1.749999999999973,3.4999999999998117,0.39025000000000176,1
2610,1314,76.8972,1.749999999999973,3.4999999999998117,0.12219999999999231,1
3702,2448,154.88395,3.453852327447829,11.505617977528125,-0.8660500000000226,1
1101,5871,324.086,1.1218344155846804,3.0000000000002496,1.3360000000000056,1
2231,1314,507.794,1.749999999999973,3.4999999999998117,-4.795749999999998,1
5871,2377,376.65,2.086678832116794,6.2883211678832325,2.0,1
2812,2303,92.67625000000001,2.2499999999999822,7.500000000000021,0.2462499999999892,1
2812,2330,295.85974999999996,2.086678832116794,6.2883211678832325,-0.14025000000000887,1
2812,2891,49.96275,1.749999999999973,3.4999999999998117,-0.14225000000000065,1
2303,1314,91.75094999999999,2.980046948356806,13.515845070422579,0.4109499999999926,1
2327,1314,606.497,1.749999999999973,3.4999999999998117,-0.09275000000002365,1
1314,6456,206.55,2.2499999999999822,7.500000000000021,0.75,1
1314,2882,109.8657,2.980046948356806,13.515845070422579,-0.10929999999999751,1
1314,2884,42.66015,3.453852327447829,11.505617977528125,-0.10985000000000511,1
1314,2377,147.375,4.000000000000004,12.500000000000034,1.0,1
1314,2409,24.744799999999998,2.2499999999999822,7.500000000000021,0.05979999999999919,1
1314,3481,68.22,2.6328389830508536,8.9762711864407,0.25,1
6456,2377,1147.538,2.980046948356806,13.515845070422579,5.288000000000011,1
2409,2492,188.4145,1.749999999999973,3.4999999999998117,-0.6355000000000075,1
