stock1,stock2,trade_capital,open,loss,reward,open_num
2603,3406,452.024,2.193017888055368,4.018753606462444,0.5740000000000123,1
2603,1402,99.72525,2.193017888055368,4.018753606462444,0.09524999999999295,1
1605,3406,410.36519999999996,1.2162849872773496,7.4631043256997405,0.8151999999999759,1
1303,3406,764.049,2.193017888055368,4.018753606462444,-3.913499999999999,1
2330,1402,1123.496,2.086678832116794,6.2883211678832325,1.3460000000000036,1
1326,3406,1299.9925,2.086678832116794,6.2883211678832325,3.6924999999999955,1
6456,4943,1131.9775,1.749999999999973,3.4999999999998117,3.2275000000000205,1
6456,6116,197.163,1.749999999999973,3.4999999999998117,1.0,1
