stock1,stock2,trade_capital,open,loss,reward,open_num
2610,2344,111.4988,1.749999999999973,3.4999999999998117,-0.6485999999999947,1
2603,2474,400.09675000000004,1.749999999999973,3.4999999999998117,-5.453249999999997,1
2049,2449,365.50350000000003,1.749999999999973,3.4999999999998117,-4.132499999999979,1
1605,2308,159.55695,1.4751902346226717,3.9999999999997113,-1.2610499999999973,1
1101,2308,649.481,1.4751902346226717,3.9999999999997113,2.180999999999983,1
2308,2352,158.06145,1.4751902346226717,3.9999999999997113,0.31145000000000067,1
2313,3481,70.63985000000001,2.086678832116794,6.2883211678832325,-0.7757499999999986,1
2313,1434,59.2597,1.749999999999973,3.4999999999998117,-0.3376499999999929,1
2352,2890,52.907399999999996,2.980046948356806,13.515845070422579,0.14740000000000464,1
