stock1,stock2,trade_capital,open,loss,reward,open_num
1590,1314,329.78499999999997,2.086678832116794,6.2883211678832325,-0.6649999999999991,1
2610,2303,72.1346,2.086678832116794,6.2883211678832325,0.3346000000000018,1
2049,2303,270.2385,3.693027210884357,6.0739795918367605,-0.16149999999998954,1
2049,1314,253.735,2.086678832116794,6.2883211678832325,-0.41499999999999915,1
2049,1326,405.826,2.193017888055368,4.018753606462444,-1.7839999999999918,1
2049,2867,277.41525,2.980046948356806,13.515845070422579,-1.8347499999999997,1
2049,2449,314.10200000000003,4.000000000000004,12.500000000000034,-0.09799999999999898,1
2618,1314,70.63745,1.749999999999973,3.4999999999998117,0.03745000000000154,1
2618,2379,185.36599999999999,3.2499999999999982,5.500000000000034,-1.0716500000000053,1
6285,2303,129.9862,2.086678832116794,6.2883211678832325,-0.538800000000009,1
1210,2867,88.00025,2.980046948356806,13.515845070422579,0.07524999999999693,1
1210,2379,451.1425,2.6328389830508536,8.9762711864407,-2.357500000000016,1
2303,2867,21.74005,2.193017888055368,4.018753606462444,-0.1186999999999987,1
1314,2454,258.235,2.086678832116794,6.2883211678832325,0.08500000000000085,1
