stock1,stock2,trade_capital,open,loss,reward,open_num
2603,2801,102.79069999999999,2.086678832116794,6.2883211678832325,-0.3593000000000064,1
3231,2352,186.8734,2.980046948356806,13.515845070422579,0.4234000000000009,1
2801,2377,213.60725,2.086678832116794,6.2883211678832325,-1.1427500000000066,1
2330,2884,296.325,2.6328389830508536,8.9762711864407,0.5,1
2356,2884,142.17950000000002,2.6328389830508536,8.9762711864407,0.454500000000003,1
2888,3443,322.74,2.086678832116794,6.2883211678832325,3.6899999999999977,1
3443,2439,927.6990000000001,1.1218344155846804,3.0000000000002496,5.199000000000012,1
