stock1,stock2,trade_capital,open,loss,reward,open_num
3673,2884,189.5895,2.6328389830508536,8.9762711864407,0.18949999999999534,1
1101,2383,166.9226,2.193017888055368,4.018753606462444,0.8725999999999914,1
6269,2352,207.7875,2.193017888055368,4.018753606462444,0.6624999999999943,1
3231,4958,175.4996,1.749999999999973,3.4999999999998117,0.3995999999999924,1
2801,1303,158.03275,2.980046948356806,13.515845070422579,-0.5072499999999991,1
5880,2383,176.84275000000002,2.193017888055368,4.018753606462444,0.7427500000000009,1
5880,3532,204.99200000000002,2.193017888055368,4.018753606462444,0.9920000000000044,1
5880,6116,89.6052,2.193017888055368,4.018753606462444,0.19519999999999982,1
2308,2887,205.5795,2.193017888055368,4.018753606462444,1.0294999999999987,1
2834,2383,134.4204,2.193017888055368,4.018753606462444,0.8703999999999965,1
2330,2383,528.285,2.193017888055368,4.018753606462444,2.234999999999985,1
1319,1477,171.9401,1.749999999999973,3.4999999999998117,0.8400999999999996,1
2352,4958,162.2246,2.6328389830508536,8.9762711864407,0.3995999999999924,1
2352,3532,239.03075,2.193017888055368,4.018753606462444,0.2807499999999976,1
1326,2383,495.09299999999996,1.4751902346226717,3.9999999999997113,0.3429999999999893,1
1326,1477,639.077,1.749999999999973,3.4999999999998117,2.076999999999998,1
1326,6116,156.8715,2.086678832116794,6.2883211678832325,0.42149999999999466,1
2354,1477,912.4544000000001,1.4751902346226717,3.9999999999997113,1.954400000000021,1
2883,1477,318.043,1.2162849872773496,7.4631043256997405,0.7929999999999993,1
2883,3532,181.79649999999998,2.086678832116794,6.2883211678832325,0.3464999999999918,1
2379,2383,615.8125,1.4751902346226717,3.9999999999997113,3.4624999999999773,1
2379,4943,1762.596,2.086678832116794,6.2883211678832325,8.596000000000004,1
2379,4958,436.851,1.749999999999973,3.4999999999998117,1.0009999999999764,1
2383,4958,722.3507999999999,1.749999999999973,3.4999999999998117,3.800799999999981,1
2383,6505,488.52950000000004,1.1218344155846804,3.0000000000002496,3.629499999999993,1
1477,3532,796.1045,1.1218344155846804,3.0000000000002496,2.6045000000000016,1
1477,6116,185.69125,1.4751902346226717,3.9999999999997113,0.6912499999999966,1
