stock1,stock2,trade_capital,open,loss,reward,open_num
1605,2408,206.7406,2.980046948356806,13.515845070422579,0.4906000000000006,1
1101,6456,316.206,1.1218344155846804,3.0000000000002496,-1.593999999999994,1
1101,1909,96.92680000000001,1.1218344155846804,3.0000000000002496,-0.26820000000002864,1
6285,2408,598.0006000000001,1.749999999999973,3.4999999999998117,1.8006000000000313,1
5264,2308,587.8520000000001,1.749999999999973,3.4999999999998117,4.201999999999998,1
5264,1301,389.4282,1.2162849872773496,7.4631043256997405,0.428200000000011,1
5264,3045,757.6202999999999,1.749999999999973,3.4999999999998117,0.6202999999999577,1
3231,6456,220.0775,2.6328389830508536,8.9762711864407,1.352499999999992,1
3231,3443,382.3635,2.980046948356806,13.515845070422579,2.6134999999999877,1
9910,2882,427.5335,4.000000000000004,12.500000000000034,1.2334999999999923,1
2303,3026,212.91649999999998,3.2499999999999982,5.500000000000034,0.06649999999999068,1
2317,2885,144.9405,2.2499999999999822,7.500000000000021,0.2704999999999984,1
1314,2354,126.63000000000001,1.749999999999973,3.4999999999998117,0.09999999999999432,1
1314,2376,106.065,1.4751902346226717,3.9999999999997113,-0.3500000000000014,1
2354,2885,142.2405,2.2499999999999822,7.500000000000021,0.2704999999999984,1
6456,2439,537.9540000000001,1.4751902346226717,3.9999999999997113,2.1040000000000134,1
6456,1504,227.00400000000002,1.2162849872773496,7.4631043256997405,0.3540000000000134,1
2885,4938,134.2305,2.2499999999999822,7.500000000000021,0.3704999999999927,1
2885,2891,97.75585,2.2499999999999822,7.500000000000021,0.2058499999999981,1
2885,1909,95.53049999999999,2.2499999999999822,7.500000000000021,0.22050000000000125,1
2885,3034,209.9205,2.2499999999999822,7.500000000000021,0.7704999999999984,1
4938,2454,778.3299999999999,3.453852327447829,11.505617977528125,1.5299999999999727,1
1909,2439,246.89550000000003,2.6328389830508536,8.9762711864407,1.045500000000004,1
2439,3034,704.038,2.980046948356806,13.515845070422579,3.5880000000000223,1
