stock1,stock2,trade_capital,open,loss,reward,open_num
6176,2618,122.26500000000001,2.980046948356806,13.515845070422579,0.3999999999999986,1
2327,2880,967.205,2.086678832116794,6.2883211678832325,12.580000000000041,1
2327,2492,3485.94,1.749999999999973,3.4999999999998117,-22.49499999999989,1
2327,3045,1359.83,1.749999999999973,3.4999999999998117,10.830000000000041,1
2884,1504,117.99000000000001,2.980046948356806,13.515845070422579,0.04999999999999716,1
2880,2492,464.717,2.086678832116794,6.2883211678832325,1.0919999999999845,1
