stock1,stock2,trade_capital,open,loss,reward,open_num
3673,1314,168.647,2.6328389830508536,8.9762711864407,0.9470000000000027,1
1102,2303,125.5685,1.749999999999973,3.4999999999998117,-0.08149999999999835,1
1102,4958,332.23625000000004,2.086678832116794,6.2883211678832325,0.7962499999999864,1
3231,2383,310.23249999999996,1.4751902346226717,3.9999999999997113,-3.735500000000002,1
3231,2439,271.8,1.749999999999973,3.4999999999998117,1.5,1
9933,2439,407.02525,4.151949541284411,10.021788990825703,-0.22475000000000023,1
5880,1802,94.905,2.193017888055368,4.018753606462444,-0.4658999999999942,1
2327,2881,610.6855,3.2499999999999982,5.500000000000034,-1.9125000000000227,1
2344,2360,269.39300000000003,2.086678832116794,6.2883211678832325,-1.1069999999999993,1
2347,2383,277.65,2.980046948356806,13.515845070422579,-1.25,1
2347,2409,124.23844999999999,5.7367647058823605,13.470588235294136,-0.1415499999999792,1
2353,6116,35.4276,2.980046948356806,13.515845070422579,-0.03239999999999732,1
2352,2383,190.57500000000002,2.980046948356806,13.515845070422579,-1.5,1
2360,3045,653.4,1.749999999999973,3.4999999999998117,3.0,1
2883,3532,172.83875,1.749999999999973,3.4999999999998117,1.0887499999999974,1
3406,3045,751.95,1.749999999999973,3.4999999999998117,-5.995999999999981,1
