stock1,stock2,trade_capital,open,loss,reward,open_num
2610,2409,92.62020000000001,2.6328389830508536,8.9762711864407,0.24519999999999698,1
2049,2888,291.473,2.6328389830508536,8.9762711864407,1.8230000000000004,1
2049,2409,300.5565,2.6328389830508536,8.9762711864407,0.3064999999999998,1
2049,6505,834.45,1.1218344155846804,3.0000000000002496,-4.2999999999999545,1
1605,2409,57.6189,2.6328389830508536,8.9762711864407,0.2338999999999949,1
1605,6505,138.72,1.4751902346226717,3.9999999999997113,-0.9100000000000001,1
3702,2327,822.525,1.1218344155846804,3.0000000000002496,5.524999999999977,1
3702,2409,99.8115,2.6328389830508536,8.9762711864407,0.2564999999999955,1
6269,6505,690.5125,1.4751902346226717,3.9999999999997113,0.5925000000000011,1
3711,2888,124.703,2.6328389830508536,8.9762711864407,0.22299999999999187,1
3711,2409,130.0965,2.193017888055368,4.018753606462444,0.4065000000000083,1
3711,6505,663.8100000000001,1.1218344155846804,3.0000000000002496,-4.099999999999966,1
2301,4958,382.126,1.2162849872773496,7.4631043256997405,-3.733999999999952,1
2308,2379,559.317,1.1218344155846804,3.0000000000002496,-1.1829999999999927,1
2308,3406,859.16,1.1218344155846804,3.0000000000002496,-1.0900000000000318,1
2303,3443,341.7435,1.4751902346226717,3.9999999999997113,1.2434999999999974,1
2303,1477,234.29500000000002,1.749999999999973,3.4999999999998117,0.2950000000000017,1
2834,2474,373.725,2.086678832116794,6.2883211678832325,0.25,1
2327,2887,618.075,2.086678832116794,6.2883211678832325,2.25,1
2327,2888,664.999,1.1218344155846804,3.0000000000002496,-2.750999999999955,1
2327,2412,1154.0275000000001,2.6328389830508536,8.9762711864407,-5.972499999999968,1
2352,2409,101.29650000000001,2.6328389830508536,8.9762711864407,0.2564999999999955,1
2353,2883,64.5292,2.086678832116794,6.2883211678832325,0.11920000000000286,1
2353,2492,323.1,1.749999999999973,3.4999999999998117,5.5,1
2409,2412,164.50400000000002,1.1218344155846804,3.0000000000002496,0.17900000000000205,1
2409,3443,322.6065,1.1218344155846804,3.0000000000002496,0.3064999999999998,1
2409,2439,199.3065,1.749999999999973,3.4999999999998117,0.3064999999999998,1
4958,2408,135.7169,1.1218344155846804,3.0000000000002496,-1.2289999999999992,1
4958,2474,1230.3149999999998,1.1218344155846804,3.0000000000002496,0.31499999999991246,1
2912,6505,919.7325000000001,2.086678832116794,6.2883211678832325,3.232500000000016,1
2412,2474,895.306,2.6328389830508536,8.9762711864407,-5.19399999999996,1
