stock1,stock2,trade_capital,open,loss,reward,open_num
1536,1909,656.37775,4.752819548872187,15.016917293233117,-2.072249999999997,1
6239,1477,566.8195,2.6328389830508536,8.9762711864407,1.169499999999971,1
1102,1477,263.03225,3.2499999999999982,5.500000000000034,-0.6677500000000123,1
2610,1301,140.837,2.086678832116794,6.2883211678832325,0.39699999999999847,1
2610,6505,162.3375,1.4751902346226717,3.9999999999997113,0.4124999999999943,1
3231,1504,216.508,2.6328389830508536,8.9762711864407,0.5279999999999916,1
2231,2317,757.986,3.693027210884357,6.0739795918367605,-4.3805000000000405,1
1722,1476,467.17025,3.2499999999999982,5.500000000000034,2.17025000000001,1
5880,4915,149.24725,3.453852327447829,11.505617977528125,0.19724999999999682,1
5880,1476,358.248,3.2499999999999982,5.500000000000034,3.7480000000000047,1
2303,1314,67.84700000000001,2.6328389830508536,8.9762711864407,0.18200000000000038,1
2303,3034,184.99,2.980046948356806,13.515845070422579,0.5400000000000063,1
9945,5880,113.20224999999999,2.6328389830508536,8.9762711864407,-0.3027500000000103,1
1314,1476,341.04975,3.2499999999999982,5.500000000000034,2.799750000000003,1
2886,6505,224.4765,2.980046948356806,13.515845070422579,0.626499999999993,1
6505,1476,835.3125,1.749999999999973,3.4999999999998117,1.3125,1
6505,1477,439.1345,1.749999999999973,3.4999999999998117,2.5844999999999914,1
6505,3044,594.45,1.749999999999973,3.4999999999998117,5.5,1
