stock1,stock2,trade_capital,open,loss,reward,open_num
2610,2371,81.6147,3.453852327447829,11.505617977528125,-0.05530000000000257,1
2610,2439,236.7875,3.2499999999999982,5.500000000000034,-1.2124999999999986,1
2801,6414,546.75,1.749999999999973,3.4999999999998117,0.5,1
2880,2379,188.342,2.980046948356806,13.515845070422579,0.49200000000000443,1
2885,2383,170.0185,1.749999999999973,3.4999999999998117,0.9184999999999945,1
