stock1,stock2,trade_capital,open,loss,reward,open_num
5264,1314,186.18975,4.000000000000004,12.500000000000034,-1.0602500000000106,1
5264,2887,172.5555,1.749999999999973,3.4999999999998117,0.930499999999995,1
5264,3481,170.75549999999998,2.6328389830508536,8.9762711864407,0.680499999999995,1
6269,3231,226.7225,2.6328389830508536,8.9762711864407,0.39749999999999375,1
6269,3481,147.9204,2.086678832116794,6.2883211678832325,0.07039999999999935,1
1802,2454,1535.4797,3.453852327447829,11.505617977528125,-14.670299999999944,1
2324,2376,148.187,1.749999999999973,3.4999999999998117,0.18700000000001182,1
6505,3481,188.203,2.086678832116794,6.2883211678832325,0.6280000000000001,1
2448,3045,659.6152000000001,4.151949541284411,10.021788990825703,1.915200000000027,1
2449,2454,452.38875,4.000000000000004,12.500000000000034,-3.861249999999984,1
