stock1,stock2,trade_capital,open,loss,reward,open_num
1590,2308,832.7139999999999,2.086678832116794,6.2883211678832325,5.213999999999999,1
1590,2474,760.769,1.4751902346226717,3.9999999999997113,-7.371500000000026,1
3702,2344,99.76675,2.193017888055368,4.018753606462444,-0.5606499999999954,1
2317,2027,356.31960000000004,2.086678832116794,6.2883211678832325,1.2446000000000197,1
2324,2027,72.36000000000001,1.749999999999973,3.4999999999998117,0.29999999999999005,1
1314,1476,441.671,1.749999999999973,3.4999999999998117,-0.5790000000000148,1
1314,2002,55.922399999999996,2.6328389830508536,8.9762711864407,0.09740000000000393,1
2834,2408,199.61310000000003,1.1218344155846804,3.0000000000002496,0.31310000000003413,1
3406,2498,377.0085,2.086678832116794,6.2883211678832325,2.383499999999998,1
2408,3532,473.08849999999995,1.749999999999973,3.4999999999998117,2.1884999999999764,1
2474,1476,2850.9215,1.4751902346226717,3.9999999999997113,3.4214999999999236,1
1476,1504,473.82425,2.6328389830508536,8.9762711864407,1.5742500000000064,1
