stock1,stock2,trade_capital,open,loss,reward,open_num
6269,2492,846.8025,1.749999999999973,3.4999999999998117,-5.150499999999965,1
6269,3532,347.45799999999997,2.980046948356806,13.515845070422579,0.8580000000000041,1
6269,6116,138.32085,1.749999999999973,3.4999999999998117,0.8708499999999972,1
2313,2377,240.39475,1.749999999999973,3.4999999999998117,0.09474999999999056,1
2313,2492,470.29625,2.086678832116794,6.2883211678832325,0.7962499999999864,1
2439,2448,306.658,1.749999999999973,3.4999999999998117,-1.475750000000005,1
2492,3532,1023.182,1.749999999999973,3.4999999999998117,7.432000000000016,1
