stock1,stock2,trade_capital,open,loss,reward,open_num
1605,1314,28.476300000000002,2.086678832116794,6.2883211678832325,0.06129999999999747,1
1605,2360,246.793,2.086678832116794,6.2883211678832325,-2.507000000000005,1
1605,2376,143.325,2.980046948356806,13.515845070422579,-0.3499999999999943,1
1605,3481,28.725550000000002,1.749999999999973,3.4999999999998117,0.11054999999999815,1
3231,2231,537.13375,1.749999999999973,3.4999999999998117,-5.366250000000008,1
3231,2890,69.7256,2.086678832116794,6.2883211678832325,0.22560000000000002,1
9904,2317,244.485,6.071428571428564,16.47435897435901,-0.5,1
9904,2376,236.20780000000002,4.752819548872187,15.016917293233117,-0.7172000000000054,1
2317,3044,595.2090000000001,1.4751902346226717,3.9999999999997113,3.3090000000000117,1
2371,2890,75.02425,1.4751902346226717,3.9999999999997113,-0.6257499999999965,1
2886,2376,176.085,3.2499999999999982,5.500000000000034,0.5,1
2376,2890,114.89925,2.086678832116794,6.2883211678832325,-0.40075000000000216,1
4938,3044,604.35,2.086678832116794,6.2883211678832325,3.0,1
