stock1,stock2,trade_capital,open,loss,reward,open_num
1536,6269,580.252,1.749999999999973,3.4999999999998117,2.1019999999999754,1
2610,2377,146.774,1.749999999999973,3.4999999999998117,-1.5659000000000063,1
2105,2801,122.98500000000001,2.086678832116794,6.2883211678832325,0.45000000000000284,1
6269,9933,206.8775,1.749999999999973,3.4999999999998117,-0.022500000000007958,1
6269,2313,253.6705,2.6328389830508536,8.9762711864407,0.6504999999999939,1
6269,2330,834.9875,1.1218344155846804,3.0000000000002496,0.48750000000001137,1
6269,2385,623.076,1.749999999999973,3.4999999999998117,0.4560000000000173,1
2809,2330,440.62149999999997,2.6328389830508536,8.9762711864407,1.1214999999999975,1
2809,2409,222.5304,1.749999999999973,3.4999999999998117,0.33039999999999736,1
2313,2439,365.15125,1.749999999999973,3.4999999999998117,0.40125000000000455,1
2330,4904,605.6735,2.6328389830508536,8.9762711864407,-0.12650000000002137,1
2834,1326,354.456,1.4751902346226717,3.9999999999997113,2.1480000000000175,1
1326,3481,374.86800000000005,2.086678832116794,6.2883211678832325,1.8280000000000172,1
2356,3532,262.46025,1.749999999999973,3.4999999999998117,0.7102499999999878,1
2883,4943,299.24025,1.749999999999973,3.4999999999998117,0.5902499999999975,1
2885,3532,206.02100000000002,3.453852327447829,11.505617977528125,1.320999999999998,1
3443,2439,1190.7675,2.6328389830508536,8.9762711864407,5.36749999999995,1
2439,3532,666.4945,2.980046948356806,13.515845070422579,4.4944999999999595,1
