stock1,stock2,trade_capital,open,loss,reward,open_num
1605,9914,415.608,1.749999999999973,3.4999999999998117,1.233000000000004,1
2049,9914,701.1,2.980046948356806,13.515845070422579,5.5,1
9910,9914,1028.1660000000002,1.1218344155846804,3.0000000000002496,4.916000000000054,1
9910,3406,1293.188,1.749999999999973,3.4999999999998117,-16.046999999999912,1
9910,2439,472.541,1.1218344155846804,3.0000000000002496,1.940999999999974,1
1216,3406,495.1976,2.980046948356806,13.515845070422579,-4.302399999999977,1
9914,2344,154.38545,2.086678832116794,6.2883211678832325,0.5354500000000044,1
9914,2890,152.644,1.749999999999973,3.4999999999998117,0.5940000000000012,1
9914,3406,781.6479999999999,1.749999999999973,3.4999999999998117,3.6479999999999393,1
9914,3443,684.45,2.086678832116794,6.2883211678832325,5.5,1
9914,2449,161.39600000000002,2.086678832116794,6.2883211678832325,0.8109999999999999,1
2301,2344,219.73880000000003,1.1218344155846804,3.0000000000002496,0.03880000000002326,1
2301,3532,597.145,1.1218344155846804,3.0000000000002496,-6.80780000000005,1
2327,1477,1041.9904999999999,2.6328389830508536,8.9762711864407,3.4904999999999973,1
2337,1477,402.577,2.980046948356806,13.515845070422579,1.302000000000021,1
2882,3406,440.46500000000003,1.4751902346226717,3.9999999999997113,-5.875500000000017,1
2360,3532,687.4314999999999,1.1218344155846804,3.0000000000002496,-9.568500000000057,1
2885,2890,65.479,2.086678832116794,6.2883211678832325,-0.20599999999999952,1
4938,1477,358.646,2.980046948356806,13.515845070422579,0.646000000000015,1
3406,1477,663.2325,2.6328389830508536,8.9762711864407,2.582499999999982,1
3406,3532,419.528,1.2162849872773496,7.4631043256997405,-7.815499999999986,1
2890,3406,270.187,1.749999999999973,3.4999999999998117,0.4369999999999905,1
2890,3443,227.02500000000003,2.086678832116794,6.2883211678832325,1.25,1
2890,2492,207.376,1.749999999999973,3.4999999999998117,-0.8739999999999881,1
2890,3532,163.508,1.749999999999973,3.4999999999998117,-3.9919999999999973,1
2439,2449,211.07775,1.1218344155846804,3.0000000000002496,0.22775000000000034,1
2449,3532,162.02949999999998,1.749999999999973,3.4999999999998117,-1.5034000000000063,1
2492,3532,476.58299999999997,4.752819548872187,15.016917293233117,-10.483499999999992,1
1477,3532,1127.8125,1.749999999999973,3.4999999999998117,-8.577499999999986,1
