stock1,stock2,trade_capital,open,loss,reward,open_num
2615,5871,180.65550000000002,1.749999999999973,3.4999999999998117,-1.5677500000000038,1
1605,2379,571.795,2.086678832116794,6.2883211678832325,0.8700000000000045,1
5871,2882,455.105,4.000000000000004,12.500000000000034,3.8549999999999898,1
