stock1,stock2,trade_capital,open,loss,reward,open_num
1536,1319,290.32640000000004,3.453852327447829,11.505617977528125,0.5263999999999953,1
1102,2352,70.97935,2.980046948356806,13.515845070422579,0.1493499999999912,1
1326,2888,164.7185,2.6328389830508536,8.9762711864407,-2.0250000000000057,1
