stock1,stock2,trade_capital,open,loss,reward,open_num
2603,6456,203.46025,2.980046948356806,13.515845070422579,-4.439750000000004,1
3711,2345,620.5328,2.6328389830508536,8.9762711864407,2.7327999999999406,1
9904,2330,399.855,3.453852327447829,11.505617977528125,0.0049999999999954525,1
5880,2379,232.7995,1.749999999999973,3.4999999999998117,-0.20050000000000523,1
5880,2439,237.3785,1.749999999999973,3.4999999999998117,0.22849999999999682,1
2313,2834,77.83675,1.1218344155846804,3.0000000000002496,-0.10825000000000173,1
2308,1326,701.6650000000001,2.086678832116794,6.2883211678832325,-3.284999999999968,1
2308,3045,537.16,1.4751902346226717,3.9999999999997113,1.2099999999999795,1
2317,6505,797.85,1.4751902346226717,3.9999999999997113,4.0,1
2834,2347,67.2096,3.453852327447829,11.505617977528125,0.2545999999999893,1
2834,1477,177.525,1.749999999999973,3.4999999999998117,0.75,1
2344,2492,330.49649999999997,2.2499999999999822,7.500000000000021,0.7214999999999918,1
2345,2881,578.26,1.749999999999973,3.4999999999998117,-3.240000000000009,1
2345,3045,700.84,2.980046948356806,13.515845070422579,3.8400000000000034,1
2347,2360,320.85,3.693027210884357,6.0739795918367605,-3.3127500000000225,1
1326,2881,610.1120000000001,2.086678832116794,6.2883211678832325,-3.7280000000000086,1
1326,2379,735.7860000000001,1.4751902346226717,3.9999999999997113,-6.71399999999997,1
1326,6505,584.822,2.086678832116794,6.2883211678832325,-1.9279999999999973,1
1326,2439,756.2245,1.4751902346226717,3.9999999999997113,-6.775499999999965,1
6456,3045,622.8,1.749999999999973,3.4999999999998117,3.0,1
6505,3045,659.017,1.749999999999973,3.4999999999998117,1.0170000000000385,1
