stock1,stock2,trade_capital,open,loss,reward,open_num
2105,6505,253.26,1.4751902346226717,3.9999999999997113,2.0,1
2049,6505,871.9725,2.086678832116794,6.2883211678832325,0.7224999999999682,1
2049,1504,381.6,1.749999999999973,3.4999999999998117,-4.013750000000016,1
1101,6505,545.0085,2.086678832116794,6.2883211678832325,0.4334999999999809,1
1303,1319,201.52,4.000000000000004,12.500000000000034,0.044999999999987494,1
1303,2344,164.51999999999998,3.2499999999999982,5.500000000000034,-0.6480999999999995,1
1319,4958,186.3365,2.6328389830508536,8.9762711864407,-0.6085000000000349,1
1319,3443,508.45500000000004,1.4751902346226717,3.9999999999997113,-0.6949999999999932,1
1319,3026,406.89975000000004,2.980046948356806,13.515845070422579,6.34975,1
2353,6505,349.014,2.6328389830508536,8.9762711864407,0.5389999999999873,1
2344,3443,403.9755,3.453852327447829,11.505617977528125,2.8004999999999995,1
4938,3481,117.17340000000002,1.749999999999973,3.4999999999998117,0.24840000000000373,1
2382,3481,103.61420000000001,2.086678832116794,6.2883211678832325,0.289200000000001,1
6505,3443,873.7725,2.193017888055368,4.018753606462444,1.7224999999999682,1
6505,3481,168.3195,2.086678832116794,6.2883211678832325,0.39449999999999363,1
6505,2474,801.9780000000001,1.749999999999973,3.4999999999998117,0.5779999999999745,1
6505,3532,723.4725,2.086678832116794,6.2883211678832325,1.2224999999999682,1
6505,3026,787.3725,2.086678832116794,6.2883211678832325,1.2224999999999682,1
3481,3532,198.2295,2.086678832116794,6.2883211678832325,-0.19550000000000978,1
