stock1,stock2,trade_capital,open,loss,reward,open_num
1590,2888,362.7,1.4751902346226717,3.9999999999997113,-5.25,1
1590,3532,920.7194999999999,1.1218344155846804,3.0000000000002496,1.4694999999999823,1
1605,2353,40.99055,3.453852327447829,11.505617977528125,-0.06944999999999979,1
1605,2888,73.832,1.749999999999973,3.4999999999998117,0.23199999999999932,1
5264,2353,173.51500000000001,1.749999999999973,3.4999999999998117,-0.6099999999999994,1
5264,2888,118.832,1.749999999999973,3.4999999999998117,0.33200000000000074,1
9933,2888,99.6006,1.749999999999973,3.4999999999998117,0.4005999999999972,1
2327,2409,1130.8065,1.749999999999973,3.4999999999998117,5.0565,1
2330,2888,262.8095,2.086678832116794,6.2883211678832325,-1.390500000000003,1
2881,2888,99.20179999999999,1.749999999999973,3.4999999999998117,-0.29820000000000135,1
2883,2376,109.125,1.749999999999973,3.4999999999998117,0.25,1
2888,2892,51.724199999999996,1.749999999999973,3.4999999999998117,0.09919999999999263,1
