stock1,stock2,trade_capital,open,loss,reward,open_num
6176,3682,112.98849999999999,1.4751902346226717,3.9999999999997113,0.6485000000000127,1
6176,9938,462.80740000000003,0.7288428324698772,4.0090056748083995,1.7074000000000211,1
6176,1301,363.2355,1.749999999999973,3.4999999999998117,-2.004499999999979,1
6176,2327,735.7860000000001,1.1218344155846804,3.0000000000002496,-0.7139999999999986,1
6176,6505,667.5912000000001,1.749999999999973,3.4999999999998117,2.6912000000000376,1
2603,2303,99.2167,2.980046948356806,13.515845070422579,0.341700000000003,1
2603,3532,544.362,1.1218344155846804,3.0000000000002496,2.612000000000009,1
3682,9904,84.7285,1.749999999999973,3.4999999999998117,0.24849999999999994,1
3682,9938,168.2485,1.749999999999973,3.4999999999998117,-0.6514999999999986,1
3682,5880,35.6194,2.6328389830508536,8.9762711864407,0.0893999999999977,1
3682,1319,101.55850000000001,2.6328389830508536,8.9762711864407,-0.5015000000000001,1
3682,6505,157.8985,1.749999999999973,3.4999999999998117,0.5985000000000014,1
3682,2492,142.5985,1.749999999999973,3.4999999999998117,-0.15149999999999864,1
3682,2498,113.9785,1.749999999999973,3.4999999999998117,0.14849999999999852,1
3682,3532,152.0485,1.749999999999973,3.4999999999998117,1.5985000000000014,1
3231,2888,110.52000000000001,2.086678832116794,6.2883211678832325,0.39999999999997726,1
9938,6505,369.887,1.4751902346226717,3.9999999999997113,0.38700000000000045,1
5880,2883,43.7565,2.6328389830508536,8.9762711864407,0.04650000000000354,1
2383,2498,583.9429,1.1218344155846804,3.0000000000002496,1.0429000000000315,1
1402,2492,222.841,2.6328389830508536,8.9762711864407,1.4410000000000025,1
