stock1,stock2,trade_capital,open,loss,reward,open_num
6176,3702,359.1117,2.980046948356806,13.515845070422579,-1.2982999999999407,1
6176,3711,256.298,2.980046948356806,13.515845070422579,-1.1219999999999573,1
6176,9945,94.79755,2.980046948356806,13.515845070422579,0.24754999999999683,1
6176,2371,97.2402,2.980046948356806,13.515845070422579,-0.059799999999995634,1
6176,2888,121.1585,2.086678832116794,6.2883211678832325,-0.6314999999999884,1
6176,2890,116.33275,1.749999999999973,3.4999999999998117,0.28275000000000006,1
6176,2439,468.75350000000003,2.6328389830508536,8.9762711864407,1.5035000000000025,1
6176,3532,408.435,2.980046948356806,13.515845070422579,-0.3149999999999977,1
6176,3026,466.26099999999997,2.980046948356806,13.515845070422579,2.0109999999999957,1
3711,2337,125.46000000000001,2.6328389830508536,8.9762711864407,-1.4210854715202004e-14,1
2204,2448,159.6215,3.453852327447829,11.505617977528125,-0.08849999999998914,1
2353,2439,276.41375000000005,2.193017888055368,4.018753606462444,1.3637500000000102,1
2888,2890,98.4042,2.6328389830508536,8.9762711864407,0.3042000000000016,1
3406,2439,990.826,1.1218344155846804,3.0000000000002496,-9.08400000000006,1
2439,3481,205.3775,2.086678832116794,6.2883211678832325,0.5775000000000006,1
