stock1,stock2,trade_capital,open,loss,reward,open_num
2603,6269,177.52300000000002,1.749999999999973,3.4999999999998117,-1.3057500000000033,1
2603,1314,43.9677,1.4751902346226717,3.9999999999997113,0.11769999999999925,1
2615,2474,429.707,1.749999999999973,3.4999999999998117,-2.0430000000000064,1
2610,2887,71.86500000000001,2.086678832116794,6.2883211678832325,0.5,1
3673,2345,596.34,1.1218344155846804,3.0000000000002496,6.300000000000011,1
3673,4958,348.2861,2.980046948356806,13.515845070422579,1.2861000000000047,1
6269,1314,179.45999999999998,1.4751902346226717,3.9999999999997113,-2.0400000000000063,1
1301,3034,392.631,2.6328389830508536,8.9762711864407,1.6310000000000002,1
1314,3443,347.4545,2.6328389830508536,8.9762711864407,0.7045000000000101,1
1314,2474,412.2595,2.6328389830508536,8.9762711864407,1.759500000000017,1
2345,2891,196.7895,2.980046948356806,13.515845070422579,1.1894999999999953,1
2345,3481,171.23475,1.1218344155846804,3.0000000000002496,-1.7652500000000089,1
2345,3034,712.265,1.1218344155846804,3.0000000000002496,5.264999999999986,1
2887,3034,171.9,1.749999999999973,3.4999999999998117,-0.822250000000011,1
2882,2891,151.15949999999998,4.000000000000004,12.500000000000034,0.18949999999999534,1
