stock1,stock2,trade_capital,open,loss,reward,open_num
2603,6269,158.92180000000002,1.749999999999973,3.4999999999998117,-0.12819999999999254,1
2603,2354,136.3896,1.749999999999973,3.4999999999998117,-0.8104000000000013,1
2603,2885,108.91725,3.453852327447829,11.505617977528125,0.4172499999999957,1
2603,4958,133.73875,1.749999999999973,3.4999999999998117,0.3787499999999966,1
2603,2409,76.993,1.4751902346226717,3.9999999999997113,0.05799999999999983,1
2603,1909,90.41300000000001,1.749999999999973,3.4999999999998117,0.4230000000000018,1
2603,2454,392.56875,1.749999999999973,3.4999999999998117,-0.18124999999997726,1
1536,2603,194.12875000000003,1.749999999999973,3.4999999999998117,0.2787500000000023,1
2105,2885,106.155,2.6328389830508536,8.9762711864407,0.19999999999999574,1
2105,2448,301.16100000000006,2.193017888055368,4.018753606462444,-1.457749999999976,1
1605,2448,153.27,2.193017888055368,4.018753606462444,-1.0592500000000058,1
1605,3019,104.66499999999999,1.2162849872773496,7.4631043256997405,0.4750000000000085,1
5264,2409,123.838,2.086678832116794,6.2883211678832325,0.5579999999999998,1
5871,2885,176.96249999999998,2.6328389830508536,8.9762711864407,-0.08750000000000568,1
2308,2352,195.97500000000002,2.086678832116794,6.2883211678832325,0.75,1
2303,2884,99.882,2.6328389830508536,8.9762711864407,-1.0567499999999939,1
2303,2454,399.797,2.6328389830508536,8.9762711864407,-2.9529999999999745,1
2885,2439,193.95,2.6328389830508536,8.9762711864407,0.25,1
