stock1,stock2,trade_capital,open,loss,reward,open_num
2610,2887,22.20219,2.980046948356806,13.515845070422579,0.062189999999997525,1
2603,1605,67.08500000000001,1.749999999999973,3.4999999999998117,-0.45730000000000004,1
2603,1314,96.77805000000001,2.086678832116794,6.2883211678832325,-0.22194999999999254,1
2603,2881,106.9973,1.749999999999973,3.4999999999998117,-0.6894500000000079,1
1605,2812,69.37325,2.086678832116794,6.2883211678832325,-0.4067500000000024,1
1605,3443,328.671,2.6328389830508536,8.9762711864407,-0.22900000000001342,1
3682,9910,214.01,2.6328389830508536,8.9762711864407,-0.005000000000009663,1
3682,5871,132.256,1.749999999999973,3.4999999999998117,0.2910000000000039,1
3682,2812,71.394,2.086678832116794,6.2883211678832325,0.1740000000000066,1
3706,1477,271.1645,1.749999999999973,3.4999999999998117,1.7895000000000039,1
6269,2812,133.0661,2.086678832116794,6.2883211678832325,0.29110000000000014,1
6269,2834,134.567,2.086678832116794,6.2883211678832325,-0.25799999999999557,1
9910,5871,370.082,1.4751902346226717,3.9999999999997113,1.882000000000005,1
9910,2812,231.9685,2.086678832116794,6.2883211678832325,0.6935000000000002,1
9910,2834,219.03650000000002,2.086678832116794,6.2883211678832325,1.586500000000001,1
9910,2888,222.02750000000003,1.749999999999973,3.4999999999998117,0.5775000000000006,1
9910,2890,232.7715,1.4751902346226717,3.9999999999997113,-0.30350000000001387,1
5871,1314,160.046,1.749999999999973,3.4999999999998117,0.5460000000000065,1
5871,2887,167.49099999999999,2.980046948356806,13.515845070422579,0.1910000000000025,1
5871,2382,285.571,1.749999999999973,3.4999999999998117,0.9910000000000139,1
2812,3045,145.9745,1.749999999999973,3.4999999999998117,-0.32550000000000523,1
2834,2888,21.1723,2.086678832116794,6.2883211678832325,0.06730000000000125,1
1301,1326,847.1835,3.453852327447829,11.505617977528125,0.4334999999999809,1
1314,2880,62.209050000000005,2.6328389830508536,8.9762711864407,0.3090500000000045,1
1314,2890,62.33435,1.4751902346226717,3.9999999999997113,0.15935000000000166,1
