stock1,stock2,trade_capital,open,loss,reward,open_num
1216,2371,142.87009999999998,2.980046948356806,13.515845070422579,-1.529900000000012,1
2371,2883,65.4198,2.980046948356806,13.515845070422579,0.13479999999999492,1
3481,2492,163.0095,2.193017888055368,4.018753606462444,-0.7404999999999973,1
