stock1,stock2,trade_capital,open,loss,reward,open_num
3231,2360,261.2335,2.6328389830508536,8.9762711864407,1.2835000000000036,1
9945,1301,459.969,3.453852327447829,11.505617977528125,2.468999999999994,1
2303,1301,121.38475,3.453852327447829,11.505617977528125,0.2347500000000018,1
2823,1301,295.064,2.980046948356806,13.515845070422579,0.06399999999999295,1
2313,3045,434.025,2.086678832116794,6.2883211678832325,1.75,1
2330,2492,1338.0400000000002,2.086678832116794,6.2883211678832325,2.6400000000001,1
2474,2492,558.933,1.4751902346226717,3.9999999999997113,-4.744499999999988,1
2448,3045,242.55149999999998,2.086678832116794,6.2883211678832325,0.5715000000000003,1
