stock1,stock2,trade_capital,open,loss,reward,open_num
2610,1909,83.04975,1.749999999999973,3.4999999999998117,0.044749999999993406,1
3231,2881,221.57999999999998,3.453852327447829,11.505617977528125,0.9000000000000057,1
2308,2915,400.794,3.2499999999999982,5.500000000000034,0.7939999999999827,1
2327,3406,2936.25,1.749999999999973,3.4999999999998117,-42.19000000000011,1
2881,2439,282.14639999999997,2.6328389830508536,8.9762711864407,-1.3536000000000286,1
2915,2439,361.15999999999997,3.693027210884357,6.0739795918367605,-1.5900000000000034,1
