stock1,stock2,trade_capital,open,loss,reward,open_num
2610,6269,152.18449999999999,2.980046948356806,13.515845070422579,0.12449999999999051,1
1536,6269,463.1065,3.453852327447829,11.505617977528125,1.6065000000000111,1
1536,2890,180.87675,2.086678832116794,6.2883211678832325,0.576749999999997,1
2603,3044,150.511,2.980046948356806,13.515845070422579,0.7860000000000014,1
2618,2337,96.12325,2.193017888055368,4.018753606462444,0.22325000000000017,1
2618,2891,79.2088,2.6328389830508536,8.9762711864407,0.06879999999999598,1
5264,3231,170.18475,2.6328389830508536,8.9762711864407,0.6147500000000008,1
5264,2867,144.67125,1.749999999999973,3.4999999999998117,0.24124999999999375,1
5264,2377,610.896,1.1218344155846804,3.0000000000002496,1.0459999999999923,1
5264,2915,236.13629999999995,6.071428571428564,16.47435897435901,-3.5311000000000234,1
5264,2454,719.405,2.193017888055368,4.018753606462444,-3.7262999999999806,1
6269,3231,207.84949999999998,2.980046948356806,13.515845070422579,0.6744999999999948,1
6269,2301,395.996,2.980046948356806,13.515845070422579,1.5960000000000036,1
6269,2303,161.8131,6.071428571428564,16.47435897435901,0.7131000000000043,1
6269,2330,784.1405,1.749999999999973,3.4999999999998117,-1.859499999999997,1
6269,2344,608.04,2.086678832116794,6.2883211678832325,-2.0200000000000102,1
6269,2352,313.549,2.980046948356806,13.515845070422579,0.8489999999999895,1
6269,2377,636.2724999999999,2.086678832116794,6.2883211678832325,-7.4440000000000595,1
6269,4958,730.35,2.086678832116794,6.2883211678832325,-2.2199999999999704,1
6269,3026,710.765,2.6328389830508536,8.9762711864407,5.365000000000009,1
2303,3026,273.42725,3.2499999999999982,5.500000000000034,-3.322749999999999,1
2337,2542,349.70975,2.980046948356806,13.515845070422579,0.4397499999999752,1
2353,2454,384.1825,3.453852327447829,11.505617977528125,-2.0674999999999955,1
2377,2454,911.943,1.749999999999973,3.4999999999998117,-4.7734999999999985,1
4958,3034,739.1835,2.2499999999999822,7.500000000000021,1.433499999999981,1
3026,3034,827.4465,1.1218344155846804,3.0000000000002496,-8.69100000000006,1
