stock1,stock2,trade_capital,open,loss,reward,open_num
2049,3481,263.697,2.086678832116794,6.2883211678832325,-2.1529999999999987,1
1590,3481,375.3705,1.749999999999973,3.4999999999998117,5.370500000000014,1
3231,2834,36.269999999999996,2.2499999999999822,7.500000000000021,0.1999999999999993,1
5880,3481,36.4585,1.749999999999973,3.4999999999998117,0.08850000000000335,1
2327,2337,443.9525,1.4751902346226717,3.9999999999997113,1.677500000000009,1
2327,2888,403.6465,1.749999999999973,3.4999999999998117,1.1714999999999804,1
2327,1504,433.841,1.1218344155846804,3.0000000000002496,-3.830500000000029,1
2834,2383,129.5103,1.749999999999973,3.4999999999998117,-0.039699999999996294,1
2834,2498,86.355,2.980046948356806,13.515845070422579,0.44999999999999574,1
2330,2337,296.5575,2.086678832116794,6.2883211678832325,0.707499999999996,1
2330,3481,250.197,2.086678832116794,6.2883211678832325,0.3470000000000013,1
2337,2353,71.4518,2.193017888055368,4.018753606462444,0.2417999999999907,1
2845,2337,63.135000000000005,1.1218344155846804,3.0000000000002496,-0.1999999999999993,1
2845,2382,149.0515,2.980046948356806,13.515845070422579,0.051499999999997215,1
2353,2356,96.5762,2.086678832116794,6.2883211678832325,-0.23380000000000223,1
2881,3481,98.65315000000001,1.749999999999973,3.4999999999998117,-0.34684999999999633,1
2890,3481,19.574399999999997,1.4751902346226717,3.9999999999997113,-0.03059999999999974,1
4958,1477,534.33,1.4751902346226717,3.9999999999997113,3.0999999999999943,1
1402,3481,76.632,1.4751902346226717,3.9999999999997113,-0.4029999999999987,1
3481,2498,89.682,1.749999999999973,3.4999999999998117,-0.5030000000000001,1
