stock1,stock2,trade_capital,open,loss,reward,open_num
3702,2352,135.50365,3.693027210884357,6.0739795918367605,-0.7378500000000017,1
2231,2303,373.875,2.086678832116794,6.2883211678832325,0.8749999999999858,1
2231,2884,393.56575000000004,2.086678832116794,6.2883211678832325,0.8157500000000226,1
2231,1477,855.426,1.2162849872773496,7.4631043256997405,-4.573999999999955,1
2801,1909,94.2654,2.086678832116794,6.2883211678832325,-0.3695999999999984,1
2303,2439,234.18,2.193017888055368,4.018753606462444,-2.519999999999996,1
2303,3034,232.82999999999998,1.749999999999973,3.4999999999998117,-0.269999999999996,1
2317,2352,172.485,3.693027210884357,6.0739795918367605,-0.7245000000000061,1
2345,2352,188.775,3.693027210884357,6.0739795918367605,-0.8785000000000025,1
2345,2884,202.52225,2.086678832116794,6.2883211678832325,0.6722500000000053,1
2352,2449,117.85675,2.980046948356806,13.515845070422579,-0.36824999999999974,1
2880,1477,210.3895,1.749999999999973,3.4999999999998117,0.4695000000000107,1
2884,6116,35.325,3.2499999999999982,5.500000000000034,0.010000000000001563,1
2883,2377,153.9115,1.4751902346226717,3.9999999999997113,-0.06350000000000477,1
2883,3443,324.675,1.4751902346226717,3.9999999999997113,-2.25,1
2883,1909,73.30405,1.749999999999973,3.4999999999998117,-0.02095000000000269,1
2883,2542,97.38159999999999,2.086678832116794,6.2883211678832325,-0.5934000000000026,1
2379,1477,507.15,2.086678832116794,6.2883211678832325,1.0,1
2379,3034,792.5245,2.086678832116794,6.2883211678832325,-5.975500000000011,1
2379,6116,168.6689,3.453852327447829,11.505617977528125,0.9188999999999936,1
2439,3034,1370.415,1.1218344155846804,3.0000000000002496,4.615000000000009,1
3481,3034,193.95000000000002,1.4751902346226717,3.9999999999997113,-1.3942499999999924,1
