stock1,stock2,trade_capital,open,loss,reward,open_num
1536,2883,190.57500000000002,2.980046948356806,13.515845070422579,1.5,1
1536,1504,259.93625000000003,1.749999999999973,3.4999999999998117,0.886250000000004,1
2610,2618,58.4179,2.086678832116794,6.2883211678832325,0.15789999999999438,1
2610,2330,251.55,1.749999999999973,3.4999999999998117,0.75,1
2231,1326,850.5,1.4751902346226717,3.9999999999997113,-2.0,1
2231,2409,392.625,0.7288428324698772,4.0090056748083995,-5.0,1
2883,2498,111.57675,2.6328389830508536,8.9762711864407,0.12674999999999415,1
