stock1,stock2,trade_capital,open,loss,reward,open_num
1536,2492,1235.5965,1.749999999999973,3.4999999999998117,4.096499999999992,1
1536,3532,392.647,2.086678832116794,6.2883211678832325,2.046999999999997,1
2603,3532,208.5485,2.193017888055368,4.018753606462444,0.29849999999999,1
6285,2883,131.5043,2.086678832116794,6.2883211678832325,0.004300000000000637,1
1216,1314,141.38850000000002,2.193017888055368,4.018753606462444,0.48850000000000193,1
1216,3481,118.935,1.4751902346226717,3.9999999999997113,0.3499999999999943,1
9933,2883,106.92824999999999,2.086678832116794,6.2883211678832325,0.32824999999999704,1
2812,2882,101.44800000000001,1.4751902346226717,3.9999999999997113,0.08800000000000097,1
2812,2409,99.918,2.086678832116794,6.2883211678832325,0.08800000000000097,1
2330,2883,320.037,2.086678832116794,6.2883211678832325,0.03699999999999193,1
1314,3406,358.2885,1.749999999999973,3.4999999999998117,0.7884999999999991,1
1314,3481,56.770700000000005,1.4751902346226717,3.9999999999997113,0.16569999999999396,1
1314,2492,259.73850000000004,1.749999999999973,3.4999999999998117,0.7884999999999991,1
2356,2883,81.37825,2.086678832116794,6.2883211678832325,0.12824999999999775,1
2356,2376,68.265,2.6328389830508536,8.9762711864407,0.25,1
2356,2408,150.39000000000001,2.6328389830508536,8.9762711864407,-0.30000000000000426,1
2356,3532,256.27500000000003,1.749999999999973,3.4999999999998117,-1.1034999999999968,1
2881,2883,109.67,2.086678832116794,6.2883211678832325,0.37000000000000455,1
2883,2376,106.03095,2.086678832116794,6.2883211678832325,0.08095000000000141,1
2883,3406,376.3675,2.6328389830508536,8.9762711864407,-0.632499999999979,1
2883,2408,116.2502,2.980046948356806,13.515845070422579,-0.049799999999997624,1
2883,3044,141.0755,2.980046948356806,13.515845070422579,0.3755000000000024,1
2408,3481,106.94740000000002,1.1218344155846804,3.0000000000002496,0.0724000000000018,1
2409,2492,268.4655,1.1218344155846804,3.0000000000002496,-1.0757500000000064,1
2409,2027,109.4184,2.086678832116794,6.2883211678832325,-0.806599999999996,1
3406,2492,1920.82,2.086678832116794,6.2883211678832325,5.319999999999936,1
3481,2492,258.7905,1.4751902346226717,3.9999999999997113,-0.38450000000000273,1
3481,3532,197.9735,1.2162849872773496,7.4631043256997405,0.29849999999999,1
3481,2027,94.545,1.2162849872773496,7.4631043256997405,0.5500000000000043,1
