stock1,stock2,trade_capital,open,loss,reward,open_num
5871,1301,593.42,2.2499999999999822,7.500000000000021,2.6700000000000017,1
5871,3443,479.987,1.4751902346226717,3.9999999999997113,-0.16300000000001091,1
9945,1301,485.01,1.4751902346226717,3.9999999999997113,-0.45000000000000284,1
9945,2892,141.42444999999998,2.086678832116794,6.2883211678832325,0.1744499999999931,1
2303,6456,274.5965,2.980046948356806,13.515845070422579,-1.5035000000000025,1
1301,2352,399.67075,2.086678832116794,6.2883211678832325,-0.07925000000000182,1
1301,6456,694.6155,1.2162849872773496,7.4631043256997405,0.8654999999999973,1
1301,2886,423.34950000000003,2.086678832116794,6.2883211678832325,-0.6504999999999939,1
1301,2454,807.775,2.193017888055368,4.018753606462444,3.5249999999999773,1
1326,2892,209.58350000000002,2.6328389830508536,8.9762711864407,0.6834999999999951,1
2357,6505,690.3,4.000000000000004,12.500000000000034,5.5,1
6456,2376,575.1435,1.2162849872773496,7.4631043256997405,-0.1564999999999941,1
6456,3443,2146.212,1.2162849872773496,7.4631043256997405,4.961999999999989,1
2882,3443,481.0864,1.1218344155846804,3.0000000000002496,1.2363999999999749,1
2884,6505,219.22075,2.980046948356806,13.515845070422579,0.9207499999999982,1
2376,4943,736.2845,1.1218344155846804,3.0000000000002496,0.28449999999998,1
2376,2439,522.0435,1.1218344155846804,3.0000000000002496,0.3435000000000059,1
2886,6505,181.89,4.151949541284411,10.021788990825703,1.450000000000017,1
2888,2439,197.0215,2.086678832116794,6.2883211678832325,-0.42849999999999966,1
2888,2474,405.2805,1.749999999999973,3.4999999999998117,-1.9694999999999965,1
2888,2498,113.0515,2.086678832116794,6.2883211678832325,-0.32850000000000534,1
2439,3019,911.858,1.4751902346226717,3.9999999999997113,1.6580000000000155,1
3443,2454,2267.334,1.749999999999973,3.4999999999998117,-14.721000000000117,1
3443,3019,1635.492,1.749999999999973,3.4999999999998117,-9.335500000000081,1
