stock1,stock2,trade_capital,open,loss,reward,open_num
6176,2801,139.815,2.6328389830508536,8.9762711864407,0.5,1
3673,2454,447.893,3.453852327447829,11.505617977528125,0.7129999999999939,1
9904,2371,218.06205,4.000000000000004,12.500000000000034,-1.6379500000000036,1
2801,2303,48.76050000000001,2.980046948356806,13.515845070422579,0.15050000000000452,1
2881,3481,60.35355,2.6328389830508536,8.9762711864407,0.16355000000000075,1
2371,2454,433.763,2.980046948356806,13.515845070422579,0.7629999999999768,1
