stock1,stock2,trade_capital,open,loss,reward,open_num
2618,5264,148.005,2.086678832116794,6.2883211678832325,-1.6398999999999972,1
2618,2882,161.505,3.693027210884357,6.0739795918367605,-0.7875999999999976,1
2618,2886,88.965,2.086678832116794,6.2883211678832325,-0.10000000000000142,1
2618,2439,213.075,2.086678832116794,6.2883211678832325,-0.5,1
2618,3532,190.125,2.086678832116794,6.2883211678832325,-3.3755000000000024,1
2105,2890,93.9527,2.980046948356806,13.515845070422579,0.3027000000000015,1
1605,2492,171.09675000000001,1.4751902346226717,3.9999999999997113,0.336749999999995,1
1605,3019,181.336,1.4751902346226717,3.9999999999997113,0.2360000000000042,1
5264,2891,186.12969999999999,4.000000000000004,12.500000000000034,1.0296999999999912,1
6269,5264,850.6164,2.6328389830508536,8.9762711864407,2.2164000000000215,1
6269,2492,289.2201,2.6328389830508536,8.9762711864407,1.1200999999999937,1
5880,3443,410.0935,2.6328389830508536,8.9762711864407,-3.506500000000017,1
2880,3443,375.07500000000005,1.749999999999973,3.4999999999998117,4.25,1
2882,2412,433.8,3.453852327447829,11.505617977528125,1.5,1
2882,3443,567.7040000000001,2.6328389830508536,8.9762711864407,-7.495999999999981,1
2360,2439,1377.615,2.6328389830508536,8.9762711864407,5.115000000000009,1
2379,3443,736.5025,1.749999999999973,3.4999999999998117,-5.347500000000025,1
2439,3019,1101.64,1.749999999999973,3.4999999999998117,2.9400000000000546,1
2449,3532,279.476,1.749999999999973,3.4999999999998117,0.5260000000000105,1
