stock1,stock2,trade_capital,open,loss,reward,open_num
2049,9933,482.30150000000003,2.086678832116794,6.2883211678832325,1.501499999999993,1
2049,1314,296.1,1.2162849872773496,7.4631043256997405,-2.25,1
2313,3026,240.4905,2.086678832116794,6.2883211678832325,-1.6595000000000084,1
2313,3034,238.5,1.749999999999973,3.4999999999998117,-1.7919999999999874,1
1314,2379,187.875,1.4751902346226717,3.9999999999997113,0.25,1
2867,3026,208.911,2.086678832116794,6.2883211678832325,0.33600000000001273,1
2379,2542,492.52625,1.749999999999973,3.4999999999998117,1.5262500000000045,1
