stock1,stock2,trade_capital,open,loss,reward,open_num
2105,5871,434.23375,2.980046948356806,13.515845070422579,0.5337499999999977,1
2603,2313,101.61895,1.749999999999973,3.4999999999998117,0.34394999999999953,1
2603,4938,141.02564999999998,1.749999999999973,3.4999999999998117,0.17565000000000452,1
2603,2409,71.13595,1.749999999999973,3.4999999999998117,0.035949999999989046,1
2603,2439,212.17725000000002,1.749999999999973,3.4999999999998117,0.2772499999999951,1
2317,1326,519.2375999999999,2.086678832116794,6.2883211678832325,-2.862400000000008,1
2347,6505,151.785,1.749999999999973,3.4999999999998117,0.5,1
2379,1504,553.562,1.4751902346226717,3.9999999999997113,-3.3380000000000223,1
4938,3532,470.84349999999995,2.086678832116794,6.2883211678832325,0.9934999999999832,1
3406,3481,540.1155,2.980046948356806,13.515845070422579,0.3155000000000001,1
1402,3481,119.5403,1.749999999999973,3.4999999999998117,0.24030000000000484,1
2409,2498,126.619,1.4751902346226717,3.9999999999997113,-0.13099999999999312,1
6505,3532,685.35,1.2162849872773496,7.4631043256997405,2.5,1
