stock1,stock2,trade_capital,open,loss,reward,open_num
2606,3045,578.115,2.086678832116794,6.2883211678832325,2.5,1
2618,5880,116.69925,2.980046948356806,13.515845070422579,0.4992500000000035,1
2618,2886,66.3909,2.086678832116794,6.2883211678832325,0.06590000000000273,1
2618,2891,127.46685000000002,2.086678832116794,6.2883211678832325,0.3168500000000023,1
2610,2330,293.9725,1.749999999999973,3.4999999999998117,-1.650749999999995,1
1605,2344,130.56125,2.086678832116794,6.2883211678832325,0.32125000000000625,1
1102,3231,139.83425,1.4751902346226717,3.9999999999997113,-1.145749999999996,1
6269,3019,694.144,2.086678832116794,6.2883211678832325,2.8940000000000055,1
2308,2344,192.39600000000002,2.193017888055368,4.018753606462444,-1.0453499999999991,1
2308,2345,355.7715,2.193017888055368,4.018753606462444,1.1714999999999947,1
2308,2883,182.53750000000002,1.4751902346226717,3.9999999999997113,-0.16249999999999432,1
2308,3019,364.812,2.6328389830508536,8.9762711864407,-0.6279999999999717,1
2327,3019,636.3975,1.749999999999973,3.4999999999998117,-4.194400000000087,1
2330,3045,725.5225,1.4751902346226717,3.9999999999997113,1.772500000000008,1
1326,2880,193.91649999999998,1.749999999999973,3.4999999999998117,-0.5835000000000008,1
2360,2883,209.4565,1.1218344155846804,3.0000000000002496,-0.2435000000000116,1
2360,2886,269.43475,2.193017888055368,4.018753606462444,-1.6072499999999934,1
2886,3481,131.55585000000002,2.2499999999999822,7.500000000000021,0.18085000000000662,1
2892,4943,348.65375,2.6328389830508536,8.9762711864407,2.9537499999999994,1
4943,2002,368.64225,2.980046948356806,13.515845070422579,2.392250000000004,1
