stock1,stock2,trade_capital,open,loss,reward,open_num
6239,2345,281.61,1.1218344155846804,3.0000000000002496,1.200000000000017,1
9910,1314,189.976,2.086678832116794,6.2883211678832325,-1.149000000000001,1
9910,3532,390.824,1.1218344155846804,3.0000000000002496,0.32399999999999807,1
2313,2345,421.47,2.086678832116794,6.2883211678832325,-1.1000000000000227,1
1314,2344,111.81119999999999,1.4751902346226717,3.9999999999997113,0.3861999999999881,1
2885,2912,353.48,2.086678832116794,6.2883211678832325,-1.1200000000000045,1
2885,3034,184.5,2.086678832116794,6.2883211678832325,-0.25,1
