stock1,stock2,trade_capital,open,loss,reward,open_num
2610,3706,53.05500000000001,1.749999999999973,3.4999999999998117,0.19999999999999218,1
1101,2492,343.4665,3.693027210884357,6.0739795918367605,0.7164999999999964,1
6239,2888,95.84008,2.6328389830508536,8.9762711864407,-0.6099200000000025,1
6239,1504,367.78700000000003,1.749999999999973,3.4999999999998117,-2.498499999999993,1
3706,2492,278.9815,3.453852327447829,11.505617977528125,1.5064999999999884,1
6285,6505,696.2550000000001,2.086678832116794,6.2883211678832325,1.035000000000025,1
6285,1477,658.6200000000001,1.2162849872773496,7.4631043256997405,4.0,1
3231,2801,91.72399999999999,2.980046948356806,13.515845070422579,-0.07600000000000762,1
3231,5880,36.3905,2.086678832116794,6.2883211678832325,-0.1095000000000006,1
9904,6505,262.4595,1.749999999999973,3.4999999999998117,0.5095000000000027,1
2330,1434,385.875,4.000000000000004,12.500000000000034,-1.1750000000000114,1
2383,2492,387.586,1.749999999999973,3.4999999999998117,-2.1858999999999753,1
4958,2492,695.9190000000001,2.980046948356806,13.515845070422579,1.5190000000000055,1
