stock1,stock2,trade_capital,open,loss,reward,open_num
1605,2395,225.2207,2.193017888055368,4.018753606462444,0.7706999999999979,1
1605,2439,270.43625,7.837962962962951,12.745370370370392,-0.5637500000000131,1
3711,2883,120.06000000000002,1.749999999999973,3.4999999999998117,0.25,1
9914,2409,202.74300000000002,2.086678832116794,6.2883211678832325,-0.18199999999998795,1
2883,3044,136.9881,1.749999999999973,3.4999999999998117,-0.6619000000000028,1
