stock1,stock2,trade_capital,open,loss,reward,open_num
2603,2303,101.78999999999999,2.6328389830508536,8.9762711864407,0.34999999999999787,1
3702,2301,232.0019,2.6328389830508536,8.9762711864407,-0.14809999999999945,1
1229,2303,152.078,2.6328389830508536,8.9762711864407,0.3780000000000001,1
2303,3026,237.60000000000002,2.980046948356806,13.515845070422579,1.75,1
2834,3026,215.38125000000002,1.749999999999973,3.4999999999998117,0.08124999999999716,1
1314,2474,392.84999999999997,1.749999999999973,3.4999999999998117,3.177000000000021,1
2915,3532,407.073,1.749999999999973,3.4999999999998117,-3.7555000000000263,1
