stock1,stock2,trade_capital,open,loss,reward,open_num
1590,5871,759.4095,1.749999999999973,3.4999999999998117,3.059500000000014,1
2618,2867,90.87655,1.749999999999973,3.4999999999998117,0.0765499999999939,1
5871,1326,587.9365,1.749999999999973,3.4999999999998117,-4.918500000000023,1
5871,2383,383.78200000000004,2.086678832116794,6.2883211678832325,2.182000000000002,1
2344,1326,132.20999999999998,1.749999999999973,3.4999999999998117,-0.5403999999999982,1
1326,2377,283.52909999999997,1.749999999999973,3.4999999999998117,-2.2128999999999905,1
2356,3019,208.50425,3.693027210884357,6.0739795918367605,0.6542500000000047,1
6456,2888,224.20875,2.193017888055368,4.018753606462444,1.0587499999999963,1
6456,3019,537.3,1.1218344155846804,3.0000000000002496,1.0,1
6456,3532,1105.29,2.980046948356806,13.515845070422579,-1.6599999999999682,1
2886,2888,86.50874999999999,1.1218344155846804,3.0000000000002496,0.058749999999996305,1
2886,2409,85.9485,2.086678832116794,6.2883211678832325,-0.026499999999998636,1
2383,2409,162.7175,2.086678832116794,6.2883211678832325,0.44249999999999545,1
