stock1,stock2,trade_capital,open,loss,reward,open_num
2603,2409,94.4159,2.193017888055368,4.018753606462444,0.1659000000000006,1
3682,2881,63.93062,2.980046948356806,13.515845070422579,-1.0477799999999995,1
3682,2409,97.24737999999999,2.2499999999999822,7.500000000000021,-0.8526200000000017,1
9904,2377,289.872,2.6328389830508536,8.9762711864407,1.3719999999999999,1
