stock1,stock2,trade_capital,open,loss,reward,open_num
2618,1402,80.11035,2.980046948356806,13.515845070422579,0.17034999999999556,1
2371,4943,360.4655,2.6328389830508536,8.9762711864407,-0.42149999999999466,1
2377,2379,569.7,0.7288428324698772,4.0090056748083995,-3.0,1
2377,3532,940.538,2.086678832116794,6.2883211678832325,5.788000000000011,1
2915,2449,202.64325,3.453852327447829,11.505617977528125,0.14325000000000188,1
2408,1402,213.62175000000002,4.000000000000004,12.500000000000034,-0.34824999999999307,1
