stock1,stock2,trade_capital,open,loss,reward,open_num
2603,2301,92.82069999999999,1.749999999999973,3.4999999999998117,0.3206999999999951,1
2603,2308,179.70925,1.749999999999973,3.4999999999998117,-0.040750000000009834,1
2603,2834,91.31925,1.4751902346226717,3.9999999999997113,0.2992500000000007,1
2603,2327,341.97675000000004,2.980046948356806,13.515845070422579,0.326749999999997,1
2603,6456,144.78675,2.6328389830508536,8.9762711864407,-1.923250000000003,1
2603,2912,361.32675,1.749999999999973,3.4999999999998117,0.326749999999997,1
2603,3481,66.72921,1.749999999999973,3.4999999999998117,0.29920999999999687,1
2633,5880,77.81519999999999,1.749999999999973,3.4999999999998117,-0.3927000000000085,1
2633,2912,469.1095,1.749999999999973,3.4999999999998117,-3.200499999999977,1
3231,2385,106.3398,2.980046948356806,13.515845070422579,0.4397999999999982,1
2303,2308,171.1155,2.193017888055368,4.018753606462444,-1.5474999999999994,1
2303,2356,105.8655,1.749999999999973,3.4999999999998117,0.41550000000000153,1
2303,2385,102.1524,1.4751902346226717,3.9999999999997113,0.35240000000000293,1
2327,2002,435.689,1.1218344155846804,3.0000000000002496,-0.8109999999999928,1
1314,6456,146.75869999999998,2.086678832116794,6.2883211678832325,0.6586999999999819,1
2883,2383,101.34645,2.980046948356806,13.515845070422579,-0.24354999999999194,1
2385,3532,351.63,1.2162849872773496,7.4631043256997405,1.3999999999999915,1
2409,2448,87.2556,1.749999999999973,3.4999999999998117,0.24559999999999604,1
