stock1,stock2,trade_capital,open,loss,reward,open_num
2610,3034,165.6805,3.453852327447829,11.505617977528125,-0.6694999999999993,1
2618,2360,202.928,2.193017888055368,4.018753606462444,1.0280000000000058,1
2618,6456,222.27800000000002,2.6328389830508536,8.9762711864407,1.0280000000000058,1
2603,2360,197.325,1.4751902346226717,3.9999999999997113,0.25,1
2603,6456,217.125,1.749999999999973,3.4999999999998117,-2.4684999999999917,1
2603,3045,175.3525,2.086678832116794,6.2883211678832325,-0.5725000000000051,1
9904,2887,102.27300000000001,1.749999999999973,3.4999999999998117,0.043000000000006366,1
1722,2353,100.697,3.453852327447829,11.505617977528125,-0.0030000000000001137,1
1722,4915,264.35455,3.453852327447829,11.505617977528125,-0.4454499999999797,1
1722,2371,175.5717,3.693027210884357,6.0739795918367605,-0.8283000000000058,1
2823,1504,139.689,2.6328389830508536,8.9762711864407,0.14900000000000446,1
2330,2887,281.39375,1.749999999999973,3.4999999999998117,0.04375000000000284,1
2345,2887,160.79375,1.749999999999973,3.4999999999998117,0.5437500000000028,1
2345,3034,710.861,1.2162849872773496,7.4631043256997405,0.8609999999999616,1
4915,2887,135.05375,1.749999999999973,3.4999999999998117,-0.5562500000000057,1
4915,2498,374.27380000000005,1.749999999999973,3.4999999999998117,-0.126199999999983,1
2353,2887,90.50375,1.749999999999973,3.4999999999998117,-0.2562499999999943,1
2353,6505,336.44100000000003,2.086678832116794,6.2883211678832325,1.0660000000000025,1
2353,2454,367.425,2.086678832116794,6.2883211678832325,-3.218750000000014,1
2885,6505,167.70275,3.2499999999999982,5.500000000000034,-1.7832499999999953,1
4938,6505,293.286,1.1218344155846804,3.0000000000002496,0.21600000000000819,1
4938,3481,131.7054,3.453852327447829,11.505617977528125,0.9304000000000059,1
2891,3034,212.5395,2.086678832116794,6.2883211678832325,0.6894999999999953,1
