stock1,stock2,trade_capital,open,loss,reward,open_num
2049,2327,2312.3325,0.7288428324698772,4.0090056748083995,-23.667500000000018,1
2610,2412,144.0,2.6328389830508536,8.9762711864407,0.75,1
6505,2492,973.7355,2.086678832116794,6.2883211678832325,0.23550000000000182,1
