stock1,stock2,trade_capital,open,loss,reward,open_num
2049,1314,352.46950000000004,1.4751902346226717,3.9999999999997113,0.11950000000001637,1
2327,2371,1057.56775,1.1218344155846804,3.0000000000002496,-16.93225000000001,1
2327,2888,841.2275,1.749999999999973,3.4999999999998117,2.0775000000000006,1
2371,2492,569.03775,1.4751902346226717,3.9999999999997113,-12.962250000000012,1
6456,2888,231.9275,1.749999999999973,3.4999999999998117,0.5775000000000006,1
6456,2454,989.55,1.4751902346226717,3.9999999999997113,-10.77600000000001,1
2454,2492,1264.95,1.2162849872773496,7.4631043256997405,7.0,1
