stock1,stock2,trade_capital,open,loss,reward,open_num
1536,1722,548.8485,1.1218344155846804,3.0000000000002496,1.5484999999999616,1
1536,1326,936.183,2.980046948356806,13.515845070422579,2.682999999999936,1
2633,3443,397.158,1.749999999999973,3.4999999999998117,1.4080000000000013,1
1605,6285,167.85775,1.4751902346226717,3.9999999999997113,0.2977499999999935,1
1605,3443,405.27700000000004,2.086678832116794,6.2883211678832325,0.05200000000002092,1
1605,3019,194.04775,1.2162849872773496,7.4631043256997405,0.6977499999999992,1
6269,3443,664.7505,3.453852327447829,11.505617977528125,0.7504999999999882,1
6269,2439,499.5255,2.193017888055368,4.018753606462444,1.6455000000000268,1
2823,2890,75.06,1.749999999999973,3.4999999999998117,0.3000000000000007,1
2317,2345,522.428,3.453852327447829,11.505617977528125,-0.7720000000000198,1
2330,2382,490.71950000000004,2.6328389830508536,8.9762711864407,0.26949999999999363,1
1326,1909,626.2348,1.749999999999973,3.4999999999998117,4.584800000000001,1
1326,3019,582.3,1.749999999999973,3.4999999999998117,5.0,1
2890,3443,361.57849999999996,1.749999999999973,3.4999999999998117,0.5534999999999854,1
2888,2890,58.93915,1.749999999999973,3.4999999999998117,0.264149999999999,1
4943,3532,1545.8485,1.749999999999973,3.4999999999998117,3.348500000000058,1
3443,1909,438.3,1.4751902346226717,3.9999999999997113,2.0,1
3019,3045,650.044,1.1218344155846804,3.0000000000002496,-4.456000000000046,1
