stock1,stock2,trade_capital,open,loss,reward,open_num
1536,3443,674.4280000000001,1.1218344155846804,3.0000000000002496,-5.198999999999998,1
1536,2448,220.828,1.749999999999973,3.4999999999998117,0.5280000000000058,1
2603,1326,254.2065,1.749999999999973,3.4999999999998117,1.0564999999999998,1
2603,2409,73.08475,1.4751902346226717,3.9999999999997113,0.16474999999999618,1
2618,1326,158.758,1.749999999999973,3.4999999999998117,0.5080000000000027,1
2610,2383,117.76499999999999,1.749999999999973,3.4999999999998117,-1.389550000000007,1
3231,2337,73.9131,2.980046948356806,13.515845070422579,0.07810000000000628,1
2344,2890,55.49775,1.749999999999973,3.4999999999998117,0.007749999999997925,1
2344,2409,63.110099999999996,1.4751902346226717,3.9999999999997113,0.06009999999999316,1
2356,2890,49.3743,2.086678832116794,6.2883211678832325,0.13429999999999964,1
1326,2492,675.56,2.086678832116794,6.2883211678832325,2.909999999999968,1
2890,2439,167.19625000000002,2.086678832116794,6.2883211678832325,0.5962499999999977,1
2890,2492,195.3,2.086678832116794,6.2883211678832325,0.25,1
