stock1,stock2,trade_capital,open,loss,reward,open_num
1722,2383,481.15525,2.086678832116794,6.2883211678832325,2.9052499999999952,1
1722,2610,93.53105,4.000000000000004,12.500000000000034,0.3810500000000019,1
1605,2385,243.31785000000002,1.749999999999973,3.4999999999998117,-1.6321499999999958,1
1605,2474,397.7565,1.749999999999973,3.4999999999998117,-2.4170999999999765,1
1605,4938,193.0238,2.6328389830508536,8.9762711864407,-0.3862000000000023,1
2049,2886,444.1635,3.453852327447829,11.505617977528125,0.16349999999998488,1
2377,2379,642.51,1.1218344155846804,3.0000000000002496,2.6999999999999886,1
2383,2439,628.6085,1.749999999999973,3.4999999999998117,2.6085000000000207,1
2383,3532,523.425,1.749999999999973,3.4999999999998117,1.9250000000000114,1
3231,4938,208.81879999999998,3.453852327447829,11.505617977528125,-0.3861999999999739,1
3532,5880,176.34550000000002,2.086678832116794,6.2883211678832325,0.44549999999999557,1
