stock1,stock2,trade_capital,open,loss,reward,open_num
6176,3682,94.79939999999999,1.749999999999973,3.4999999999998117,0.12939999999999685,1
1536,2633,254.3515,2.6328389830508536,8.9762711864407,0.05150000000000432,1
1536,9921,526.4159999999999,1.4751902346226717,3.9999999999997113,-5.584000000000032,1
1536,5880,228.7015,2.6328389830508536,8.9762711864407,0.5515000000000043,1
1536,2890,199.00150000000002,1.749999999999973,3.4999999999998117,-0.19849999999999568,1
1536,3481,200.8015,2.086678832116794,6.2883211678832325,-1.1984999999999957,1
2606,2327,1129.901,1.4751902346226717,3.9999999999997113,-25.946999999999946,1
2606,1909,177.7148,1.749999999999973,3.4999999999998117,0.5147999999999975,1
2633,1326,219.2975,3.2499999999999982,5.500000000000034,0.6474999999999937,1
2633,2884,174.79250000000002,2.980046948356806,13.515845070422579,0.39749999999999375,1
2633,3481,76.96515,2.980046948356806,13.515845070422579,0.04514999999999958,1
1102,2474,339.165,1.1218344155846804,3.0000000000002496,1.4499999999999957,1
9904,5880,120.29875,1.749999999999973,3.4999999999998117,-0.0662500000000037,1
9910,3019,572.0,2.6328389830508536,8.9762711864407,5.900000000000006,1
9921,2327,1538.078,1.1218344155846804,3.0000000000002496,-27.812000000000012,1
9921,2377,673.1804999999999,1.4751902346226717,3.9999999999997113,2.680499999999995,1
9921,3532,701.595,1.1218344155846804,3.0000000000002496,2.594999999999999,1
2823,1326,262.41775,3.2499999999999982,5.500000000000034,0.7677500000000066,1
2823,2451,206.4436,2.980046948356806,13.515845070422579,0.21359999999999957,1
2303,2890,73.5786,1.749999999999973,3.4999999999998117,0.078599999999998,1
2303,3443,355.23,2.193017888055368,4.018753606462444,4.730000000000004,1
2303,3019,179.34924999999998,2.086678832116794,6.2883211678832325,0.8292500000000018,1
1301,2474,1122.3000000000002,1.1218344155846804,3.0000000000002496,5.5,1
2327,3045,1482.286,2.086678832116794,6.2883211678832325,-27.464000000000055,1
2890,2451,136.9881,2.6328389830508536,8.9762711864407,-0.06189999999999429,1
2377,3532,326.39200000000005,1.4751902346226717,3.9999999999997113,1.592000000000013,1
