stock1,stock2,trade_capital,open,loss,reward,open_num
2308,2408,864.0002000000001,2.980046948356806,13.515845070422579,-0.09979999999995925,1
2377,2379,218.25,2.6328389830508536,8.9762711864407,-1.0,1
2377,3443,813.6,1.1218344155846804,3.0000000000002496,-8.195499999999981,1
2888,3019,140.445,2.086678832116794,6.2883211678832325,0.4000000000000057,1
