stock1,stock2,trade_capital,open,loss,reward,open_num
1101,2383,243.30360000000002,1.749999999999973,3.4999999999998117,0.5535999999999888,1
2618,6239,158.565,2.6328389830508536,8.9762711864407,0.2750000000000057,1
2618,2383,169.72500000000002,2.086678832116794,6.2883211678832325,0.7750000000000057,1
2618,6505,179.175,2.6328389830508536,8.9762711864407,-0.22499999999999432,1
2618,2474,395.17500000000007,2.6328389830508536,8.9762711864407,0.2750000000000057,1
2618,3044,178.46300000000002,2.980046948356806,13.515845070422579,-4.536999999999992,1
2105,2618,119.775,2.980046948356806,13.515845070422579,0.2750000000000057,1
2105,2883,97.59174999999999,2.980046948356806,13.515845070422579,-0.558250000000001,1
1303,2883,133.54815,2.980046948356806,13.515845070422579,-1.4018500000000031,1
2327,2354,773.693,2.6328389830508536,8.9762711864407,-0.257000000000005,1
2354,2883,123.87174999999999,2.980046948356806,13.515845070422579,-0.758250000000011,1
2883,2887,80.5484,3.453852327447829,11.505617977528125,0.3733999999999966,1
2883,2379,161.49175,2.6328389830508536,8.9762711864407,0.5917499999999976,1
2883,2383,147.99175,2.980046948356806,13.515845070422579,0.5917499999999976,1
2883,4943,365.51800000000003,1.1218344155846804,3.0000000000002496,1.2930000000000064,1
2883,4958,115.41175,2.980046948356806,13.515845070422579,-0.9582499999999996,1
2890,1402,75.85675,1.1218344155846804,3.0000000000002496,-0.45825000000000315,1
2890,2454,370.13624999999996,1.2162849872773496,7.4631043256997405,-0.8637500000000315,1
2887,3019,173.79500000000002,2.086678832116794,6.2883211678832325,0.4200000000000017,1
6505,3019,743.01,2.086678832116794,6.2883211678832325,5.509999999999991,1
2474,3019,1508.2,2.086678832116794,6.2883211678832325,4.850000000000023,1
