stock1,stock2,trade_capital,open,loss,reward,open_num
1605,2801,104.53545,2.086678832116794,6.2883211678832325,0.035449999999993764,1
1605,3008,3258.196,1.1218344155846804,3.0000000000002496,-20.304000000000215,1
2106,3034,291.48199999999997,2.980046948356806,13.515845070422579,0.6069999999999993,1
9904,2823,160.36745,2.980046948356806,13.515845070422579,-0.9325500000000062,1
9904,2356,120.91585,3.453852327447829,11.505617977528125,-0.16415000000000646,1
1229,2409,77.6663,2.6328389830508536,8.9762711864407,0.016300000000008197,1
5880,3443,357.52500000000003,2.980046948356806,13.515845070422579,1.75,1
1303,6456,488.6468,3.453852327447829,11.505617977528125,-4.303200000000004,1
2353,3443,371.1282,1.749999999999973,3.4999999999998117,1.6281999999999925,1
2337,2354,570.519,2.6328389830508536,8.9762711864407,-6.260999999999996,1
2337,2376,415.26,4.000000000000004,12.500000000000034,-6.0,1
2337,3034,176.957,1.749999999999973,3.4999999999998117,0.4069999999999965,1
2409,3532,172.5005,2.086678832116794,6.2883211678832325,0.5504999999999995,1
1402,3008,3337.5,2.6328389830508536,8.9762711864407,-34.42500000000018,1
