stock1,stock2,trade_capital,open,loss,reward,open_num
2606,2834,84.75269999999999,2.6328389830508536,8.9762711864407,-0.15130000000000976,1
2801,2888,36.22839999999999,2.086678832116794,6.2883211678832325,0.19839999999999947,1
2834,2888,37.33378,1.749999999999973,3.4999999999998117,0.11378000000000554,1
2353,2474,369.18,3.693027210884357,6.0739795918367605,1.5,1
2883,2888,20.15805,1.749999999999973,3.4999999999998117,0.06805000000000128,1
2888,2382,110.1122,2.086678832116794,6.2883211678832325,0.21219999999999573,1
2888,3532,165.84449999999998,1.4751902346226717,3.9999999999997113,1.8944999999999936,1
2888,3034,155.7,2.086678832116794,6.2883211678832325,0.75,1
2439,3532,950.6445,1.1218344155846804,3.0000000000002496,4.644499999999994,1
