stock1,stock2,trade_capital,open,loss,reward,open_num
6269,6456,390.9895,1.749999999999973,3.4999999999998117,0.8894999999999982,1
6269,2383,516.1469,1.4751902346226717,3.9999999999997113,0.24690000000001078,1
2308,6456,311.06399999999996,1.749999999999973,3.4999999999998117,-0.43600000000000705,1
2327,1314,774.1854999999999,2.086678832116794,6.2883211678832325,-29.22650000000006,1
2327,2385,997.6500000000001,2.6328389830508536,8.9762711864407,-53.17549999999994,1
