stock1,stock2,trade_capital,open,loss,reward,open_num
2049,1301,864.3885,1.749999999999973,3.4999999999998117,4.388500000000022,1
2049,1314,397.50725,2.6328389830508536,8.9762711864407,-8.033250000000024,1
2049,6456,682.2,2.6328389830508536,8.9762711864407,-9.751499999999965,1
2049,3532,1730.6525000000001,2.193017888055368,4.018753606462444,5.302500000000009,1
2105,2812,135.7068,2.980046948356806,13.515845070422579,0.18179999999999552,1
2603,6456,254.265,2.6328389830508536,8.9762711864407,-1.5307500000000118,1
2603,2474,394.8905,2.6328389830508536,8.9762711864407,2.2404999999999973,1
2201,2884,57.465,3.453852327447829,11.505617977528125,0.24999999999999645,1
2812,2337,90.5427,1.749999999999973,3.4999999999998117,0.11769999999999925,1
2812,1314,58.14,1.749999999999973,3.4999999999998117,0.45000000000000107,1
2812,2881,97.0232,2.086678832116794,6.2883211678832325,0.19819999999999993,1
2812,2884,46.935,1.749999999999973,3.4999999999998117,0.3999999999999986,1
2303,1314,92.8682,1.749999999999973,3.4999999999998117,0.24320000000000164,1
2303,3481,65.745,1.4751902346226717,3.9999999999997113,0.1999999999999993,1
2327,3481,1017.225,1.749999999999973,3.4999999999998117,0.25,1
1301,6456,745.756,1.4751902346226717,3.9999999999997113,-4.744000000000028,1
2356,2492,463.1355,2.086678832116794,6.2883211678832325,-9.730499999999992,1
2357,6505,1263.8025,2.6328389830508536,8.9762711864407,3.0025000000000546,1
6456,2382,433.365,2.6328389830508536,8.9762711864407,0.41499999999999204,1
6456,2449,319.065,2.086678832116794,6.2883211678832325,0.41499999999999204,1
6456,3481,244.14,3.2499999999999982,5.500000000000034,0.16499999999999204,1
2880,3019,161.37,3.693027210884357,6.0739795918367605,-0.5999999999999943,1
2884,3019,177.57,2.6328389830508536,8.9762711864407,0.4000000000000057,1
2492,3532,1073.2025,1.4751902346226717,3.9999999999997113,2.302500000000009,1
