stock1,stock2,trade_capital,open,loss,reward,open_num
2603,9921,188.7365,1.1218344155846804,3.0000000000002496,0.6115000000000066,1
2603,4938,311.26779999999997,2.980046948356806,13.515845070422579,-0.607200000000006,1
2603,3532,193.223,1.749999999999973,3.4999999999998117,1.5980000000000132,1
3711,2801,149.53825,1.749999999999973,3.4999999999998117,-0.5117500000000064,1
3711,3481,118.0168,2.086678832116794,6.2883211678832325,0.19180000000000064,1
2801,2823,98.275,3.453852327447829,11.505617977528125,-0.40999999999999304,1
2801,2317,159.95749999999998,2.6328389830508536,8.9762711864407,0.08750000000000568,1
2801,2330,280.2875,2.6328389830508536,8.9762711864407,-0.26250000000000284,1
2801,2882,134.3075,3.453852327447829,11.505617977528125,-0.4624999999999986,1
2801,2376,146.6375,2.086678832116794,6.2883211678832325,-1.2625000000000028,1
2801,3406,507.9875,2.086678832116794,6.2883211678832325,-8.762500000000003,1
2308,2330,684.605,1.4751902346226717,3.9999999999997113,-3.1450000000000102,1
2308,3406,935.8489999999999,1.4751902346226717,3.9999999999997113,-3.9010000000000105,1
2308,3532,603.848,1.4751902346226717,3.9999999999997113,-2.401999999999987,1
5880,4938,142.2104,2.980046948356806,13.515845070422579,0.010400000000004184,1
2317,2376,617.8292,3.453852327447829,11.505617977528125,1.3292000000000144,1
2317,2379,626.3792000000001,2.980046948356806,13.515845070422579,1.7292000000000485,1
2317,2409,138.357,2.086678832116794,6.2883211678832325,0.20700000000000784,1
2317,2015,238.50760000000002,1.4751902346226717,3.9999999999997113,-0.34240000000001203,1
2353,1504,85.3821,2.980046948356806,13.515845070422579,0.27710000000001145,1
2354,2379,247.2108,2.980046948356806,13.515845070422579,0.4608000000000061,1
2882,3532,321.87800000000004,1.749999999999973,3.4999999999998117,0.7980000000000302,1
2376,3532,429.19950000000006,1.749999999999973,3.4999999999998117,0.5995000000000061,1
2890,3406,514.9225,1.4751902346226717,3.9999999999997113,0.09750000000002501,1
3406,2448,608.2345,2.6328389830508536,8.9762711864407,-1.5655000000000143,1
3406,2492,1724.2975000000001,1.4751902346226717,3.9999999999997113,-14.506500000000017,1
3406,3532,817.3485000000001,1.1218344155846804,3.0000000000002496,2.79849999999999,1
