stock1,stock2,trade_capital,open,loss,reward,open_num
2049,2344,296.334,2.980046948356806,13.515845070422579,-7.445000000000007,1
6269,2492,1001.6116,1.4751902346226717,3.9999999999997113,5.311600000000055,1
1722,3443,499.84450000000004,2.6328389830508536,8.9762711864407,-5.809999999999974,1
2801,2382,117.1828,3.2499999999999982,5.500000000000034,0.38280000000000314,1
2303,2379,204.66700000000003,2.980046948356806,13.515845070422579,1.842000000000013,1
2344,4943,296.334,4.752819548872187,15.016917293233117,-3.965999999999994,1
2344,3026,213.4015,1.1218344155846804,3.0000000000002496,0.5515000000000043,1
2885,2376,120.59200000000001,2.6328389830508536,8.9762711864407,-0.8279999999999887,1
2408,2449,150.88225,1.4751902346226717,3.9999999999997113,-1.0705499999999972,1
