stock1,stock2,trade_capital,open,loss,reward,open_num
1590,2448,426.00350000000003,1.749999999999973,3.4999999999998117,0.5035000000000025,1
2603,1101,94.35695000000001,1.749999999999973,3.4999999999998117,0.1819500000000076,1
2603,2327,586.526,1.749999999999973,3.4999999999998117,3.4009999999999536,1
2603,2492,307.366,1.749999999999973,3.4999999999998117,2.2409999999999854,1
2201,2834,58.095,1.4751902346226717,3.9999999999997113,0.20000000000000284,1
9933,2492,471.39099999999996,3.453852327447829,11.505617977528125,1.4909999999999854,1
9933,3026,372.9615,3.453852327447829,11.505617977528125,0.7864999999999895,1
2823,2327,662.929,2.6328389830508536,8.9762711864407,2.6539999999999964,1
2823,2492,384.76599999999996,2.6328389830508536,8.9762711864407,1.2409999999999854,1
1301,2383,297.308,2.086678832116794,6.2883211678832325,0.32800000000000296,1
2327,6505,1643.558,1.749999999999973,3.4999999999998117,-11.134500000000003,1
2327,2448,695.4075,1.4751902346226717,3.9999999999997113,0.6574999999999989,1
2383,4958,376.07620000000003,1.749999999999973,3.4999999999998117,-2.400000000000034,1
2383,2492,474.991,2.6328389830508536,8.9762711864407,-2.2590000000000146,1
4958,2492,848.8910000000001,1.4751902346226717,3.9999999999997113,-5.66700000000003,1
2448,2492,415.749,1.4751902346226717,3.9999999999997113,-0.5010000000000048,1
2492,3026,1449.723,2.6328389830508536,8.9762711864407,-2.2770000000000437,1
