stock1,stock2,trade_capital,open,loss,reward,open_num
2603,2317,126.59975,2.980046948356806,13.515845070422579,-0.4202500000000029,1
2603,2344,57.36879999999999,2.980046948356806,13.515845070422579,-0.13620000000000587,1
2049,2324,296.868,2.6328389830508536,8.9762711864407,2.5929999999999893,1
2049,2344,278.321,1.4751902346226717,3.9999999999997113,-2.1049999999999898,1
1536,6285,324.48749999999995,1.749999999999973,3.4999999999998117,-2.236799999999974,1
1536,2887,189.2175,2.086678832116794,6.2883211678832325,0.11749999999999261,1
1536,2439,246.8525,1.749999999999973,3.4999999999998117,1.602499999999992,1
1605,2888,62.69945,2.6328389830508536,8.9762711864407,0.14945000000000164,1
1605,2439,206.70550000000003,1.1218344155846804,3.0000000000002496,0.6055000000000064,1
1722,1314,94.55975000000001,2.2499999999999822,7.500000000000021,0.12974999999999426,1
2317,1314,126.68975,1.749999999999973,3.4999999999998117,-1.0021500000000074,1
2317,2888,123.56630000000001,2.6328389830508536,8.9762711864407,0.3663000000000096,1
2337,2360,203.86425,1.4751902346226717,3.9999999999997113,0.9642499999999927,1
1314,2383,119.57974999999999,2.086678832116794,6.2883211678832325,0.0797499999999971,1
1314,2454,262.22975,2.086678832116794,6.2883211678832325,0.5797499999999971,1
2344,3008,3280.835,1.749999999999973,3.4999999999998117,-20.39025000000005,1
2344,3532,172.639,1.1218344155846804,3.0000000000002496,0.16400000000000148,1
2360,2887,184.731,3.453852327447829,11.505617977528125,1.6310000000000002,1
6456,3481,152.79025000000001,2.086678832116794,6.2883211678832325,0.7902500000000003,1
2887,3532,173.764,2.086678832116794,6.2883211678832325,0.6640000000000015,1
2439,3008,3549.0275,1.4751902346226717,3.9999999999997113,33.02750000000003,1
2409,2439,191.17475000000002,2.6328389830508536,8.9762711864407,1.6747500000000102,1
