stock1,stock2,trade_capital,open,loss,reward,open_num
2618,2344,96.0111,1.749999999999973,3.4999999999998117,0.011099999999999,1
2618,2353,99.3012,2.086678832116794,6.2883211678832325,0.20120000000000005,1
2618,2408,179.45999999999998,1.749999999999973,3.4999999999998117,0.7099999999999937,1
9945,1326,267.3,2.980046948356806,13.515845070422579,-1.5,1
9945,2408,262.39250000000004,2.980046948356806,13.515845070422579,0.6924999999999955,1
1314,2353,89.23675,2.086678832116794,6.2883211678832325,0.09675000000000011,1
1314,2354,141.42444999999998,2.086678832116794,6.2883211678832325,0.1744499999999931,1
2353,3481,65.60770000000001,1.749999999999973,3.4999999999998117,0.22769999999999868,1
6456,2408,740.2729999999999,1.1218344155846804,3.0000000000002496,2.3729999999999905,1
