stock1,stock2,trade_capital,open,loss,reward,open_num
3406,6116,276.31855,0.7288428324698772,4.0090056748083995,-14.681450000000005,1
