stock1,stock2,trade_capital,open,loss,reward,open_num
2049,2377,459.61699999999996,1.1218344155846804,3.0000000000002496,1.8169999999999789,1
