stock1,stock2,trade_capital,open,loss,reward,open_num
2327,3532,1945.71,1.1218344155846804,3.0000000000002496,-29.704000000000065,1
