stock1,stock2,trade_capital,open,loss,reward,open_num
2498,2915,266.2302,5.7367647058823605,13.470588235294136,-0.25979999999998427,1
2915,3532,408.617,4.000000000000004,12.500000000000034,1.0670000000000073,1
