stock1,stock2,trade_capital,open,loss,reward,open_num
2324,2383,404.0841,2.086678832116794,6.2883211678832325,3.6840999999999724,1
