stock1,stock2,trade_capital,open,loss,reward,open_num
2344,2603,108.0374,1.749999999999973,3.4999999999998117,0.2874000000000052,1
2449,3532,227.93099999999998,1.1218344155846804,3.0000000000002496,-2.9677499999999952,1
3532,3706,234.93025,1.749999999999973,3.4999999999998117,5.130250000000004,1
