stock1,stock2,trade_capital,open,loss,reward,open_num
1319,6505,732.9430000000001,3.453852327447829,11.505617977528125,1.1180000000000518,1
1314,3406,306.5105,2.6328389830508536,8.9762711864407,-0.9894999999999925,1
1590,3406,1865.585,1.1218344155846804,3.0000000000002496,-15.615000000000009,1
2449,3443,322.592,1.1218344155846804,3.0000000000002496,0.2920000000000016,1
2915,3406,511.9665,1.1218344155846804,3.0000000000002496,-8.129000000000019,1
3406,6116,276.31855,0.7288428324698772,4.0090056748083995,-3.831450000000011,1
