stock1,stock2,trade_capital,open,loss,reward,open_num
1477,3406,661.8824999999999,2.6328389830508536,8.9762711864407,0.08249999999998181,1
2884,9914,153.9368,2.086678832116794,6.2883211678832325,0.13680000000000092,1
