stock1,stock2,trade_capital,open,loss,reward,open_num
2303,2379,168.332,3.453852327447829,11.505617977528125,0.08200000000000074,1
