stock1,stock2,trade_capital,open,loss,reward,open_num
3034,6456,1157.48,2.980046948356806,13.515845070422579,-2.269999999999982,1
