stock1,stock2,trade_capital,open,loss,reward,open_num
2439,2882,249.54909999999998,5.7367647058823605,13.470588235294136,-1.0509000000000128,1
