stock1,stock2,trade_capital,open,loss,reward,open_num
1326,6176,558.6095,5.7367647058823605,13.470588235294136,0.40949999999998,1
