stock1,stock2,trade_capital,open,loss,reward,open_num
1301,2618,168.4235,4.151949541284411,10.021788990825703,0.2734999999999985,1
