stock1,stock2,trade_capital,open,loss,reward,open_num
2379,2492,952.9825,2.2499999999999822,7.500000000000021,0.3324999999999818,1
2439,2723,674.2495,1.749999999999973,3.4999999999998117,-0.7005000000000052,1
