stock1,stock2,trade_capital,open,loss,reward,open_num
1229,5871,221.99530000000001,3.693027210884357,6.0739795918367605,0.8952999999999989,1
