stock1,stock2,trade_capital,open,loss,reward,open_num
1802,4958,152.647,1.1218344155846804,3.0000000000002496,-0.1729999999999876,1
2344,9945,150.85625,4.752819548872187,15.016917293233117,-0.06374999999999176,1
2360,3706,854.1,2.193017888055368,4.018753606462444,0.3550000000000182,1
