stock1,stock2,trade_capital,open,loss,reward,open_num
1314,6456,145.8897,2.086678832116794,6.2883211678832325,-0.2353000000000094,1
2610,6176,128.9838,2.980046948356806,13.515845070422579,1.4587999999999965,1
