stock1,stock2,trade_capital,open,loss,reward,open_num
2408,6456,775.818,2.086678832116794,6.2883211678832325,3.217999999999961,1
