stock1,stock2,trade_capital,open,loss,reward,open_num
2308,3034,1142.635,2.086678832116794,6.2883211678832325,5.034999999999968,1
4943,6239,1737.45,0.7288428324698772,4.0090056748083995,-37.5,1
