stock1,stock2,trade_capital,open,loss,reward,open_num
1536,3443,830.235,3.2499999999999982,5.500000000000034,0.7349999999999852,1
2360,2492,1136.998,4.752819548872187,15.016917293233117,3.0979999999999563,1
