stock1,stock2,trade_capital,open,loss,reward,open_num
1101,2439,411.05600000000004,2.6328389830508536,8.9762711864407,2.5060000000000002,1
1605,3034,212.61025,2.086678832116794,6.2883211678832325,-0.6397500000000065,1
2027,2303,93.96485,3.453852327447829,11.505617977528125,0.7648499999999956,1
2360,2379,599.85,4.151949541284411,10.021788990825703,-9.975499999999968,1
2360,2382,538.10825,3.2499999999999982,5.500000000000034,-4.454750000000018,1
2439,3406,672.712,2.6328389830508536,8.9762711864407,-0.48799999999999955,1
2439,3682,151.123,3.693027210884357,6.0739795918367605,1.1780000000000008,1
2492,2498,341.01000000000005,1.749999999999973,3.4999999999998117,0.8999999999999986,1
