stock1,stock2,trade_capital,open,loss,reward,open_num
1314,2354,126.405,2.980046948356806,13.515845070422579,0.3499999999999943,1
1314,2376,105.61500000000001,2.980046948356806,13.515845070422579,0.3500000000000014,1
