stock1,stock2,trade_capital,open,loss,reward,open_num
1590,6505,855.1500000000001,2.193017888055368,4.018753606462444,-4.2999999999999545,1
2344,3406,279.221,2.193017888055368,4.018753606462444,0.34600000000000364,1
2337,3443,268.85825,2.086678832116794,6.2883211678832325,0.4582500000000067,1
