stock1,stock2,trade_capital,open,loss,reward,open_num
2603,3406,473.625,1.1218344155846804,3.0000000000002496,1.0,1
