stock1,stock2,trade_capital,open,loss,reward,open_num
2327,2454,1900.3600000000001,1.749999999999973,3.4999999999998117,-18.478999999999928,1
2379,3406,701.6215,0.7288428324698772,4.0090056748083995,-1.1285000000000025,1
