stock1,stock2,trade_capital,open,loss,reward,open_num
2371,6116,132.3714,5.7367647058823605,13.470588235294136,-0.523600000000009,1
