stock1,stock2,trade_capital,open,loss,reward,open_num
1314,3443,378.5735,3.693027210884357,6.0739795918367605,-2.234499999999983,1
2345,3019,503.45500000000004,2.980046948356806,13.515845070422579,0.6550000000000011,1
2360,3443,2021.979,3.693027210884357,6.0739795918367605,-8.021000000000015,1
2498,3443,366.84000000000003,2.086678832116794,6.2883211678832325,-2.0,1
3019,3443,922.428,4.752819548872187,15.016917293233117,1.02800000000002,1
3443,6505,730.643,2.086678832116794,6.2883211678832325,-10.372999999999962,1
