stock1,stock2,trade_capital,open,loss,reward,open_num
1102,1301,621.94,4.000000000000004,12.500000000000034,-1.5599999999999454,1
2345,2492,738.8025,1.1218344155846804,3.0000000000002496,-0.09749999999996817,1
