stock1,stock2,trade_capital,open,loss,reward,open_num
2439,3019,1011.5049999999999,2.980046948356806,13.515845070422579,5.80499999999995,1
