stock1,stock2,trade_capital,open,loss,reward,open_num
2347,2498,100.26915,4.752819548872187,15.016917293233117,0.05915000000000248,1
6456,6505,739.35,3.693027210884357,6.0739795918367605,3.5,1
6269,6414,889.4855,3.2499999999999982,5.500000000000034,-1.9144999999999754,1
