stock1,stock2,trade_capital,open,loss,reward,open_num
1605,2345,193.94400000000002,4.000000000000004,12.500000000000034,1.1940000000000026,1
1605,2915,316.8,4.752819548872187,15.016917293233117,0.19999999999999574,1
