stock1,stock2,trade_capital,open,loss,reward,open_num
2049,3481,344.9165,2.980046948356806,13.515845070422579,-0.13350000000002638,1
2371,2454,422.47475,2.086678832116794,6.2883211678832325,-0.07525000000001114,1
