stock1,stock2,trade_capital,open,loss,reward,open_num
2356,2492,227.316,4.8633603238866225,7.977058029689605,0.5660000000000025,1
2888,5871,154.313,3.693027210884357,6.0739795918367605,0.1880000000000024,1
