stock1,stock2,trade_capital,open,loss,reward,open_num
2303,2812,56.19465,4.000000000000004,12.500000000000034,-0.25534999999999997,1
