stock1,stock2,trade_capital,open,loss,reward,open_num
2454,6176,589.95,2.980046948356806,13.515845070422579,0.5,1
2498,6176,422.0917,2.086678832116794,6.2883211678832325,0.39170000000000016,1
3532,6456,526.05,2.6328389830508536,8.9762711864407,-2.0,1
