stock1,stock2,trade_capital,open,loss,reward,open_num
2313,3406,282.355,2.980046948356806,13.515845070422579,-0.8199999999999932,1
2352,3706,120.6905,2.980046948356806,13.515845070422579,-0.08950000000000458,1
2345,2360,690.369,2.6328389830508536,8.9762711864407,0.02899999999993952,1
2345,2454,872.1700000000001,3.453852327447829,11.505617977528125,-3.3799999999999955,1
2360,2371,215.93650000000002,2.980046948356806,13.515845070422579,-0.3585000000000065,1
