stock1,stock2,trade_capital,open,loss,reward,open_num
1326,1477,705.15,1.2162849872773496,7.4631043256997405,-2.0,1
