stock1,stock2,trade_capital,open,loss,reward,open_num
2352,2383,189.9,4.752819548872187,15.016917293233117,-0.25,1
