stock1,stock2,trade_capital,open,loss,reward,open_num
1536,2345,579.15,2.193017888055368,4.018753606462444,-6.416999999999973,1
