stock1,stock2,trade_capital,open,loss,reward,open_num
1590,2313,664.2665000000001,2.980046948356806,13.515845070422579,2.5664999999999907,1
1590,2379,2216.1145,2.193017888055368,4.018753606462444,4.1144999999999925,1
1590,2888,584.1185,2.193017888055368,4.018753606462444,-0.9314999999999998,1
1590,3702,637.1481000000001,2.980046948356806,13.515845070422579,2.6480999999999995,1
