stock1,stock2,trade_capital,open,loss,reward,open_num
2379,2449,259.46925,2.6328389830508536,8.9762711864407,-0.5307499999999976,1
