stock1,stock2,trade_capital,open,loss,reward,open_num
1802,5264,253.30110000000002,2.086678832116794,6.2883211678832325,0.651100000000028,1
