stock1,stock2,trade_capital,open,loss,reward,open_num
2610,3019,152.0425,2.6328389830508536,8.9762711864407,1.9924999999999997,1
