stock1,stock2,trade_capital,open,loss,reward,open_num
1326,2448,278.968,2.6328389830508536,8.9762711864407,0.2079999999999984,1
1314,2371,89.14925,2.086678832116794,6.2883211678832325,-0.215750000000007,1
1314,6176,130.14425,2.086678832116794,6.2883211678832325,0.0342499999999859,1
1605,2049,280.0935,3.693027210884357,6.0739795918367605,0.24349999999999739,1
2371,3443,689.595,2.086678832116794,6.2883211678832325,-1.6649999999999636,1
