stock1,stock2,trade_capital,open,loss,reward,open_num
1101,2834,88.9324,1.1218344155846804,3.0000000000002496,-0.06759999999999877,1
1504,2834,57.76520000000001,1.749999999999973,3.4999999999998117,-0.12479999999999691,1
2337,9910,260.218,1.749999999999973,3.4999999999998117,-0.5319999999999965,1
2360,6456,795.596,2.980046948356806,13.515845070422579,-5.653999999999996,1
