stock1,stock2,trade_capital,open,loss,reward,open_num
2301,4958,381.06674999999996,1.749999999999973,3.4999999999998117,-0.1832499999999868,1
2439,3443,1880.7,1.749999999999973,3.4999999999998117,0.20000000000004547,1
