stock1,stock2,trade_capital,open,loss,reward,open_num
1536,6269,463.1065,2.980046948356806,13.515845070422579,-0.8934999999999889,1
2327,5264,1021.113,1.2162849872773496,7.4631043256997405,1.3129999999999882,1
2352,6269,314.546,3.693027210884357,6.0739795918367605,-1.728749999999991,1
3026,6269,710.765,2.980046948356806,13.515845070422579,0.8650000000000091,1
