stock1,stock2,trade_capital,open,loss,reward,open_num
1536,2313,206.82,3.2499999999999982,5.500000000000034,-1.5866999999999933,1
