stock1,stock2,trade_capital,open,loss,reward,open_num
1101,6269,598.3994,2.2499999999999822,7.500000000000021,-4.3506,1
2382,6269,735.5025,4.000000000000004,12.500000000000034,-1.3875000000000455,1
3034,6269,671.9625,3.453852327447829,11.505617977528125,-2.1875,1
