stock1,stock2,trade_capital,open,loss,reward,open_num
2347,5264,194.324,2.2499999999999822,7.500000000000021,-0.07600000000000762,1
2823,6505,219.595,2.6328389830508536,8.9762711864407,-1.7449999999999903,1
