stock1,stock2,trade_capital,open,loss,reward,open_num
1477,2379,504.0,3.693027210884357,6.0739795918367605,4.5,1
2231,3481,335.21999999999997,3.453852327447829,11.505617977528125,-0.3550000000000182,1
2379,6116,169.16875,2.2499999999999822,7.500000000000021,0.4687499999999929,1
