stock1,stock2,trade_capital,open,loss,reward,open_num
2027,2356,258.84,1.4751902346226717,3.9999999999997113,0.3999999999999986,1
2027,3443,736.5600000000001,2.086678832116794,6.2883211678832325,5.299999999999983,1
2408,3443,545.7897,1.4751902346226717,3.9999999999997113,-5.7523000000000195,1
2801,3443,266.4,1.4751902346226717,3.9999999999997113,1.25,1
2834,3443,226.62,1.4751902346226717,3.9999999999997113,1.0,1
