stock1,stock2,trade_capital,open,loss,reward,open_num
1314,2308,171.9805,2.6328389830508536,8.9762711864407,0.3305000000000007,1
2317,6505,654.2275,1.749999999999973,3.4999999999998117,-1.662500000000037,1
2344,3443,237.79225,2.6328389830508536,8.9762711864407,2.2922499999999957,1
2356,2439,189.6678,2.6328389830508536,8.9762711864407,-0.23220000000000596,1
