stock1,stock2,trade_capital,open,loss,reward,open_num
1536,2823,254.82175,4.000000000000004,12.500000000000034,1.3217500000000086,1
1590,2324,328.49275,3.2499999999999982,5.500000000000034,-2.257249999999999,1
2324,2360,194.39275,4.752819548872187,15.016917293233117,-0.7572499999999991,1
2327,2603,386.72075,2.980046948356806,13.515845070422579,0.32074999999999676,1
2360,2385,288.05820000000006,1.749999999999973,3.4999999999998117,-3.1957999999999487,1
2834,9910,221.91899999999998,1.749999999999973,3.4999999999998117,-0.03100000000000591,1
