stock1,stock2,trade_capital,open,loss,reward,open_num
3019,3443,707.5355,1.749999999999973,3.4999999999998117,-6.742500000000007,1
3532,6269,564.6110000000001,3.2499999999999982,5.500000000000034,0.7110000000000127,1
