stock1,stock2,trade_capital,open,loss,reward,open_num
1590,2603,314.09999999999997,2.086678832116794,6.2883211678832325,0.75,1
