stock1,stock2,trade_capital,open,loss,reward,open_num
1319,3026,408.94899999999996,1.4751902346226717,3.9999999999997113,-4.6510000000000105,1
2027,3532,328.515,4.000000000000004,12.500000000000034,-1.835000000000008,1
