stock1,stock2,trade_capital,open,loss,reward,open_num
1101,2049,411.07925,7.837962962962951,12.745370370370392,-2.070750000000004,1
2408,4943,511.7345,4.752819548872187,15.016917293233117,-5.365499999999997,1
