stock1,stock2,trade_capital,open,loss,reward,open_num
3026,3406,1153.533,3.453852327447829,11.505617977528125,0.5330000000000155,1
