stock1,stock2,trade_capital,open,loss,reward,open_num
1802,3406,355.11400000000003,2.6328389830508536,8.9762711864407,10.414000000000001,1
