stock1,stock2,trade_capital,open,loss,reward,open_num
2618,3019,180.7875,2.980046948356806,13.515845070422579,2.1624999999999943,1
