stock1,stock2,trade_capital,open,loss,reward,open_num
2301,2892,100.78485,2.980046948356806,13.515845070422579,0.1848500000000044,1
2301,3481,279.72,2.086678832116794,6.2883211678832325,1.2000000000000028,1
2105,2344,239.94,2.6328389830508536,8.9762711864407,1.099999999999966,1
2354,2352,174.64875,1.2162849872773496,7.4631043256997405,0.11874999999999147,1
2382,1314,120.1385,2.086678832116794,6.2883211678832325,-0.011499999999998067,1
2892,3406,367.32475,2.6328389830508536,8.9762711864407,1.9747500000000002,1
1314,5871,120.826,2.086678832116794,6.2883211678832325,0.27600000000000335,1
2337,2344,41.829899999999995,2.086678832116794,6.2883211678832325,0.16989999999999839,1
2337,2371,78.52575,2.086678832116794,6.2883211678832325,0.1857499999999952,1
