stock1,stock2,trade_capital,open,loss,reward,open_num
2303,2379,176.625,2.2499999999999822,7.500000000000021,0.5,1
2303,5264,187.6695,2.086678832116794,6.2883211678832325,0.8944999999999936,1
2303,6176,128.38500000000002,2.086678832116794,6.2883211678832325,0.3999999999999915,1
2379,3443,791.55,2.086678832116794,6.2883211678832325,2.0,1
2379,5264,743.85,3.453852327447829,11.505617977528125,5.0,1
2344,2603,38.835,3.2499999999999982,5.500000000000034,0.20000000000000284,1
2344,2610,66.60000000000001,1.4751902346226717,3.9999999999997113,0.34999999999999787,1
2448,9914,526.6600000000001,2.086678832116794,6.2883211678832325,2.160000000000025,1
2867,5264,185.06,2.086678832116794,6.2883211678832325,1.2600000000000051,1
