stock1,stock2,trade_capital,open,loss,reward,open_num
1402,2409,59.4243,2.6328389830508536,8.9762711864407,0.13930000000000575,1
2382,6116,118.89,1.1218344155846804,3.0000000000002496,-0.9446499999999958,1
2603,6116,73.26905000000001,1.1218344155846804,3.0000000000002496,-0.00595000000000212,1
6116,6269,176.084,1.2162849872773496,7.4631043256997405,-0.6159999999999997,1
