stock1,stock2,trade_capital,open,loss,reward,open_num
2324,1314,122.15595,2.086678832116794,6.2883211678832325,0.3059499999999957,1
2324,3231,81.80795,2.086678832116794,6.2883211678832325,0.16795000000000826,1
1402,3481,49.6556,1.749999999999973,3.4999999999998117,-0.35689999999999955,1
2330,6269,409.31,1.749999999999973,3.4999999999998117,1.8100000000000023,1
2409,9938,157.8645,2.6328389830508536,8.9762711864407,-1.8105000000000047,1
2412,4904,447.53650000000005,2.980046948356806,13.515845070422579,1.6864999999999952,1
2412,1605,151.875,2.086678832116794,6.2883211678832325,1.0,1
2412,1909,270.50205,1.4751902346226717,3.9999999999997113,-0.09794999999999732,1
3481,5880,90.186,1.749999999999973,3.4999999999998117,0.06600000000000428,1
3481,1536,198.689,2.086678832116794,6.2883211678832325,0.5889999999999986,1
3481,2356,139.15575,3.693027210884357,6.0739795918367605,1.1557499999999976,1
3481,6269,152.01,1.4751902346226717,3.9999999999997113,1.0,1
1319,1909,280.35,2.6328389830508536,8.9762711864407,-0.3999999999999986,1
1314,1536,174.029,1.4751902346226717,3.9999999999997113,0.2889999999999944,1
1909,9938,185.09305,2.086678832116794,6.2883211678832325,-1.0569500000000005,1
