stock1,stock2,trade_capital,open,loss,reward,open_num
1326,2454,279.81,2.6328389830508536,8.9762711864407,1.1999999999999886,1
1326,2801,166.5,2.6328389830508536,8.9762711864407,0.5,1
1326,6505,623.7,2.6328389830508536,8.9762711864407,3.0,1
1326,9914,581.7270000000001,3.2499999999999982,5.500000000000034,1.827000000000055,1
2801,3231,103.275,2.2499999999999822,7.500000000000021,0.5500000000000007,1
2884,1605,118.29405,2.980046948356806,13.515845070422579,0.24404999999999077,1
2884,2355,154.88395,2.6328389830508536,8.9762711864407,0.033949999999990155,1
2884,3231,139.874,2.980046948356806,13.515845070422579,0.37400000000000233,1
2891,1262,238.05,1.749999999999973,3.4999999999998117,0.5,1
2891,2103,114.61500000000001,1.749999999999973,3.4999999999998117,0.5499999999999972,1
5880,6505,158.4,2.086678832116794,6.2883211678832325,1.25,1
5880,2023,84.52600000000001,2.086678832116794,6.2883211678832325,0.13100000000000556,1
5880,2344,84.39605,2.086678832116794,6.2883211678832325,0.24605000000000565,1
5880,2615,89.73,2.086678832116794,6.2883211678832325,0.28000000000000824,1
5880,3034,170.55,2.086678832116794,6.2883211678832325,0.75,1
1605,1723,408.84220000000005,1.2162849872773496,7.4631043256997405,1.1422000000000025,1
1605,2103,95.4658,1.749999999999973,3.4999999999998117,0.19079999999999586,1
1723,2344,130.41505,1.2162849872773496,7.4631043256997405,0.46504999999999974,1
1802,2377,137.12830000000002,1.749999999999973,3.4999999999998117,0.12830000000001007,1
2049,2449,299.56575,3.453852327447829,11.505617977528125,-0.6842499999999916,1
2023,3231,124.46780000000001,3.693027210884357,6.0739795918367605,-0.8484000000000052,1
2023,6285,141.07500000000002,2.086678832116794,6.2883211678832325,0.25,1
