stock1,stock2,trade_capital,open,loss,reward,open_num
2002,2377,183.6,3.2499999999999982,5.500000000000034,0.4000000000000057,1
2377,9938,661.5435,2.086678832116794,6.2883211678832325,1.9435000000000286,1
3702,9938,338.4815,2.980046948356806,13.515845070422579,0.48150000000001114,1
