stock1,stock2,trade_capital,open,loss,reward,open_num
1326,2327,183.2755,2.6328389830508536,8.9762711864407,-0.40450000000001296,1
1101,2327,354.491,2.086678832116794,6.2883211678832325,-1.1090000000000089,1
2330,1536,568.7885,2.980046948356806,13.515845070422579,-0.21150000000002933,1
1605,6456,293.118,1.2162849872773496,7.4631043256997405,-0.882000000000005,1
2327,2347,162.7555,2.086678832116794,6.2883211678832325,-0.904500000000013,1
2327,2615,183.448,2.086678832116794,6.2883211678832325,-1.3019999999999925,1
2327,6456,917.485,1.1218344155846804,3.0000000000002496,-8.891999999999996,1
2347,6269,267.0595,2.086678832116794,6.2883211678832325,-2.353500000000011,1
2371,6269,182.9495,2.6328389830508536,8.9762711864407,-0.050499999999999545,1
