stock1,stock2,trade_capital,open,loss,reward,open_num
1402,2615,107.92525,2.6328389830508536,8.9762711864407,-0.22474999999999312,1
2357,2615,331.485,2.086678832116794,6.2883211678832325,1.1850000000000023,1
2408,2884,141.525,2.6328389830508536,8.9762711864407,0.15000000000000568,1
2409,2886,104.85475,2.6328389830508536,8.9762711864407,-0.08525000000000205,1
2409,4904,134.64485,2.2499999999999822,7.500000000000021,-0.5551500000000047,1
2409,2371,75.52275,1.749999999999973,3.4999999999998117,-0.12725000000000364,1
2409,6269,195.16275000000002,2.086678832116794,6.2883211678832325,-1.3372499999999903,1
2633,2015,129.24259999999998,2.6328389830508536,8.9762711864407,0.08259999999998513,1
1319,8150,139.7794,2.6328389830508536,8.9762711864407,0.07939999999999614,1
9904,2371,102.40575,0.7288428324698772,4.0090056748083995,0.38074999999999903,1
2015,2615,110.33099999999999,2.086678832116794,6.2883211678832325,-0.2889999999999944,1
2615,3044,205.08350000000002,2.6328389830508536,8.9762711864407,1.4334999999999951,1
