stock1,stock2,trade_capital,open,loss,reward,open_num
2324,3481,80.849,2.980046948356806,13.515845070422579,-0.03599999999999781,1
2883,2492,162.324,2.6328389830508536,8.9762711864407,0.8990000000000009,1
2883,2615,63.540000000000006,2.086678832116794,6.2883211678832325,0.25,1
2201,2492,231.05475,2.193017888055368,4.018753606462444,2.0547499999999985,1
2327,3231,405.90000000000003,3.453852327447829,11.505617977528125,2.0,1
