stock1,stock2,trade_capital,open,loss,reward,open_num
2883,2439,247.61599999999999,2.086678832116794,6.2883211678832325,0.14099999999999113,1
1536,2439,1143.805,2.086678832116794,6.2883211678832325,1.955000000000041,1
1802,2376,147.63525,1.749999999999973,3.4999999999998117,-1.009450000000001,1
1802,2603,152.1642,2.086678832116794,6.2883211678832325,0.21419999999999106,1
1802,2618,113.7577,1.749999999999973,3.4999999999998117,-0.6422999999999934,1
1802,3231,118.65525000000001,1.749999999999973,3.4999999999998117,-1.0638999999999932,1
2344,2439,875.579,2.6328389830508536,8.9762711864407,1.7139999999999702,1
