stock1,stock2,trade_capital,open,loss,reward,open_num
1301,2303,151.1452,1.749999999999973,3.4999999999998117,-0.9048000000000087,1
2301,2303,112.661,3.2499999999999982,5.500000000000034,-0.43900000000000006,1
2303,2311,94.4735,2.980046948356806,13.515845070422579,-0.23150000000000404,1
2303,2317,148.8785,2.980046948356806,13.515845070422579,-0.2815000000000083,1
2303,2883,73.64565,3.453852327447829,11.505617977528125,0.14065000000001504,1
2303,2912,320.03700000000003,2.193017888055368,4.018753606462444,-0.9629999999999939,1
2303,2344,106.87275,2.086678832116794,6.2883211678832325,0.21774999999999523,1
2303,3231,88.33420000000001,2.6328389830508536,8.9762711864407,-0.3657999999999966,1
2303,3702,94.3835,2.6328389830508536,8.9762711864407,0.16850000000000165,1
2303,5871,129.61849999999998,2.6328389830508536,8.9762711864407,0.01850000000000307,1
2303,6269,156.86775,2.6328389830508536,8.9762711864407,0.5677499999999966,1
2303,6456,212.4185,2.980046948356806,13.515845070422579,2.8185000000000002,1
2303,8150,84.73275,2.980046948356806,13.515845070422579,0.21774999999999523,1
2633,2912,348.6065,1.4751902346226717,3.9999999999997113,-0.09350000000000591,1
2633,5871,190.9255,1.4751902346226717,3.9999999999997113,-0.32450000000000045,1
2892,2618,108.76305,2.980046948356806,13.515845070422579,0.3330500000000072,1
2912,2618,326.0935,2.980046948356806,13.515845070422579,-0.2814999999999941,1
3481,1314,63.855000000000004,1.749999999999973,3.4999999999998117,0.20000000000000107,1
1314,2618,33.75,1.749999999999973,3.4999999999998117,0.15000000000000036,1
2344,6269,184.5775,1.749999999999973,3.4999999999998117,0.4274999999999949,1
2451,2618,169.066,1.749999999999973,3.4999999999998117,0.6910000000000025,1
3673,5871,598.7325000000001,2.6328389830508536,8.9762711864407,2.4325000000000045,1
