stock1,stock2,trade_capital,open,loss,reward,open_num
2308,2408,976.8980000000001,2.6328389830508536,8.9762711864407,-9.553999999999974,1
2317,3019,956.7860000000001,2.086678832116794,6.2883211678832325,3.0360000000000014,1
2408,3481,139.68,2.6328389830508536,8.9762711864407,-0.6500000000000057,1
2408,2492,571.4612,2.086678832116794,6.2883211678832325,1.461199999999991,1
2409,2313,109.65015,2.193017888055368,4.018753606462444,0.05015000000000214,1
2882,6116,102.61449999999999,2.086678832116794,6.2883211678832325,0.28950000000000387,1
2881,3481,111.6482,2.6328389830508536,8.9762711864407,-0.4018000000000015,1
2881,2888,96.22290000000001,3.453852327447829,11.505617977528125,0.4479000000000042,1
3481,1476,310.725,1.4751902346226717,3.9999999999997113,-2.5312499999999716,1
3481,2353,70.34565,1.749999999999973,3.4999999999998117,0.18565000000000254,1
3481,2383,170.19525,2.086678832116794,6.2883211678832325,0.5452499999999958,1
3481,6176,127.12730000000002,1.4751902346226717,3.9999999999997113,-0.597699999999989,1
1314,2353,128.43200000000002,1.1218344155846804,3.0000000000002496,0.3369999999999891,1
1314,3019,180.137,1.1218344155846804,3.0000000000002496,0.5370000000000061,1
2353,2888,60.137,1.4751902346226717,3.9999999999997113,0.07700000000000529,1
2353,6116,70.56094999999999,1.749999999999973,3.4999999999998117,0.2859499999999997,1
2888,3019,167.309,2.193017888055368,4.018753606462444,0.6340000000000003,1
