stock1,stock2,trade_capital,open,loss,reward,open_num
2308,2603,251.06400000000002,2.086678832116794,6.2883211678832325,0.51400000000001,1
2308,6269,1240.056,2.193017888055368,4.018753606462444,-1.94399999999996,1
2880,2383,220.03700000000003,2.086678832116794,6.2883211678832325,-2.9354999999999905,1
2885,2376,136.5651,2.6328389830508536,8.9762711864407,-1.2806500000000085,1
1504,2610,95.93260000000001,2.2499999999999822,7.500000000000021,-0.5624000000000109,1
2383,6269,501.1105,2.6328389830508536,8.9762711864407,-0.9395000000000095,1
2383,9910,1247.3175,1.1218344155846804,3.0000000000002496,1.8174999999999955,1
2439,2448,351.45000000000005,2.193017888055368,4.018753606462444,-0.9222499999999911,1
6269,9910,501.46350000000007,1.749999999999973,3.4999999999998117,1.5635000000000048,1
