stock1,stock2,trade_capital,open,loss,reward,open_num
2823,8150,177.01735,3.693027210884357,6.0739795918367605,0.31735000000000113,1
6505,2204,626.5649999999999,2.6328389830508536,8.9762711864407,3.4249999999999545,1
6505,6239,596.6225,2.193017888055368,4.018753606462444,-4.419499999999985,1
6505,8150,532.59,2.6328389830508536,8.9762711864407,2.740000000000009,1
1605,2377,123.48,1.4751902346226717,3.9999999999997113,0.25,1
