stock1,stock2,trade_capital,open,loss,reward,open_num
2357,2885,343.73900000000003,2.980046948356806,13.515845070422579,0.13900000000001,1
2357,2542,517.3905,2.6328389830508536,8.9762711864407,-3.129000000000019,1
2412,2885,138.24800000000002,2.086678832116794,6.2883211678832325,0.33799999999999386,1
2412,2360,679.3600000000001,2.086678832116794,6.2883211678832325,0.9400000000000546,1
2885,2204,49.90915,2.980046948356806,13.515845070422579,0.1191499999999941,1
3481,2371,96.99700000000001,1.749999999999973,3.4999999999998117,0.21699999999999164,1
6505,6456,527.9920000000001,1.1218344155846804,3.0000000000002496,-2.407999999999987,1
1605,2542,88.73429999999999,2.6328389830508536,8.9762711864407,0.09430000000000405,1
1605,3044,144.6004,2.6328389830508536,8.9762711864407,-0.5495999999999981,1
1605,6456,197.24200000000002,2.980046948356806,13.515845070422579,0.592000000000013,1
1536,2542,363.35400000000004,2.6328389830508536,8.9762711864407,-2.6639999999999873,1
1536,3673,767.1075000000001,2.086678832116794,6.2883211678832325,3.8075000000000045,1
2352,6456,217.115,1.749999999999973,3.4999999999998117,-0.2849999999999966,1
2353,2603,26.62375,2.086678832116794,6.2883211678832325,-0.04124999999999979,1
2347,2383,264.2975,2.6328389830508536,8.9762711864407,0.39749999999999375,1
2371,6456,190.26700000000002,1.4751902346226717,3.9999999999997113,-0.15799999999998704,1
2383,2542,348.8975,2.6328389830508536,8.9762711864407,-2.620500000000007,1
2383,3189,329.596,1.749999999999973,3.4999999999998117,0.9459999999999837,1
2498,3673,418.9971,2.980046948356806,13.515845070422579,1.8970999999999663,1
2603,3673,161.24375,1.749999999999973,3.4999999999998117,-1.5122499999999945,1
3673,6456,413.19350000000003,1.749999999999973,3.4999999999998117,3.093500000000006,1
