stock1,stock2,trade_capital,open,loss,reward,open_num
1303,2383,796.8375,2.086678832116794,6.2883211678832325,3.477500000000049,1
2324,3231,202.24475,5.7367647058823605,13.470588235294136,0.49474999999999625,1
2330,2383,439.677,2.193017888055368,4.018753606462444,0.1769999999999925,1
1504,2383,713.3175,2.086678832116794,6.2883211678832325,2.577500000000015,1
2337,2383,166.717,2.086678832116794,6.2883211678832325,0.3369999999999962,1
2337,2498,121.68,2.6328389830508536,8.9762711864407,0.04999999999999716,1
2383,2498,677.0519999999999,2.6328389830508536,8.9762711864407,2.541999999999973,1
