stock1,stock2,trade_capital,open,loss,reward,open_num
1326,2344,138.147,1.749999999999973,3.4999999999998117,0.247000000000007,1
1402,2303,112.95079999999999,2.6328389830508536,8.9762711864407,0.010800000000003251,1
1402,2344,75.52275,2.193017888055368,4.018753606462444,0.32275000000000276,1
2301,2344,94.528,2.086678832116794,6.2883211678832325,0.10300000000000153,1
2311,2542,263.85605,2.2499999999999822,7.500000000000021,-0.7439500000000052,1
2881,6116,73.5229,3.693027210884357,6.0739795918367605,-0.14509999999999934,1
2412,3045,888.222,4.000000000000004,12.500000000000034,2.72199999999998,1
2892,2344,35.47795,2.086678832116794,6.2883211678832325,0.04795000000000016,1
3045,6505,204.28050000000002,3.2499999999999982,5.500000000000034,1.180499999999995,1
3045,2344,151.63049999999998,2.086678832116794,6.2883211678832325,0.430499999999995,1
3045,5871,206.26049999999998,2.6328389830508536,8.9762711864407,0.680499999999995,1
3045,6269,458.7268,2.2499999999999822,7.500000000000021,2.4767999999999972,1
6505,2353,169.2465,2.193017888055368,4.018753606462444,0.42149999999999466,1
6505,5871,469.54,2.6328389830508536,8.9762711864407,1.3400000000000034,1
4938,2344,121.40700000000001,2.086678832116794,6.2883211678832325,0.24699999999999278,1
2344,2542,91.4117,1.749999999999973,3.4999999999998117,0.11169999999999902,1
2344,2603,52.5419,2.6328389830508536,8.9762711864407,0.29190000000000005,1
2344,2915,99.267,2.193017888055368,4.018753606462444,0.3470000000000013,1
2344,6176,103.1763,1.4751902346226717,3.9999999999997113,0.1763000000000048,1
2353,2542,106.08655,2.086678832116794,6.2883211678832325,0.4115499999999983,1
2448,2542,255.0326,2.2499999999999822,7.500000000000021,-0.26740000000001274,1
2618,6116,66.35740000000001,1.749999999999973,3.4999999999998117,0.0024000000000050647,1
