stock1,stock2,trade_capital,open,loss,reward,open_num
1102,6505,450.696,2.086678832116794,6.2883211678832325,0.7959999999999923,1
2105,1722,369.95725000000004,2.6328389830508536,8.9762711864407,1.1372499999999945,1
2301,2882,191.32485000000003,4.000000000000004,12.500000000000034,0.21484999999999843,1
2308,2324,242.325,2.086678832116794,6.2883211678832325,1.5,1
2324,2337,103.68450000000001,2.086678832116794,6.2883211678832325,0.3094999999999999,1
2454,3034,401.85,2.193017888055368,4.018753606462444,0.5,1
1319,3034,384.34349999999995,1.749999999999973,3.4999999999998117,0.14349999999998886,1
5880,2603,95.3446,2.6328389830508536,8.9762711864407,0.2696000000000005,1
2888,3034,139.77,4.000000000000004,12.500000000000034,0.9499999999999957,1
