stock1,stock2,trade_capital,open,loss,reward,open_num
1301,2317,182.97,2.6328389830508536,8.9762711864407,0.7000000000000028,1
2317,1605,174.772,2.193017888055368,4.018753606462444,0.7720000000000056,1
2317,3532,404.1775,2.6328389830508536,8.9762711864407,2.677499999999995,1
2408,2385,384.4452,1.749999999999973,3.4999999999998117,0.8052000000000703,1
2409,2352,56.34975,1.749999999999973,3.4999999999998117,-0.16024999999999778,1
2409,3532,157.81625,1.749999999999973,3.4999999999998117,0.3162499999999966,1
2409,6116,71.9805,2.6328389830508536,8.9762711864407,0.11550000000000082,1
2103,3044,264.6815,2.980046948356806,13.515845070422579,0.6564999999999941,1
1605,3044,401.59159999999997,1.749999999999973,3.4999999999998117,-0.10840000000001737,1
1605,3532,173.0205,2.086678832116794,6.2883211678832325,1.0204999999999984,1
2337,3443,541.9815,1.1218344155846804,3.0000000000002496,1.6315000000000168,1
2385,3034,610.826,1.4751902346226717,3.9999999999997113,1.6760000000000446,1
2385,3044,637.5899999999999,2.086678832116794,6.2883211678832325,1.0899999999999608,1
2449,3044,483.624,2.086678832116794,6.2883211678832325,0.47399999999998954,1
2542,3044,730.3025,2.193017888055368,4.018753606462444,1.2025000000000432,1
3019,3044,692.915,2.193017888055368,4.018753606462444,1.4150000000000205,1
3044,3443,855.9245,2.193017888055368,4.018753606462444,1.4244999999999663,1
3044,9945,245.1065,2.6328389830508536,8.9762711864407,0.9064999999999941,1
