stock1,stock2,trade_capital,open,loss,reward,open_num
1102,3189,355.79279999999994,2.6328389830508536,8.9762711864407,0.6027999999999452,1
2002,6269,257.226,2.6328389830508536,8.9762711864407,-0.7740000000000009,1
2801,2371,99.578,2.193017888055368,4.018753606462444,-0.06699999999999662,1
2892,6269,210.825,4.752819548872187,15.016917293233117,1.0,1
1909,3189,453.53529999999995,2.6328389830508536,8.9762711864407,0.7352999999999739,1
2603,3189,180.55139999999997,2.6328389830508536,8.9762711864407,0.3013999999999726,1
3189,6269,545.3589999999999,2.086678832116794,6.2883211678832325,-0.14100000000001955,1
