stock1,stock2,trade_capital,open,loss,reward,open_num
2409,2383,174.377,1.2162849872773496,7.4631043256997405,0.652000000000001,1
2892,6414,398.89750000000004,1.749999999999973,3.4999999999998117,-3.477749999999986,1
4938,1314,137.9815,1.4751902346226717,3.9999999999997113,0.22149999999999181,1
1314,2231,332.485,1.1218344155846804,3.0000000000002496,-0.589999999999975,1
1314,2610,87.10789,1.1218344155846804,3.0000000000002496,0.2678900000000013,1
5880,6414,385.993,2.980046948356806,13.515845070422579,-4.956999999999994,1
1909,9907,51.0374,1.749999999999973,3.4999999999998117,0.027399999999996538,1
2345,2352,154.3295,1.1218344155846804,3.0000000000002496,-1.082400000000007,1
2345,6414,500.6044999999999,2.6328389830508536,8.9762711864407,-7.561200000000042,1
