stock1,stock2,trade_capital,open,loss,reward,open_num
1102,2383,278.91075,2.086678832116794,6.2883211678832325,-0.5892499999999927,1
2412,9938,476.288,2.6328389830508536,8.9762711864407,2.1880000000000024,1
2892,6456,225.92100000000002,2.6328389830508536,8.9762711864407,0.7210000000000036,1
1605,4958,145.76139999999998,1.4751902346226717,3.9999999999997113,-0.1886000000000081,1
2344,3682,73.0838,1.749999999999973,3.4999999999998117,0.22879999999998546,1
2356,9938,207.638,2.086678832116794,6.2883211678832325,0.9380000000000024,1
2618,9938,163.268,2.086678832116794,6.2883211678832325,0.48799999999999955,1
2615,3682,61.515,1.749999999999973,3.4999999999998117,0.25,1
3682,9938,148.913,2.086678832116794,6.2883211678832325,0.4380000000000024,1
