stock1,stock2,trade_capital,open,loss,reward,open_num
1605,2327,258.75,1.4751902346226717,3.9999999999997113,0.5,1
1723,2371,187.4835,1.2162849872773496,7.4631043256997405,0.10849999999999227,1
2353,3231,93.67530000000001,1.749999999999973,3.4999999999998117,0.1753,1
2371,3231,79.56,2.193017888055368,4.018753606462444,-0.5144500000000036,1
