stock1,stock2,trade_capital,open,loss,reward,open_num
2105,9910,281.515,2.6328389830508536,8.9762711864407,-0.5449999999999875,1
1301,1314,145.9948,2.2499999999999822,7.500000000000021,-0.3801999999999879,1
2308,9910,641.865,2.6328389830508536,8.9762711864407,-2.535000000000025,1
2324,1314,41.3891,2.086678832116794,6.2883211678832325,0.08910000000000196,1
2324,3532,203.34550000000002,2.086678832116794,6.2883211678832325,0.6954999999999956,1
2408,9910,600.9916000000001,1.749999999999973,3.4999999999998117,-4.108400000000017,1
2883,6505,232.335,1.749999999999973,3.4999999999998117,2.049999999999997,1
2883,9910,150.835,1.749999999999973,3.4999999999998117,-0.965600000000002,1
2885,9910,170.85649999999998,2.086678832116794,6.2883211678832325,0.4064999999999941,1
6505,1314,162.54500000000002,1.4751902346226717,3.9999999999997113,0.4200000000000017,1
6505,2352,192.51725,2.086678832116794,6.2883211678832325,0.7172499999999928,1
1314,2448,78.66,1.4751902346226717,3.9999999999997113,0.3500000000000014,1
1314,3231,59.81880000000001,1.749999999999973,3.4999999999998117,0.09380000000000521,1
2352,9910,170.53685000000002,1.749999999999973,3.4999999999998117,0.13684999999999548,1
3532,6285,400.0795,1.4751902346226717,3.9999999999997113,0.9595000000000056,1
