stock1,stock2,trade_capital,open,loss,reward,open_num
1326,6505,758.363,3.2499999999999982,5.500000000000034,1.5629999999999882,1
2317,3673,278.815,2.980046948356806,13.515845070422579,-0.14500000000001023,1
2498,3034,315.6395,2.086678832116794,6.2883211678832325,0.7295000000000158,1
2603,3673,165.3295,2.086678832116794,6.2883211678832325,0.5494999999999948,1
2615,6116,60.9875,1.1218344155846804,3.0000000000002496,-0.6410399999999932,1
