stock1,stock2,trade_capital,open,loss,reward,open_num
2311,1314,51.289100000000005,2.6328389830508536,8.9762711864407,0.13910000000000267,1
2823,1314,80.20865,1.2162849872773496,7.4631043256997405,-0.1413499999999992,1
2823,1605,86.97925,2.086678832116794,6.2883211678832325,-0.23075000000000045,1
2823,2603,92.4219,2.086678832116794,6.2883211678832325,-0.17810000000000414,1
2882,1605,102.81925,2.086678832116794,6.2883211678832325,-0.1807500000000033,1
2882,2603,104.72325,1.2162849872773496,7.4631043256997405,-0.5867500000000021,1
3481,2603,25.27395,1.749999999999973,3.4999999999998117,-0.1260500000000011,1
1605,3702,69.79155,2.6328389830508536,8.9762711864407,-0.05845000000000056,1
