stock1,stock2,trade_capital,open,loss,reward,open_num
1102,2492,537.975,1.1218344155846804,3.0000000000002496,4.0,1
1102,3231,96.0111,2.980046948356806,13.515845070422579,0.11109999999998976,1
2324,2610,80.9564,2.086678832116794,6.2883211678832325,-0.5436000000000014,1
2324,6116,66.1876,2.086678832116794,6.2883211678832325,0.23760000000000048,1
2324,6269,564.84,2.6328389830508536,8.9762711864407,5.200000000000003,1
2330,6116,270.772,2.2499999999999822,7.500000000000021,0.07200000000000273,1
2382,2618,132.32675,1.749999999999973,3.4999999999998117,-0.8162499999999966,1
2382,6116,106.3923,2.086678832116794,6.2883211678832325,-0.23270000000000124,1
2881,2379,441.8365,2.6328389830508536,8.9762711864407,1.7365000000000066,1
2881,2492,254.8446,2.6328389830508536,8.9762711864407,-3.1958999999999804,1
2823,2610,62.800650000000005,2.086678832116794,6.2883211678832325,0.190649999999998,1
2882,6116,93.87,2.086678832116794,6.2883211678832325,0.5500000000000043,1
6505,2888,515.69825,2.086678832116794,6.2883211678832325,0.4482500000000016,1
2885,6269,147.42000000000002,2.086678832116794,6.2883211678832325,1.0,1
2352,2610,81.80385,2.086678832116794,6.2883211678832325,0.0038499999999963563,1
2344,2610,85.2435,1.4751902346226717,3.9999999999997113,-0.15649999999999764,1
2344,2618,100.01675,1.749999999999973,3.4999999999998117,-0.8581000000000003,1
2344,6176,160.1085,2.086678832116794,6.2883211678832325,-0.9115000000000038,1
2449,5871,189.66380000000004,2.6328389830508536,8.9762711864407,0.25380000000001246,1
2379,2385,464.20320000000004,2.193017888055368,4.018753606462444,1.803200000000004,1
2379,2492,312.87,4.000000000000004,12.500000000000034,1.3700000000000045,1
2379,2603,134.115,1.749999999999973,3.4999999999998117,0.9849999999999994,1
2492,2610,176.9675,2.086678832116794,6.2883211678832325,1.4675000000000011,1
2492,2618,183.31525,2.086678832116794,6.2883211678832325,0.26524999999999466,1
2492,2888,164.349,1.4751902346226717,3.9999999999997113,0.3990000000000009,1
2603,2610,76.51975,1.4751902346226717,3.9999999999997113,-0.5302499999999988,1
2618,6116,72.53175,2.086678832116794,6.2883211678832325,0.23174999999999635,1
2888,6116,68.39415,2.2499999999999822,7.500000000000021,0.054150000000007026,1
2888,6269,342.225,2.086678832116794,6.2883211678832325,3.0,1
4958,6116,113.2716,2.086678832116794,6.2883211678832325,-1.0534000000000106,1
