stock1,stock2,trade_capital,open,loss,reward,open_num
1326,2542,132.165,5.7367647058823605,13.470588235294136,0.4000000000000057,1
1216,9914,889.956,1.4751902346226717,3.9999999999997113,1.55600000000004,1
2317,1314,134.01,2.6328389830508536,8.9762711864407,-0.8699999999999974,1
2317,9914,323.154,2.6328389830508536,8.9762711864407,-0.5859999999999843,1
2311,9914,230.094,1.4751902346226717,3.9999999999997113,0.21400000000001285,1
2408,2409,99.9846,1.1218344155846804,3.0000000000002496,-0.8659000000000034,1
2409,1314,22.88445,3.2499999999999982,5.500000000000034,-0.2220000000000013,1
2409,2377,192.27225,2.086678832116794,6.2883211678832325,0.07224999999999682,1
2409,2603,107.935,1.749999999999973,3.4999999999998117,0.2850000000000037,1
2454,2352,260.9996,2.980046948356806,13.515845070422579,0.3995999999999924,1
2412,3189,479.75199999999995,1.749999999999973,3.4999999999998117,0.7819999999999823,1
2474,1314,319.6035,2.6328389830508536,8.9762711864407,0.45350000000001955,1
2823,1314,74.0709,2.086678832116794,6.2883211678832325,-0.8354999999999997,1
2891,1314,129.30180000000001,2.6328389830508536,8.9762711864407,-0.7232000000000056,1
2891,2379,197.32175,2.6328389830508536,8.9762711864407,0.9717500000000001,1
3481,1314,82.26240000000001,2.980046948356806,13.515845070422579,-0.5975999999999999,1
3481,9914,210.66609999999997,1.1218344155846804,3.0000000000002496,0.16609999999998593,1
1314,1536,197.64749999999998,2.6328389830508536,8.9762711864407,-1.3590000000000089,1
1314,9914,201.15,2.086678832116794,6.2883211678832325,-2.165999999999997,1
4938,2603,143.9766,2.086678832116794,6.2883211678832325,0.5015999999999963,1
2103,2603,95.445,2.086678832116794,6.2883211678832325,-0.9163499999999942,1
2376,2379,315.12,2.193017888055368,4.018753606462444,0.37000000000000455,1
2379,2603,179.5695,2.086678832116794,6.2883211678832325,1.3944999999999936,1
2603,3189,136.395,2.6328389830508536,8.9762711864407,0.6000000000000085,1
2603,9914,207.22500000000002,1.4751902346226717,3.9999999999997113,-1.4384999999999906,1
3189,9914,888.0279,1.1218344155846804,3.0000000000002496,-7.872100000000017,1
