stock1,stock2,trade_capital,open,loss,reward,open_num
2303,2885,42.65885,3.453852327447829,11.505617977528125,0.16385000000000716,1
2324,5871,122.9332,2.6328389830508536,8.9762711864407,-0.06680000000000064,1
2412,2887,157.7365,2.6328389830508536,8.9762711864407,-0.3135000000000048,1
2412,5871,576.4654,2.6328389830508536,8.9762711864407,-1.7345999999999933,1
2884,2313,106.3975,2.6328389830508536,8.9762711864407,0.2224999999999966,1
2454,2809,1138.66,2.980046948356806,13.515845070422579,-3.4699999999999847,1
2885,2887,78.88155,2.193017888055368,4.018753606462444,0.04155000000000797,1
2885,1605,46.88655000000001,2.086678832116794,6.2883211678832325,0.04155000000000797,1
6505,2352,182.089,2.2499999999999822,7.500000000000021,0.9140000000000015,1
2313,2809,71.20329999999998,2.6328389830508536,8.9762711864407,0.2633000000000081,1
