stock1,stock2,trade_capital,open,loss,reward,open_num
1402,2105,370.5615,2.980046948356806,13.515845070422579,0.9815000000000396,1
1402,2454,514.1529,2.6328389830508536,8.9762711864407,-0.09709999999999752,1
1216,2618,129.26104999999998,3.2499999999999982,5.500000000000034,0.21104999999999308,1
2308,2618,226.125,2.193017888055368,4.018753606462444,-1.0,1
2311,2887,94.90275,2.980046948356806,13.515845070422579,0.01774999999999949,1
2303,2823,73.7558,2.086678832116794,6.2883211678832325,-0.6795000000000009,1
2303,2891,76.3702,2.6328389830508536,8.9762711864407,0.07019999999999982,1
2303,2892,38.736000000000004,2.6328389830508536,8.9762711864407,0.09600000000000009,1
2303,2915,111.3962,2.6328389830508536,8.9762711864407,0.1711999999999989,1
2303,3702,91.86675,2.6328389830508536,8.9762711864407,-0.12325000000000585,1
2880,3481,40.54975,2.2499999999999822,7.500000000000021,-0.5285499999999956,1
2880,2352,31.5546,2.2499999999999822,7.500000000000021,0.09960000000000235,1
2880,2915,244.8632,3.2499999999999982,5.500000000000034,0.5631999999999806,1
2454,3673,1149.84,2.6328389830508536,8.9762711864407,1.3599999999999852,1
2890,3481,75.75450000000001,2.2499999999999822,7.500000000000021,-0.8114999999999988,1
2801,3481,107.37,2.6328389830508536,8.9762711864407,0.5,1
2801,1723,485.28975,1.749999999999973,3.4999999999998117,1.539749999999998,1
2892,3702,88.128,3.453852327447829,11.505617977528125,0.2880000000000038,1
2887,2615,76.27275,1.4751902346226717,3.9999999999997113,0.06774999999999665,1
3481,2352,96.6915,3.453852327447829,11.505617977528125,-1.0050999999999988,1
3481,3231,113.2636,2.086678832116794,6.2883211678832325,-1.1571500000000086,1
1723,1802,174.72424999999998,2.086678832116794,6.2883211678832325,0.47424999999999073,1
1723,2345,713.9725000000001,2.086678832116794,6.2883211678832325,3.0125000000000455,1
2347,2903,143.52175,5.7367647058823605,13.470588235294136,0.25175000000000125,1
2615,2903,98.0475,1.4751902346226717,3.9999999999997113,-0.6000000000000014,1
2903,3673,164.8041,2.6328389830508536,8.9762711864407,1.5540999999999912,1
