stock1,stock2,trade_capital,open,loss,reward,open_num
2887,3673,111.3989,2.086678832116794,6.2883211678832325,0.32390000000000185,1
5880,1319,121.5055,2.193017888055368,4.018753606462444,0.18550000000000466,1
5880,1440,26.53725,2.086678832116794,6.2883211678832325,0.10725000000000229,1
5880,1536,192.0145,2.086678832116794,6.2883211678832325,0.6144999999999925,1
2891,1440,125.72999999999999,2.6328389830508536,8.9762711864407,0.7000000000000028,1
1314,1440,48.9893,1.749999999999973,3.4999999999998117,-0.3090000000000064,1
1314,2903,84.3143,3.2499999999999982,5.500000000000034,-0.5772000000000013,1
6505,1536,827.7725,3.2499999999999982,5.500000000000034,-5.051500000000004,1
6505,2313,189.18075,2.6328389830508536,8.9762711864407,0.1807500000000033,1
6505,3673,387.168,2.086678832116794,6.2883211678832325,0.117999999999995,1
1440,1722,102.67654999999999,1.749999999999973,3.4999999999998117,0.6765499999999989,1
1440,2023,74.3119,1.749999999999973,3.4999999999998117,0.4619,1
1440,2313,100.49655000000001,1.749999999999973,3.4999999999998117,0.24654999999999916,1
1440,2356,84.7804,2.2499999999999822,7.500000000000021,0.4303999999999988,1
1440,2383,180.518,1.1218344155846804,3.0000000000002496,-0.3125,1
1440,2615,101.21385000000001,2.086678832116794,6.2883211678832325,-0.5561499999999953,1
1440,3673,120.3989,2.086678832116794,6.2883211678832325,0.4239000000000033,1
1440,3702,74.02855,2.6328389830508536,8.9762711864407,0.18855000000001354,1
1717,2313,81.8811,2.086678832116794,6.2883211678832325,-0.3538999999999959,1
1536,2313,399.6435,1.4751902346226717,3.9999999999997113,0.3935000000000066,1
1536,2356,466.368,1.749999999999973,3.4999999999998117,-2.651999999999987,1
1605,6269,483.7855,1.1218344155846804,3.0000000000002496,-0.28450000000000486,1
1802,2023,87.3304,2.086678832116794,6.2883211678832325,0.1904000000000039,1
1802,2449,127.21979999999999,2.086678832116794,6.2883211678832325,0.1897999999999982,1
1802,3706,58.1746,2.086678832116794,6.2883211678832325,-0.6345000000000027,1
1802,6269,150.4575,2.086678832116794,6.2883211678832325,0.8474999999999966,1
2023,2383,175.5195,1.749999999999973,3.4999999999998117,0.39449999999999363,1
