stock1,stock2,trade_capital,open,loss,reward,open_num
1402,2344,82.801,1.1218344155846804,3.0000000000002496,0.07600000000000051,1
2105,1722,253.35000000000002,4.000000000000004,12.500000000000034,0.8499999999999943,1
2303,1722,215.01000000000002,4.000000000000004,12.500000000000034,-0.04999999999999716,1
2303,6116,29.05621,2.086678832116794,6.2883211678832325,0.09621000000000102,1
2308,2023,220.5,1.749999999999973,3.4999999999998117,1.0,1
2885,3034,174.4255,2.6328389830508536,8.9762711864407,0.15049999999999386,1
2881,1802,198.92605000000003,2.980046948356806,13.515845070422579,0.4560499999999763,1
2881,6116,191.44800000000004,2.6328389830508536,8.9762711864407,0.3899999999999775,1
1319,1722,256.0631,4.151949541284411,10.021788990825703,0.5630999999999986,1
1707,2023,604.4505,2.086678832116794,6.2883211678832325,-4.839750000000009,1
1707,2344,237.78449999999998,1.749999999999973,3.4999999999998117,-0.7155000000000129,1
1707,9933,436.68600000000004,5.7367647058823605,13.470588235294136,-1.313999999999993,1
2023,2344,84.8708,1.749999999999973,3.4999999999998117,0.36079999999999046,1
2023,2352,66.015,1.4751902346226717,3.9999999999997113,-0.4692999999999934,1
2023,3682,71.415,2.086678832116794,6.2883211678832325,0.34999999999999787,1
2023,9933,115.5958,1.749999999999973,3.4999999999998117,0.5457999999999927,1
2352,3682,64.95275,1.2162849872773496,7.4631043256997405,-0.4022500000000022,1
2448,9933,213.2955,2.6328389830508536,8.9762711864407,0.7854999999999848,1
2603,6116,52.003519999999995,2.193017888055368,4.018753606462444,-0.2864800000000045,1
2888,3682,27.988799999999998,1.4751902346226717,3.9999999999997113,0.04879999999999818,1
3034,9933,334.8,2.980046948356806,13.515845070422579,1.5,1
