stock1,stock2,trade_capital,open,loss,reward,open_num
2885,2439,289.40250000000003,1.749999999999973,3.4999999999998117,0.3025000000000091,1
2885,4958,128.387,2.086678832116794,6.2883211678832325,0.28700000000000614,1
