stock1,stock2,trade_capital,open,loss,reward,open_num
2382,2337,243.1683,2.6328389830508536,8.9762711864407,-1.8317000000000192,1
2382,6414,611.125,2.980046948356806,13.515845070422579,2.0249999999999773,1
2454,1909,461.34,3.2499999999999982,5.500000000000034,1.5500000000000114,1
2454,2327,1060.65,2.2499999999999822,7.500000000000021,2.5,1
2883,6269,141.2665,1.4751902346226717,3.9999999999997113,0.28649999999998954,1
2327,6414,1585.768,1.4751902346226717,3.9999999999997113,-12.363000000000056,1
