stock1,stock2,trade_capital,open,loss,reward,open_num
2330,2347,384.525,3.693027210884357,6.0739795918367605,-1.7802499999999952,1
2324,1314,68.985,4.000000000000004,12.500000000000034,-1.0774000000000008,1
2324,2379,206.325,2.086678832116794,6.2883211678832325,-3.180250000000001,1
2324,3189,107.64000000000001,2.6328389830508536,8.9762711864407,-1.2560999999999893,1
2324,6116,63.1404,1.4751902346226717,3.9999999999997113,0.12040000000000006,1
2395,2454,1834.2,2.6328389830508536,8.9762711864407,-26.054000000000087,1
2308,9938,719.8340000000001,1.1218344155846804,3.0000000000002496,3.33400000000006,1
2454,2379,1746.039,4.000000000000004,12.500000000000034,-23.17599999999993,1
2454,9938,650.4014999999999,2.6328389830508536,8.9762711864407,2.45150000000001,1
2412,2313,557.105,2.6328389830508536,8.9762711864407,0.7550000000000381,1
2412,3044,608.855,2.6328389830508536,8.9762711864407,0.9550000000000409,1
2412,3231,126.361,2.6328389830508536,8.9762711864407,0.2410000000000032,1
2412,6116,146.088,2.086678832116794,6.2883211678832325,0.588000000000001,1
3481,9938,548.0217,1.1218344155846804,3.0000000000002496,2.5217000000000027,1
1314,2383,183.44799999999998,2.086678832116794,6.2883211678832325,0.1979999999999933,1
1314,6116,72.14275,2.086678832116794,6.2883211678832325,-0.8847500000000004,1
4938,9938,186.53050000000002,1.4751902346226717,3.9999999999997113,0.7504999999999882,1
1605,2379,190.868,2.086678832116794,6.2883211678832325,0.8930000000000007,1
1605,3189,214.64925,3.453852327447829,11.505617977528125,0.4592500000000115,1
2353,2379,185.96,2.6328389830508536,8.9762711864407,1.0100000000000051,1
2353,2383,309.07,1.4751902346226717,3.9999999999997113,-1.9299999999999926,1
2353,3019,181.01,2.6328389830508536,8.9762711864407,-0.9899999999999949,1
2353,3044,174.71,2.6328389830508536,8.9762711864407,0.2600000000000051,1
2353,4915,148.16000000000003,2.6328389830508536,8.9762711864407,0.010000000000005116,1
2379,5264,772.7860000000001,2.6328389830508536,8.9762711864407,3.7860000000000014,1
