stock1,stock2,trade_capital,open,loss,reward,open_num
1102,1319,171.72,4.000000000000004,12.500000000000034,0.8000000000000043,1
2308,1319,174.96,2.6328389830508536,8.9762711864407,1.0,1
2308,1434,232.38,2.6328389830508536,8.9762711864407,0.7000000000000028,1
2886,2371,120.18225000000001,3.453852327447829,11.505617977528125,-1.1427499999999995,1
1319,2371,109.0996,2.980046948356806,13.515845070422579,-2.445599999999999,1
2371,2615,133.8971,1.749999999999973,3.4999999999998117,-0.5529000000000153,1
2439,3019,517.731,2.086678832116794,6.2883211678832325,-3.8689999999999998,1
