stock1,stock2,trade_capital,open,loss,reward,open_num
2303,3481,110.60940000000001,2.086678832116794,6.2883211678832325,0.2844000000000051,1
2439,3231,321.78175,3.453852327447829,11.505617977528125,0.2817499999999882,1
