stock1,stock2,trade_capital,open,loss,reward,open_num
1402,1605,58.230000000000004,2.086678832116794,6.2883211678832325,0.4000000000000057,1
2105,1605,124.4812,2.086678832116794,6.2883211678832325,0.556200000000004,1
2886,1605,110.62290000000002,2.193017888055368,4.018753606462444,0.5979000000000028,1
2408,2439,463.1065,2.980046948356806,13.515845070422579,0.6065000000000111,1
3045,2439,583.2,2.6328389830508536,8.9762711864407,2.0,1
3481,1605,75.6282,1.1218344155846804,3.0000000000002496,0.7032000000000007,1
1605,2352,129.61575,2.086678832116794,6.2883211678832325,0.8407500000000141,1
1605,2915,100.305,1.4751902346226717,3.9999999999997113,0.6999999999999957,1
2439,5264,625.95,1.749999999999973,3.4999999999998117,-2.5,1
