stock1,stock2,trade_capital,open,loss,reward,open_num
2354,2610,128.655,1.749999999999973,3.4999999999998117,0.5999999999999943,1
2409,6239,140.79250000000002,1.749999999999973,3.4999999999998117,0.0625,1
2633,3532,214.80365,2.6328389830508536,8.9762711864407,0.5536500000000046,1
2887,3532,159.7319,2.086678832116794,6.2883211678832325,0.40690000000000737,1
2883,2610,79.69500000000001,2.980046948356806,13.515845070422579,0.5,1
4904,2610,125.60480000000001,2.086678832116794,6.2883211678832325,0.2797999999999945,1
2610,6239,130.815,2.086678832116794,6.2883211678832325,0.8000000000000114,1
3231,3532,169.1909,2.6328389830508536,8.9762711864407,0.9409000000000134,1
