stock1,stock2,trade_capital,open,loss,reward,open_num
1314,2356,83.21175,4.000000000000004,12.500000000000034,-0.1282500000000013,1
1314,3034,148.9713,2.6328389830508536,8.9762711864407,0.6713000000000093,1
2337,9914,357.67375,1.4751902346226717,3.9999999999997113,0.1737499999999983,1
2344,2603,101.79,2.086678832116794,6.2883211678832325,0.6499999999999986,1
2603,3034,193.96949999999998,2.086678832116794,6.2883211678832325,0.14449999999999363,1
2603,9914,193.02100000000002,2.6328389830508536,8.9762711864407,1.1460000000000008,1
2888,3034,136.85775,1.749999999999973,3.4999999999998117,0.40775000000000006,1
