stock1,stock2,trade_capital,open,loss,reward,open_num
2308,2883,200.4215,2.6328389830508536,8.9762711864407,0.1215000000000046,1
2883,2103,136.6936,2.6328389830508536,8.9762711864407,-1.5940599999999971,1
2887,2103,44.84325,3.693027210884357,6.0739795918367605,-0.23905000000000243,1
2801,1605,94.084,2.2499999999999822,7.500000000000021,0.0540000000000056,1
2801,2337,98.6033,2.2499999999999822,7.500000000000021,0.0033000000000029672,1
1319,2383,412.758,2.086678832116794,6.2883211678832325,-3.7420000000000186,1
1536,5871,762.9580000000001,2.086678832116794,6.2883211678832325,3.568000000000012,1
1536,8150,396.73400000000004,2.086678832116794,6.2883211678832325,0.6840000000000259,1
2337,2356,126.9065,2.6328389830508536,8.9762711864407,0.3464999999999989,1
