stock1,stock2,trade_capital,open,loss,reward,open_num
2371,3034,675.36,2.6328389830508536,8.9762711864407,10.600000000000009,1
