stock1,stock2,trade_capital,open,loss,reward,open_num
2409,6269,309.34200000000004,2.6328389830508536,8.9762711864407,-1.4980000000000615,1
