stock1,stock2,trade_capital,open,loss,reward,open_num
1301,2360,663.428,1.749999999999973,3.4999999999998117,-5.637500000000017,1
1301,2603,145.18825,4.752819548872187,15.016917293233117,0.8782499999999942,1
1326,9914,310.97900000000004,2.980046948356806,13.515845070422579,0.17900000000000205,1
1536,2603,169.12824999999998,2.980046948356806,13.515845070422579,-1.421750000000003,1
2345,4938,346.0155,4.752819548872187,15.016917293233117,-1.5145000000000124,1
4938,6239,222.67950000000002,3.2499999999999982,5.500000000000034,-1.6890999999999678,1
4938,6456,354.97400000000005,3.2499999999999982,5.500000000000034,-2.5952999999999804,1
