stock1,stock2,trade_capital,open,loss,reward,open_num
2360,3026,1497.9450000000002,3.453852327447829,11.505617977528125,13.345000000000027,1
