stock1,stock2,trade_capital,open,loss,reward,open_num
1314,3044,159.744,3.453852327447829,11.505617977528125,-1.0559999999999974,1
2330,3532,1171.475,3.693027210884357,6.0739795918367605,-3.525000000000091,1
