stock1,stock2,trade_capital,open,loss,reward,open_num
1590,2313,664.2665000000001,2.980046948356806,13.515845070422579,-3.4335000000000093,1
1590,2379,2216.1145,2.193017888055368,4.018753606462444,-22.797499999999815,1
1590,2888,584.1185,2.193017888055368,4.018753606462444,-5.665500000000037,1
1590,3702,637.1481000000001,2.980046948356806,13.515845070422579,-5.501899999999978,1
2324,4943,302.49,3.693027210884357,6.0739795918367605,-1.6499999999999986,1
