stock1,stock2,trade_capital,open,loss,reward,open_num
1536,2347,269.46000000000004,4.752819548872187,15.016917293233117,4.100000000000001,1
1536,2379,703.35,2.086678832116794,6.2883211678832325,4.0,1
1536,3682,384.18795,2.6328389830508536,8.9762711864407,4.437950000000001,1
1536,6456,763.692,2.6328389830508536,8.9762711864407,4.942000000000007,1
1909,3532,215.6975,4.752819548872187,15.016917293233117,-3.1025000000000063,1
2303,2377,175.49975,4.752819548872187,15.016917293233117,1.5897499999999951,1
2313,2880,118.75175,4.000000000000004,12.500000000000034,0.37175000000000225,1
2347,2409,96.075,3.2499999999999982,5.500000000000034,0.75,1
