stock1,stock2,trade_capital,open,loss,reward,open_num
2379,3034,642.958,1.749999999999973,3.4999999999998117,7.45799999999997,1
2382,3406,486.0,4.000000000000004,12.500000000000034,5.0,1
2474,3406,1422.842,1.4751902346226717,3.9999999999997113,-18.9079999999999,1
2812,3034,191.7665,2.086678832116794,6.2883211678832325,-1.9335000000000093,1
