stock1,stock2,trade_capital,open,loss,reward,open_num
1229,5871,221.99530000000001,3.693027210884357,6.0739795918367605,2.945299999999996,1
