stock1,stock2,trade_capital,open,loss,reward,open_num
1314,2345,168.0355,2.980046948356806,13.515845070422579,0.785499999999999,1
2345,2888,157.1275,2.086678832116794,6.2883211678832325,-1.0725000000000051,1
2882,2888,103.8877,1.749999999999973,3.4999999999998117,0.18769999999999953,1
