stock1,stock2,trade_capital,open,loss,reward,open_num
3406,3443,2799.624,2.6328389830508536,8.9762711864407,45.874000000000024,1
