stock1,stock2,trade_capital,open,loss,reward,open_num
2449,2492,405.8605,4.752819548872187,15.016917293233117,-4.889499999999998,1
2492,3026,2067.328,1.1218344155846804,3.0000000000002496,-10.172000000000025,1
