stock1,stock2,trade_capital,open,loss,reward,open_num
2330,2492,693.4875000000001,2.980046948356806,13.515845070422579,-5.462499999999977,1
2379,2492,1036.17,1.749999999999973,3.4999999999998117,-8.19199999999995,1
2492,2618,227.9375,3.2499999999999982,5.500000000000034,-1.2375000000000114,1
2498,2881,229.49099999999999,2.086678832116794,6.2883211678832325,-0.4590000000000174,1
