stock1,stock2,trade_capital,open,loss,reward,open_num
1229,2492,397.30449999999996,3.693027210884357,6.0739795918367605,-4.94550000000001,1
1504,2492,334.4935,3.693027210884357,6.0739795918367605,-5.506500000000017,1
2317,2492,616.146,4.752819548872187,15.016917293233117,-9.354000000000013,1
2376,2498,390.723,1.1218344155846804,3.0000000000002496,5.983000000000004,1
2376,3008,4053.802,1.2162849872773496,7.4631043256997405,37.301999999999964,1
2492,2882,1209.62,2.086678832116794,6.2883211678832325,-42.78880000000001,1
2492,3034,580.7524999999999,2.980046948356806,13.515845070422579,-10.24750000000003,1
