stock1,stock2,trade_capital,open,loss,reward,open_num
2354,2383,552.87,1.4751902346226717,3.9999999999997113,-5.0,1
