stock1,stock2,trade_capital,open,loss,reward,open_num
2049,2383,700.5295,2.086678832116794,6.2883211678832325,-0.9705000000000155,1
3532,6269,748.2484999999999,3.693027210884357,6.0739795918367605,2.74849999999995,1
