stock1,stock2,trade_capital,open,loss,reward,open_num
3481,6269,175.22275,2.980046948356806,13.515845070422579,-1.2772500000000093,1
