stock1,stock2,trade_capital,open,loss,reward,open_num
2201,9910,394.05525,0.7288428324698772,4.0090056748083995,-4.294749999999993,1
2379,2615,182.20175,2.086678832116794,6.2883211678832325,0.20174999999998988,1
