stock1,stock2,trade_capital,open,loss,reward,open_num
2345,3044,477.54,2.086678832116794,6.2883211678832325,-0.7999999999999972,1
