stock1,stock2,trade_capital,open,loss,reward,open_num
2353,2492,421.22400000000005,2.086678832116794,6.2883211678832325,7.8640000000000185,1
