stock1,stock2,trade_capital,open,loss,reward,open_num
2354,5871,590.9218999999999,2.086678832116794,6.2883211678832325,-4.0781000000000205,1
2498,3019,527.7499,2.6328389830508536,8.9762711864407,0.19989999999999952,1
3019,9938,592.56,2.980046948356806,13.515845070422579,0.6000000000000227,1
