stock1,stock2,trade_capital,open,loss,reward,open_num
1536,2308,240.76800000000003,3.693027210884357,6.0739795918367605,-0.43199999999998795,1
