stock1,stock2,trade_capital,open,loss,reward,open_num
3532,4943,1549.8365,3.2499999999999982,5.500000000000034,16.8365,1
