stock1,stock2,trade_capital,open,loss,reward,open_num
1227,2327,534.903,4.8633603238866225,7.977058029689605,-7.1860000000000355,1
1504,2327,379.5785,5.7367647058823605,13.470588235294136,-9.460500000000025,1
2327,2347,467.4115,4.752819548872187,15.016917293233117,-10.475999999999999,1
2327,3406,494.08799999999997,4.000000000000004,12.500000000000034,-10.051000000000016,1
2344,6269,143.424,3.693027210884357,6.0739795918367605,-1.2017999999999915,1
2474,3406,590.3205,3.453852327447829,11.505617977528125,-4.17949999999999,1
