stock1,stock2,trade_capital,open,loss,reward,open_num
1314,2371,107.461,1.4751902346226717,3.9999999999997113,-2.1486,1
