stock1,stock2,trade_capital,open,loss,reward,open_num
1909,2327,772.7420000000001,1.1218344155846804,3.0000000000002496,24.91700000000003,1
1909,6456,330.3,1.1218344155846804,3.0000000000002496,-1.0,1
2492,6176,361.7799,1.4751902346226717,3.9999999999997113,-4.83159999999998,1
