stock1,stock2,trade_capital,open,loss,reward,open_num
1314,2308,171.9805,2.6328389830508536,8.9762711864407,0.5805000000000007,1
2317,6505,654.2275,1.749999999999973,3.4999999999998117,0.837499999999963,1
2344,3443,237.79225,2.6328389830508536,8.9762711864407,2.2922499999999957,1
2356,2439,189.6678,2.6328389830508536,8.9762711864407,-2.232200000000006,1
