stock1,stock2,trade_capital,open,loss,reward,open_num
1402,3034,682.869,2.6328389830508536,8.9762711864407,0.34400000000005093,1
2317,3034,759.0575,2.086678832116794,6.2883211678832325,-9.807900000000004,1
2492,3034,980.1875,1.749999999999973,3.4999999999998117,-4.548000000000002,1
3034,6269,780.1524999999999,3.2499999999999982,5.500000000000034,-7.447500000000048,1
