stock1,stock2,trade_capital,open,loss,reward,open_num
2377,2492,910.8475000000001,3.453852327447829,11.505617977528125,-2.3524999999999636,1
2377,3673,400.95000000000005,4.000000000000004,12.500000000000034,3.0,1
