stock1,stock2,trade_capital,open,loss,reward,open_num
2385,2610,99.697,7.837962962962951,12.745370370370392,0.11699999999999733,1
2439,3702,307.9595,4.752819548872187,15.016917293233117,-0.16550000000000864,1
2618,3034,200.25,4.752819548872187,15.016917293233117,0.25,1
