stock1,stock2,trade_capital,open,loss,reward,open_num
2492,3443,1877.504,1.4751902346226717,3.9999999999997113,39.253999999999905,1
