stock1,stock2,trade_capital,open,loss,reward,open_num
2027,2492,597.45225,0.7288428324698772,4.0090056748083995,8.702249999999992,1
2049,2492,2408.752,0.7288428324698772,4.0090056748083995,48.75200000000001,1
2492,2882,670.4825000000001,0.7288428324698772,4.0090056748083995,7.482500000000016,1
2492,9904,581.99875,0.7288428324698772,4.0090056748083995,8.498750000000001,1
2492,9910,680.5565,1.1218344155846804,3.0000000000002496,11.756500000000017,1
