stock1,stock2,trade_capital,open,loss,reward,open_num
2377,3532,938.288,2.6328389830508536,8.9762711864407,-0.7119999999999891,1
