stock1,stock2,trade_capital,open,loss,reward,open_num
2379,2492,952.9825,2.2499999999999822,7.500000000000021,5.832499999999982,1
2439,2723,674.2495,1.749999999999973,3.4999999999998117,5.299499999999995,1
