stock1,stock2,trade_capital,open,loss,reward,open_num
2439,3443,1190.7675,2.086678832116794,6.2883211678832325,17.86749999999995,1
