stock1,stock2,trade_capital,open,loss,reward,open_num
1314,3443,363.838,2.6328389830508536,8.9762711864407,-3.1619999999999777,1
2327,2395,1555.075,4.000000000000004,12.500000000000034,-6.224999999999909,1
2345,3443,394.106,4.752819548872187,15.016917293233117,1.2760000000000247,1
2395,6505,1189.2250000000001,3.453852327447829,11.505617977528125,-1.724999999999909,1
2454,2845,273.68725,2.6328389830508536,8.9762711864407,1.5872499999999974,1
3034,3443,1586.5140000000001,2.980046948356806,13.515845070422579,-12.73599999999999,1
