stock1,stock2,trade_capital,open,loss,reward,open_num
2448,2454,481.94000000000005,4.752819548872187,15.016917293233117,-3.2099999999999795,1
