stock1,stock2,trade_capital,open,loss,reward,open_num
1326,1536,602.206,2.086678832116794,6.2883211678832325,3.6059999999999945,1
1536,2890,200.497,3.2499999999999982,5.500000000000034,1.796999999999997,1
3019,9910,573.35,1.749999999999973,3.4999999999998117,4.400000000000006,1
