stock1,stock2,trade_capital,open,loss,reward,open_num
2049,6456,511.47900000000004,3.453852327447829,11.505617977528125,-1.6210000000000093,1
2327,2356,500.9925,2.193017888055368,4.018753606462444,6.492500000000007,1
