stock1,stock2,trade_capital,open,loss,reward,open_num
1605,2890,62.49735,2.6328389830508536,8.9762711864407,0.5973500000000023,1
2379,3443,739.4935,2.6328389830508536,8.9762711864407,-1.5065000000000168,1
2618,3532,189.22500000000002,3.453852327447829,11.505617977528125,-1.5,1
