stock1,stock2,trade_capital,open,loss,reward,open_num
3443,6456,626.4415,3.453852327447829,11.505617977528125,4.191500000000019,1
