stock1,stock2,trade_capital,open,loss,reward,open_num
2383,5871,381.9335,2.6328389830508536,8.9762711864407,-1.8165000000000049,1
