stock1,stock2,trade_capital,open,loss,reward,open_num
2344,2379,190.5355,2.6328389830508536,8.9762711864407,0.785499999999999,1
2344,3008,3734.2855,2.980046948356806,13.515845070422579,40.2855,1
