stock1,stock2,trade_capital,open,loss,reward,open_num
1314,2376,153.38844999999998,3.693027210884357,6.0739795918367605,0.8884499999999917,1
1314,2492,174.42515,3.453852327447829,11.505617977528125,-1.0748499999999979,1
