stock1,stock2,trade_capital,open,loss,reward,open_num
1504,2345,207.351,4.752819548872187,15.016917293233117,0.9260000000000019,1
2345,2382,454.205,4.752819548872187,15.016917293233117,-1.1450000000000102,1
