stock1,stock2,trade_capital,open,loss,reward,open_num
2345,6505,977.5455,2.6328389830508536,8.9762711864407,-7.854499999999973,1
2912,3026,602.392,2.980046948356806,13.515845070422579,0.6419999999999959,1
