stock1,stock2,trade_capital,open,loss,reward,open_num
2327,2344,415.002,2.980046948356806,13.515845070422579,12.052000000000007,1
