stock1,stock2,open,loss,reward,open_num,action choose
2618,2886,1.4751902346226717,3.9999999999997113,0.05000000000000071,1,4
3706,2337,1.4751902346226717,3.9999999999997113,0.75,1,4
3706,2886,100,200,0,0,24
3706,2409,1.4751902346226717,3.9999999999997113,0.5500000000000007,1,4
1210,2886,100,200,0,0,24
2327,2337,0.7288428324698772,4.0090056748083995,0.25,1,1
2327,2886,1.4751902346226717,3.9999999999997113,1.75,1,4
2313,2886,0.5000000000002669,2.500000000000112,0.15000000000000213,1,0
2313,2382,1.749999999999973,3.4999999999998117,0.3999999999999986,1,5
2313,2409,1.1218344155846804,3.0000000000002496,0.34999999999999787,1,2
2313,2002,1.1218344155846804,3.0000000000002496,0.54999999999999,1,2
2347,2002,1.4751902346226717,3.9999999999997113,0.3499999999999872,1,4
2337,2886,1.749999999999973,3.4999999999998117,0.6000000000000014,1,5
2337,2382,1.4751902346226717,3.9999999999997113,0.3999999999999986,1,4
2337,2002,0.7288428324698772,4.0090056748083995,0.45000000000000284,1,1
2886,2382,1.749999999999973,3.4999999999998117,0.19999999999999574,1,5
2886,2409,1.4751902346226717,3.9999999999997113,0.34999999999999787,1,4
2886,2002,1.4751902346226717,3.9999999999997113,0.09999999999999787,1,4
2382,2002,1.2162849872773496,7.4631043256997405,0.5,1,3
2409,2002,0.7288428324698772,4.0090056748083995,0.09999999999999432,1,1
