stock1,stock2,trade_capital,open,loss,reward,open_num
2883,1314,92.13624999999999,2.193017888055368,4.018753606462444,0.4962500000000034,1
2883,3231,51.67275,2.6328389830508536,8.9762711864407,0.2577499999999944,1
1909,2492,262.9688,2.6328389830508536,8.9762711864407,-2.0811999999999955,1
