stock1,stock2,trade_capital,open,loss,reward,open_num
2103,6116,95.8117,2.193017888055368,4.018753606462444,-0.9883000000000024,1
2377,6116,129.16135,2.193017888055368,4.018753606462444,-1.238650000000007,1
2606,6116,96.18025,2.6328389830508536,8.9762711864407,-1.4897500000000008,1
2915,6116,105.45025,2.193017888055368,4.018753606462444,-1.0312000000000054,1
