stock1,stock2,trade_capital,open,loss,reward,open_num
2412,3673,960.774,2.6328389830508536,8.9762711864407,5.024000000000001,1
1605,2371,51.774699999999996,2.086678832116794,6.2883211678832325,0.30469999999999686,1
1605,3673,190.356,2.6328389830508536,8.9762711864407,0.3810000000000002,1
2377,9910,761.49,2.2499999999999822,7.500000000000021,5.200000000000017,1
