stock1,stock2,trade_capital,open,loss,reward,open_num
2324,6269,564.84,2.6328389830508536,8.9762711864407,5.200000000000003,1
2881,2492,254.8446,2.6328389830508536,8.9762711864407,-3.1958999999999804,1
2379,2492,312.87,4.000000000000004,12.500000000000034,1.3700000000000045,1
2888,6269,342.225,2.086678832116794,6.2883211678832325,3.0,1
