stock1,stock2,trade_capital,open,loss,reward,open_num
2324,1314,68.985,4.000000000000004,12.500000000000034,-1.0774000000000008,1
