stock1,stock2,trade_capital,open,loss,reward,open_num
2345,2618,132.50675,2.980046948356806,13.515845070422579,0.46674999999999756,1
