stock1,stock2,trade_capital,open,loss,reward,open_num
3019,3044,692.915,2.193017888055368,4.018753606462444,1.4150000000000205,1
