stock1,stock2,trade_capital,open,loss,reward,open_num
2408,9910,710.6615999999999,2.086678832116794,6.2883211678832325,-2.938400000000044,1
2313,5264,139.3515,4.000000000000004,12.500000000000034,0.25150000000000006,1
