stock1,stock2,trade_capital,open,loss,reward,open_num
6505,2313,189.18075,2.6328389830508536,8.9762711864407,0.1807500000000033,1
