stock1,stock2,trade_capital,open,loss,reward,open_num
2912,9938,832.9935,2.6328389830508536,8.9762711864407,-3.506500000000017,1
