stock1,stock2,trade_capital,open,loss,reward,open_num
1536,9914,742.5,3.2499999999999982,5.500000000000034,7.0,1
2103,9914,496.4112,4.151949541284411,10.021788990825703,3.711199999999991,1
2377,9914,548.64,3.453852327447829,11.505617977528125,6.300000000000011,1
2603,9914,456.93,4.151949541284411,10.021788990825703,4.480000000000004,1
