stock1,stock2,trade_capital,open,loss,reward,open_num
2383,9910,804.461,2.6328389830508536,8.9762711864407,4.711000000000013,1
