stock1,stock2,trade_capital,open,loss,reward,open_num
1722,2356,145.02505,4.8633603238866225,7.977058029689605,0.6750499999999988,1
1789,5264,562.0587499999999,1.1218344155846804,3.0000000000002496,3.3087499999999537,1
