stock1,stock2,trade_capital,open,loss,reward,open_num
1802,6116,63.81,2.086678832116794,6.2883211678832325,0.5500000000000007,1
1909,6116,85.16159999999999,2.980046948356806,13.515845070422579,-0.6634000000000029,1
