stock1,stock2,trade_capital,open,loss,reward,open_num
2344,2439,328.26075000000003,2.6328389830508536,8.9762711864407,-4.389250000000004,1
