stock1,stock2,trade_capital,open,loss,reward,open_num
2347,2903,143.52175,5.7367647058823605,13.470588235294136,0.25175000000000125,1
