stock1,stock2,trade_capital,open,loss,reward,open_num
2327,2610,645.32525,1.1218344155846804,3.0000000000002496,6.075249999999997,1
2371,6176,187.52325000000002,4.752819548872187,15.016917293233117,1.4632500000000022,1
