stock1,stock2,trade_capital,open,loss,reward,open_num
1326,2317,843.1324999999999,2.086678832116794,6.2883211678832325,2.232500000000016,1
2383,3189,188.2639,2.980046948356806,13.515845070422579,1.2639000000000067,1
