stock1,stock2,trade_capital,open,loss,reward,open_num
2324,1605,142.515,4.000000000000004,12.500000000000034,1.1000000000000085,1
