stock1,stock2,trade_capital,open,loss,reward,open_num
2382,2383,473.7655,6.408839779005503,10.95488029465933,-2.5270000000000152,1
