stock1,stock2,trade_capital,open,loss,reward,open_num
3481,1605,96.12105,2.193017888055368,4.018753606462444,0.651050000000005,1
1605,2345,178.80175,2.086678832116794,6.2883211678832325,1.0017500000000013,1
1605,2379,179.25175000000002,1.4751902346226717,3.9999999999997113,1.0017500000000013,1
2345,2383,193.95000000000002,1.1218344155846804,3.0000000000002496,1.5,1
2345,3443,567.2325000000001,1.1218344155846804,3.0000000000002496,2.5325000000000273,1
2379,2492,508.946,1.2162849872773496,7.4631043256997405,2.8460000000000036,1
2492,3443,568.7280000000001,1.1218344155846804,3.0000000000002496,2.52800000000002,1
