stock1,stock2,trade_capital,open,loss,reward,open_num
4943,9910,982.8,2.086678832116794,6.2883211678832325,5.5,1
