stock1,stock2,trade_capital,open,loss,reward,open_num
2371,9938,404.12805000000003,2.980046948356806,13.515845070422579,4.0280500000000075,1
