stock1,stock2,trade_capital,open,loss,reward,open_num
2301,2610,101.27204,2.6328389830508536,8.9762711864407,-0.617960000000009,1
2317,3702,688.8273,4.752819548872187,15.016917293233117,-2.472699999999989,1
