stock1,stock2,trade_capital,open,loss,reward,open_num
2409,1314,22.88445,3.2499999999999982,5.500000000000034,-0.2220000000000013,1
3481,1314,82.26240000000001,2.980046948356806,13.515845070422579,-0.5975999999999999,1
