stock1,stock2,trade_capital,open,loss,reward,open_num
1707,9933,436.68600000000004,5.7367647058823605,13.470588235294136,-1.313999999999993,1
