stock1,stock2,trade_capital,open,loss,reward,open_num
1314,2377,137.8851,2.6328389830508536,8.9762711864407,0.03509999999999991,1
1314,2618,88.08495,4.000000000000004,12.500000000000034,0.784950000000002,1
