stock1,stock2,trade_capital,open,loss,reward,open_num
2325,2395,449.3895,1.4751902346226717,3.9999999999997113,-6.7605000000000075,1
