stock1,stock2,trade_capital,open,loss,reward,open_num
2395,6269,448.48679999999996,0.5000000000002669,2.500000000000112,23.336799999999982,1
2610,6269,127.2188,0.5000000000002669,2.500000000000112,6.593800000000002,1
