stock1,stock2,trade_capital,open,loss,reward,open_num
3406,6116,276.31855,0.7288428324698772,4.0090056748083995,-3.831450000000011,1
