stock1,stock2,trade_capital,open,loss,reward,open_num
2313,2377,335.269,2.086678832116794,6.2883211678832325,0.39400000000000546,1
