stock1,stock2,trade_capital,open,loss,reward,open_num
2823,2603,92.4219,2.086678832116794,6.2883211678832325,-0.17810000000000414,1
