stock1,stock2,trade_capital,open,loss,reward,open_num
5264,8150,489.15,2.086678832116794,6.2883211678832325,-2.5,1
