stock1,stock2,trade_capital,open,loss,reward,open_num
1262,2345,436.95000000000005,1.1218344155846804,3.0000000000002496,3.0,1
1536,3532,754.729,2.6328389830508536,8.9762711864407,-3.270999999999958,1
2344,2352,78.39789999999999,6.071428571428564,16.47435897435901,-1.752299999999991,1
