stock1,stock2,trade_capital,open,loss,reward,open_num
2880,2371,35.828500000000005,3.693027210884357,6.0739795918367605,-0.3127999999999993,1
