stock1,stock2,trade_capital,open,loss,reward,open_num
2448,3673,526.9092,2.086678832116794,6.2883211678832325,-4.190799999999996,1
