stock1,stock2,trade_capital,open,loss,reward,open_num
1326,2023,156.0659,3.2499999999999982,5.500000000000034,-0.9880999999999887,1
3481,2383,162.225,3.453852327447829,11.505617977528125,-1.25,1
2383,6176,296.8803,4.752819548872187,15.016917293233117,-0.16970000000003438,1
