stock1,stock2,trade_capital,open,loss,reward,open_num
2409,1802,69.25005,4.000000000000004,12.500000000000034,0.05004999999999882,1
2409,2313,74.8831,4.000000000000004,12.500000000000034,-0.016899999999999693,1
1802,2023,41.0496,2.6328389830508536,8.9762711864407,0.19960000000000022,1
