stock1,stock2,trade_capital,open,loss,reward,open_num
2383,3673,522.9000000000001,2.980046948356806,13.515845070422579,4.5,1
