stock1,stock2,trade_capital,open,loss,reward,open_num
1314,6456,204.322,2.980046948356806,13.515845070422579,1.796999999999997,1
2383,6269,699.3,2.980046948356806,13.515845070422579,-9.0,1
