stock1,stock2,trade_capital,open,loss,reward,open_num
1314,2344,59.0081,2.6328389830508536,8.9762711864407,0.3481000000000023,1
2385,3034,596.16,2.086678832116794,6.2883211678832325,-6.772799999999975,1
2618,3034,345.15790000000004,2.086678832116794,6.2883211678832325,-4.031599999999976,1
