stock1,stock2,trade_capital,open,loss,reward,open_num
1216,9938,468.26060000000007,2.086678832116794,6.2883211678832325,-1.1893999999999778,1
