stock1,stock2,trade_capital,open,loss,reward,open_num
2049,2345,685.28,4.000000000000004,12.500000000000034,8.180000000000007,1
2313,5880,115.4285,3.453852327447829,11.505617977528125,-0.2715000000000032,1
