stock1,stock2,trade_capital,open,loss,reward,open_num
1216,1314,120.10500000000002,3.2499999999999982,5.500000000000034,0.8499999999999943,1
