stock1,stock2,trade_capital,open,loss,reward,open_num
1210,1536,698.4275,0.7288428324698772,4.0090056748083995,-2.0675000000000416,1
1210,2360,232.47680000000003,1.749999999999973,3.4999999999998117,2.9268000000000143,1
1301,2409,142.425,3.693027210884357,6.0739795918367605,1.25,1
1536,2360,1078.636,2.193017888055368,4.018753606462444,15.885999999999967,1
1536,3008,3739.4825,1.1218344155846804,3.0000000000002496,112.98249999999996,1
2360,2883,118.251,1.1218344155846804,3.0000000000002496,1.4900000000000002,1
