stock1,stock2,trade_capital,open,loss,reward,open_num
2049,2344,278.3695,3.693027210884357,6.0739795918367605,3.3445000000000107,1
2049,2887,279.9445,2.980046948356806,13.515845070422579,4.594500000000011,1
2379,3481,176.21974999999998,3.453852327447829,11.505617977528125,-1.0302500000000094,1
