stock1,stock2,trade_capital,open,loss,reward,open_num
1229,5871,221.99530000000001,3.453852327447829,11.505617977528125,2.945299999999996,1
3481,5871,146.69025,3.2499999999999982,5.500000000000034,1.8402499999999975,1
5871,6116,128.16,2.6328389830508536,8.9762711864407,0.8500000000000014,1
