stock1,stock2,trade_capital,open,loss,reward,open_num
1722,2345,293.36725,5.7367647058823605,13.470588235294136,-1.1327500000000157,1
2454,6456,1732.95,3.2499999999999982,5.500000000000034,-11.260000000000105,1
