stock1,stock2,trade_capital,open,loss,reward,open_num
2890,3481,66.05125,2.6328389830508536,8.9762711864407,0.3012499999999978,1
