stock1,stock2,trade_capital,open,loss,reward,open_num
3045,3532,644.2805,2.6328389830508536,8.9762711864407,0.5304999999999893,1
