stock1,stock2,trade_capital,open,loss,reward,open_num
1504,2337,35.20255,3.693027210884357,6.0739795918367605,-0.26099999999999923,1
1504,3406,271.4755,2.980046948356806,13.515845070422579,-5.3245000000000005,1
1590,3706,428.29274999999996,1.749999999999973,3.4999999999998117,-5.123250000000013,1
2313,2603,30.39945,3.2499999999999982,5.500000000000034,-0.29690000000000083,1
2337,2345,177.9235,5.7367647058823605,13.470588235294136,-1.4365000000000094,1
2345,2454,872.1700000000001,3.2499999999999982,5.500000000000034,-5.743499999999983,1
2610,9910,235.7905,2.086678832116794,6.2883211678832325,-1.7094999999999914,1
