stock1,stock2,trade_capital,open,loss,reward,open_num
1477,2356,169.1593,2.6328389830508536,8.9762711864407,0.45929999999999893,1
2344,6456,266.64325,4.000000000000004,12.500000000000034,-2.056749999999994,1
3019,3045,389.25,3.2499999999999982,5.500000000000034,-2.792999999999978,1
4943,6239,1719.0900000000001,1.4751902346226717,3.9999999999997113,-17.100000000000023,1
