stock1,stock2,trade_capital,open,loss,reward,open_num
1326,2360,255.60000000000002,3.453852327447829,11.505617977528125,0.5,1
