stock1,stock2,trade_capital,open,loss,reward,open_num
2313,2324,191.79,4.151949541284411,10.021788990825703,1.1999999999999993,1
2448,3044,200.05700000000002,1.1218344155846804,3.0000000000002496,-1.4030000000000058,1
