stock1,stock2,trade_capital,open,loss,reward,open_num
2408,3532,739.9369,1.1218344155846804,3.0000000000002496,-9.815600000000018,1
