stock1,stock2,trade_capital,open,loss,reward,open_num
1101,1909,96.9912,2.6328389830508536,8.9762711864407,0.08119999999998129,1
1477,2439,971.594,3.693027210884357,6.0739795918367605,12.593999999999994,1
