stock1,stock2,trade_capital,open,loss,reward,open_num
2308,5871,1047.847,3.453852327447829,11.505617977528125,0.8470000000000368,1
