stock1,stock2,trade_capital,open,loss,reward,open_num
1301,2891,221.96599999999998,2.086678832116794,6.2883211678832325,-0.5090000000000074,1
1301,5880,490.77324999999996,2.193017888055368,4.018753606462444,-1.976750000000024,1
2345,2492,421.5915,1.1218344155846804,3.0000000000002496,-5.303500000000014,1
2360,6269,708.4125,2.6328389830508536,8.9762711864407,-7.17949999999999,1
