stock1,stock2,trade_capital,open,loss,reward,open_num
1326,2915,394.55699999999996,3.2499999999999982,5.500000000000034,-2.5630000000000166,1
1605,2498,89.56155000000001,1.4751902346226717,3.9999999999997113,0.04655000000000342,1
2412,2492,646.056,4.752819548872187,15.016917293233117,-2.944000000000017,1
2492,2618,228.9345,4.752819548872187,15.016917293233117,-0.24049999999999727,1
2498,2915,274.0266,1.4751902346226717,3.9999999999997113,1.6015999999999906,1
