stock1,stock2,trade_capital,open,loss,reward,open_num
2371,2409,75.62245,3.2499999999999982,5.500000000000034,-0.5775500000000022,1
