stock1,stock2,trade_capital,open,loss,reward,open_num
1477,3532,796.6030000000001,2.2499999999999822,7.500000000000021,2.1030000000000086,1
2379,4958,437.848,2.980046948356806,13.515845070422579,-1.0020000000000095,1
