stock1,stock2,trade_capital,open,loss,reward,open_num
1314,2327,388.02225,2.6328389830508536,8.9762711864407,-15.677750000000003,1
2201,3443,282.17100000000005,4.000000000000004,12.500000000000034,-4.278999999999996,1
2308,2344,174.20350000000002,2.193017888055368,4.018753606462444,2.0534999999999997,1
2890,3034,175.947,2.2499999999999822,7.500000000000021,-1.4029999999999987,1
