stock1,stock2,trade_capital,open,loss,reward,open_num
1314,2360,155.43425000000002,2.086678832116794,6.2883211678832325,-0.6657500000000027,1
2353,2834,70.95525,2.086678832116794,6.2883211678832325,0.14024999999999466,1
2371,3443,689.595,2.193017888055368,4.018753606462444,-3.419799999999981,1
2448,3443,294.0685,3.2499999999999982,5.500000000000034,-2.420249999999996,1
