stock1,stock2,trade_capital,open,loss,reward,open_num
1909,9945,184.36775,2.980046948356806,13.515845070422579,-0.057250000000003354,1
