stock1,stock2,trade_capital,open,loss,reward,open_num
1590,2303,592.1999999999999,2.980046948356806,13.515845070422579,-8.0,1
