stock1,stock2,trade_capital,open,loss,reward,open_num
2327,2603,1150.425,4.000000000000004,12.500000000000034,5.0,1
