stock1,stock2,trade_capital,open,loss,reward,open_num
1605,2915,316.8,4.752819548872187,15.016917293233117,3.4000000000000057,1
2357,6269,372.3795,4.000000000000004,12.500000000000034,0.8794999999999931,1
2408,3481,127.9775,3.693027210884357,6.0739795918367605,-0.07250000000000512,1
3481,6269,152.2775,2.980046948356806,13.515845070422579,2.3275000000000006,1
