stock1,stock2,trade_capital,open,loss,reward,open_num
2313,2327,572.7415,4.752819548872187,15.016917293233117,8.641499999999994,1
2345,6505,977.5455,2.6328389830508536,8.9762711864407,-7.854499999999973,1
