stock1,stock2,trade_capital,open,loss,reward,open_num
2439,2610,237.286,3.693027210884357,6.0739795918367605,-0.7139999999999915,1
