stock1,stock2,trade_capital,open,loss,reward,open_num
2492,3034,797.485,2.6328389830508536,8.9762711864407,-4.465000000000032,1
2610,6456,128.29500000000002,2.980046948356806,13.515845070422579,-1.3499999999999943,1
3711,6456,319.276,5.7367647058823605,13.470588235294136,-1.61399999999999,1
