stock1,stock2,trade_capital,open,loss,reward,open_num
1229,2379,294.2235,2.6328389830508536,8.9762711864407,-0.27649999999999864,1
1402,2344,166.23000000000002,2.980046948356806,13.515845070422579,0.4999999999999716,1
2344,3008,3761.2855,2.6328389830508536,8.9762711864407,10.285499999999999,1
