stock1,stock2,trade_capital,open,loss,reward,open_num
2027,2492,602.188,1.4751902346226717,3.9999999999997113,16.937999999999988,1
2492,9910,684.046,1.749999999999973,3.4999999999998117,19.74599999999998,1
