stock1,stock2,trade_capital,open,loss,reward,open_num
2308,2395,726.9105,1.749999999999973,3.4999999999998117,3.910500000000013,1
2439,2867,193.05,3.2499999999999982,5.500000000000034,2.25,1
