stock1,stock2,trade_capital,open,loss,reward,open_num
1101,3443,1083.6000000000001,2.086678832116794,6.2883211678832325,-21.807249999999954,1
1314,3443,380.37350000000004,2.6328389830508536,8.9762711864407,-7.225500000000025,1
2347,3443,373.23,4.752819548872187,15.016917293233117,4.8999999999999915,1
2371,9910,338.13255000000004,3.453852327447829,11.505617977528125,-4.167449999999988,1
2892,3443,403.49850000000004,4.752819548872187,15.016917293233117,3.6984999999999957,1
