stock1,stock2,trade_capital,open,loss,reward,open_num
2002,3008,3535.625,2.6328389830508536,8.9762711864407,-0.875,1
2618,3008,3472.2,2.6328389830508536,8.9762711864407,10.0,1
