stock1,stock2,trade_capital,open,loss,reward,open_num
2377,3406,990.9475,2.086678832116794,6.2883211678832325,-14.107999999999947,1
2377,3673,400.95000000000005,3.693027210884357,6.0739795918367605,3.0,1
2492,3406,2450.202,2.086678832116794,6.2883211678832325,-32.162000000000035,1
6285,6456,1132.47,2.6328389830508536,8.9762711864407,-2.0,1
