stock1,stock2,trade_capital,open,loss,reward,open_num
2308,2337,828.81,4.000000000000004,12.500000000000034,-3.0999999999999943,1
2377,6456,762.4282,3.453852327447829,11.505617977528125,-3.8718000000000075,1
2383,6269,682.65,2.6328389830508536,8.9762711864407,9.0,1
