stock1,stock2,trade_capital,open,loss,reward,open_num
1536,4938,659.61,2.086678832116794,6.2883211678832325,3.8000000000000114,1
3034,6456,1157.48,3.2499999999999982,5.500000000000034,-8.652500000000032,1
