stock1,stock2,trade_capital,open,loss,reward,open_num
2360,2888,201.36599999999999,2.086678832116794,6.2883211678832325,-3.959000000000003,1
