stock1,stock2,trade_capital,open,loss,reward,open_num
1314,1477,213.8205,2.086678832116794,6.2883211678832325,0.5455000000000041,1
2492,3034,853.032,2.6328389830508536,8.9762711864407,-9.317999999999984,1
2606,3026,332.8265,5.7367647058823605,13.470588235294136,-4.773500000000013,1
