stock1,stock2,trade_capital,open,loss,reward,open_num
3532,4958,473.4815,4.000000000000004,12.500000000000034,4.981499999999983,1
3532,5871,621.45,2.6328389830508536,8.9762711864407,10.0,1
