stock1,stock2,trade_capital,open,loss,reward,open_num
2002,2492,316.71250000000003,1.749999999999973,3.4999999999998117,-4.486999999999995,1
2231,3231,458.24075000000005,2.6328389830508536,8.9762711864407,1.390749999999997,1
2344,2492,303.5865,2.6328389830508536,8.9762711864407,-9.163499999999999,1
2376,2498,390.723,1.2162849872773496,7.4631043256997405,5.983000000000004,1
2492,2882,1199.9199999999998,1.2162849872773496,7.4631043256997405,-68.05880000000005,1
