stock1,stock2,trade_capital,open,loss,reward,open_num
2327,2409,508.408,3.2499999999999982,5.500000000000034,-4.192,1
2327,3443,1761.3809999999999,3.2499999999999982,5.500000000000034,-9.083000000000084,1
2492,3443,1905.3809999999999,4.752819548872187,15.016917293233117,-8.619000000000028,1
2492,9933,454.35299999999995,4.000000000000004,12.500000000000034,-2.247000000000014,1
