stock1,stock2,trade_capital,open,loss,reward,open_num
1314,2383,144.0,3.2499999999999982,5.500000000000034,-1.5,1
2344,6505,182.47500000000002,4.752819548872187,15.016917293233117,0.75,1
