stock1,stock2,trade_capital,open,loss,reward,open_num
1504,4938,154.305,5.7367647058823605,13.470588235294136,0.29999999999999716,1
3443,4938,538.4865,4.000000000000004,12.500000000000034,5.086500000000001,1
