stock1,stock2,trade_capital,open,loss,reward,open_num
1504,2474,390.52,2.6328389830508536,8.9762711864407,-2.430000000000007,1
2027,2474,1639.1025,1.4751902346226717,3.9999999999997113,-13.457500000000039,1
2027,3532,657.4383,2.086678832116794,6.2883211678832325,12.038299999999992,1
2303,2360,180.55200000000002,4.752819548872187,15.016917293233117,0.8020000000000067,1
2337,3406,307.703,2.086678832116794,6.2883211678832325,-8.921999999999997,1
2360,3532,918.483,2.6328389830508536,8.9762711864407,-5.516999999999996,1
2474,3532,1429.7145,2.980046948356806,13.515845070422579,0.7145000000000437,1
2603,3532,162.067,2.6328389830508536,8.9762711864407,1.0670000000000002,1
