stock1,stock2,trade_capital,open,loss,reward,open_num
2303,9945,72.69905,4.000000000000004,12.500000000000034,0.049050000000008254,1
