stock1,stock2,trade_capital,open,loss,reward,open_num
1319,6269,780.5525,2.086678832116794,6.2883211678832325,5.252500000000055,1
2330,6269,837.48,2.086678832116794,6.2883211678832325,1.980000000000075,1
