stock1,stock2,trade_capital,open,loss,reward,open_num
2337,2888,97.63725,2.086678832116794,6.2883211678832325,-0.12775000000000603,1
