stock1,stock2,trade_capital,open,loss,reward,open_num
1590,9904,2433.1572,2.980046948356806,13.515845070422579,9.157199999999989,1
