stock1,stock2,trade_capital,open,loss,reward,open_num
2337,3406,268.539,4.752819548872187,15.016917293233117,2.4890000000000043,1
2395,2474,1706.466,2.980046948356806,13.515845070422579,-7.533999999999992,1
