stock1,stock2,trade_capital,open,loss,reward,open_num
2313,2345,421.47,1.749999999999973,3.4999999999998117,-1.1000000000000227,1
