stock1,stock2,trade_capital,open,loss,reward,open_num
1477,2379,505.35,2.6328389830508536,8.9762711864407,3.0,1
1909,2379,149.5292,2.6328389830508536,8.9762711864407,0.029200000000003,1
2345,2352,188.55,5.7367647058823605,13.470588235294136,-0.25,1
2379,6116,169.16875,2.086678832116794,6.2883211678832325,0.4687499999999929,1
