stock1,stock2,trade_capital,open,loss,reward,open_num
2303,6269,504.12399999999997,2.086678832116794,6.2883211678832325,4.673999999999978,1
