stock1,stock2,trade_capital,open,loss,reward,open_num
1504,2492,334.4935,4.151949541284411,10.021788990825703,-11.006500000000017,1
2002,2492,319.43,2.6328389830508536,8.9762711864407,-1.8950000000000102,1
2492,2882,1214.605,2.6328389830508536,8.9762711864407,-8.224999999999909,1
