stock1,stock2,trade_capital,open,loss,reward,open_num
2327,2610,1144.705,2.086678832116794,6.2883211678832325,-28.55810000000006,1
