stock1,stock2,trade_capital,open,loss,reward,open_num
1210,1536,703.4125,1.4751902346226717,3.9999999999997113,2.917499999999972,1
1301,1536,478.35,3.2499999999999982,5.500000000000034,0.8999999999999773,1
1536,2360,1078.636,2.193017888055368,4.018753606462444,1.3859999999999673,1
1536,3008,3741.975,1.4751902346226717,3.9999999999997113,35.47500000000002,1
2371,2408,160.28879999999998,2.6328389830508536,8.9762711864407,0.11880000000000024,1
2408,3532,480.76,2.980046948356806,13.515845070422579,-0.839999999999975,1
