stock1,stock2,trade_capital,open,loss,reward,open_num
2492,6269,846.3525,2.086678832116794,6.2883211678832325,-0.09749999999996817,1
3532,6176,353.88,3.453852327447829,11.505617977528125,-2.0999999999999943,1
