stock1,stock2,trade_capital,open,loss,reward,open_num
2327,2337,381.8285,7.837962962962951,12.745370370370392,0.22849999999999682,1
2337,3706,157.05349999999999,5.7367647058823605,13.470588235294136,0.5285000000000082,1
