stock1,stock2,trade_capital,open,loss,reward,open_num
2345,3532,830.16,2.2499999999999822,7.500000000000021,18.900000000000006,1
