stock1,stock2,trade_capital,open,loss,reward,open_num
1590,9933,490.725,4.752819548872187,15.016917293233117,-1.5,1
1536,6116,154.44,5.7367647058823605,13.470588235294136,1.1499999999999986,1
2027,2409,109.4184,2.2499999999999822,7.500000000000021,0.09340000000000259,1
2049,2344,337.983,2.980046948356806,13.515845070422579,-1.7669999999999817,1
2356,6456,242.10000000000002,2.980046948356806,13.515845070422579,1.0,1
