stock1,stock2,trade_capital,open,loss,reward,open_num
2327,3026,2115.8559999999998,2.980046948356806,13.515845070422579,2.8559999999999945,1
