stock1,stock2,trade_capital,open,loss,reward,open_num
1314,3481,73.125,2.6328389830508536,8.9762711864407,0.05000000000000071,1
2344,2377,173.19549999999998,3.2499999999999982,5.500000000000034,-0.054500000000004434,1
