stock1,stock2,trade_capital,open,loss,reward,open_num
3034,6456,770.403,3.2499999999999982,5.500000000000034,5.802999999999997,1
