stock1,stock2,trade_capital,open,loss,reward,open_num
1314,9904,74.2888,4.752819548872187,15.016917293233117,-0.13620000000000232,1
2344,6239,338.7125,1.749999999999973,3.4999999999998117,-1.0325000000000166,1
2603,3034,315.052,2.086678832116794,6.2883211678832325,-1.2479999999999691,1
2610,3532,173.8515,2.6328389830508536,8.9762711864407,0.37649999999999295,1
3532,3706,234.93025,1.4751902346226717,3.9999999999997113,5.130250000000004,1
