stock1,stock2,trade_capital,open,loss,reward,open_num
2308,2360,687.3945,3.453852327447829,11.505617977528125,-0.35550000000000637,1
2337,2891,108.8177,4.752819548872187,15.016917293233117,-0.05730000000000146,1
2345,2454,872.1700000000001,3.2499999999999982,5.500000000000034,-3.3799999999999955,1
