stock1,stock2,trade_capital,open,loss,reward,open_num
1227,1326,571.59,2.086678832116794,6.2883211678832325,2.5,1
2027,2492,597.45225,0.7288428324698772,4.0090056748083995,-4.547750000000008,1
2049,2492,2408.752,0.7288428324698772,4.0090056748083995,4.7520000000000095,1
2492,3481,471.33175,1.4751902346226717,3.9999999999997113,-2.9182499999999862,1
2492,9904,581.99875,0.7288428324698772,4.0090056748083995,-3.751249999999999,1
