stock1,stock2,trade_capital,open,loss,reward,open_num
1590,2049,3031.756,3.2499999999999982,5.500000000000034,11.755999999999972,1
