stock1,stock2,trade_capital,open,loss,reward,open_num
2303,3443,343.89650000000006,3.453852327447829,11.505617977528125,0.2464999999999975,1
3019,3443,1634.7375,3.2499999999999982,5.500000000000034,4.487500000000011,1
6269,6414,889.4855,3.2499999999999982,5.500000000000034,-1.9144999999999754,1
