stock1,stock2,trade_capital,open,loss,reward,open_num
2439,2867,180.84300000000002,3.2499999999999982,5.500000000000034,0.043000000000006366,1
