stock1,stock2,trade_capital,open,loss,reward,open_num
2354,2492,759.789,3.693027210884357,6.0739795918367605,-1.6610000000000014,1
