stock1,stock2,trade_capital,open,loss,reward,open_num
2360,9914,751.278,2.6328389830508536,8.9762711864407,-1.8719999999999573,1
3026,6505,977.455,2.6328389830508536,8.9762711864407,-4.644999999999982,1
