stock1,stock2,trade_capital,open,loss,reward,open_num
1314,2347,75.7299,2.6328389830508536,8.9762711864407,0.17489999999999384,1
1314,2379,172.0435,2.980046948356806,13.515845070422579,1.6684999999999945,1
2347,6176,320.1512,2.6328389830508536,8.9762711864407,0.501199999999983,1
2357,3702,350.37555,5.7367647058823605,13.470588235294136,0.12555000000000405,1
2610,5871,137.75975,2.6328389830508536,8.9762711864407,-0.07025000000000858,1
