stock1,stock2,trade_capital,open,loss,reward,open_num
2303,2498,94.77000000000001,3.2499999999999982,5.500000000000034,0.10000000000000142,1
2303,3702,75.24000000000001,4.000000000000004,12.500000000000034,0.10000000000000142,1
2345,2498,480.33000000000004,2.6328389830508536,8.9762711864407,-0.6500000000000057,1
