stock1,stock2,trade_capital,open,loss,reward,open_num
1314,6456,179.325,2.193017888055368,4.018753606462444,0.75,1
2376,3026,280.19820000000004,2.086678832116794,6.2883211678832325,-0.3517999999999688,1
