stock1,stock2,trade_capital,open,loss,reward,open_num
1605,2448,152.95499999999998,3.2499999999999982,5.500000000000034,0.14999999999998792,1
2448,2454,481.6665,4.151949541284411,10.021788990825703,-0.708500000000015,1
