stock1,stock2,trade_capital,open,loss,reward,open_num
1314,2313,91.6085,4.000000000000004,12.500000000000034,0.5085000000000015,1
1314,2915,88.92,4.000000000000004,12.500000000000034,0.29999999999999716,1
1314,3034,207.984,3.453852327447829,11.505617977528125,0.0589999999999975,1
2049,2379,866.0595000000001,3.453852327447829,11.505617977528125,2.559500000000014,1
