stock1,stock2,trade_capital,open,loss,reward,open_num
6285,6456,1132.47,2.6328389830508536,8.9762711864407,5.0,1
