stock1,stock2,trade_capital,open,loss,reward,open_num
1605,3034,212.61025,2.086678832116794,6.2883211678832325,-0.6397500000000065,1
2303,2633,78.25500000000001,2.6328389830508536,8.9762711864407,0.5499999999999972,1
2303,3231,68.1924,2.6328389830508536,8.9762711864407,0.2923999999999971,1
2303,3406,245.9575,2.6328389830508536,8.9762711864407,4.907499999999999,1
2303,3682,45.3217,2.6328389830508536,8.9762711864407,0.36169999999999813,1
2439,3532,826.2475000000001,2.2499999999999822,7.500000000000021,-0.8524999999999636,1
