stock1,stock2,trade_capital,open,loss,reward,open_num
2474,3673,1000.451,2.980046948356806,13.515845070422579,-1.0489999999999782,1
3481,6269,175.22275,2.980046948356806,13.515845070422579,-0.5272500000000093,1
