stock1,stock2,trade_capital,open,loss,reward,open_num
1909,2498,236.02965,4.000000000000004,12.500000000000034,0.3496500000000111,1
2610,4904,120.1765,2.086678832116794,6.2883211678832325,-0.12350000000000705,1
