stock1,stock2,trade_capital,open,loss,reward,open_num
1536,2313,212.5045,3.693027210884357,6.0739795918367605,1.954499999999996,1
