stock1,stock2,trade_capital,open,loss,reward,open_num
1590,6505,854.25,2.6328389830508536,8.9762711864407,-3.2999999999999545,1
2888,3406,261.927,2.6328389830508536,8.9762711864407,0.10200000000000387,1
