stock1,stock2,trade_capital,open,loss,reward,open_num
2344,5871,152.1355,3.453852327447829,11.505617977528125,0.19549999999999557,1
4958,6456,776.1965,3.2499999999999982,5.500000000000034,-0.15350000000000819,1
