stock1,stock2,trade_capital,open,loss,reward,open_num
1326,1477,705.15,1.1218344155846804,3.0000000000002496,-2.0,1
