stock1,stock2,trade_capital,open,loss,reward,open_num
1722,6456,356.4275,5.7367647058823605,13.470588235294136,-1.322499999999991,1
