stock1,stock2,trade_capital,open,loss,reward,open_num
1216,3443,652.0695000000001,1.2162849872773496,7.4631043256997405,3.9694999999999823,1
