stock1,stock2,trade_capital,open,loss,reward,open_num
1301,2492,620.7975,2.980046948356806,13.515845070422579,0.9474999999999909,1
2345,3034,345.58050000000003,2.086678832116794,6.2883211678832325,1.180499999999995,1
2883,3443,346.34475,2.086678832116794,6.2883211678832325,0.5947499999999977,1
