stock1,stock2,trade_capital,open,loss,reward,open_num
2344,3008,3734.2855,2.980046948356806,13.515845070422579,40.2855,1
2352,3026,501.75,2.6328389830508536,8.9762711864407,-9.399250000000023,1
2912,3026,910.4125,3.2499999999999982,5.500000000000034,-10.399499999999989,1
