stock1,stock2,trade_capital,open,loss,reward,open_num
2345,2377,950.141,2.2499999999999822,7.500000000000021,-7.859000000000037,1
