stock1,stock2,trade_capital,open,loss,reward,open_num
1477,2454,1607.5249999999999,5.7367647058823605,13.470588235294136,6.474999999999909,1
2885,2912,366.96099999999996,1.749999999999973,3.4999999999998117,-0.9390000000000214,1
