stock1,stock2,trade_capital,open,loss,reward,open_num
2327,2395,1555.075,4.000000000000004,12.500000000000034,-0.22499999999990905,1
2327,3034,1210.3890000000001,3.2499999999999982,5.500000000000034,-11.35349999999994,1
2345,3443,390.298,1.749999999999973,3.4999999999998117,-5.402099999999976,1
2395,3443,1356.21,5.7367647058823605,13.470588235294136,-1.740000000000009,1
2845,3443,354.67900000000003,2.980046948356806,13.515845070422579,-2.1709999999999923,1
3406,3443,911.2760000000001,4.000000000000004,12.500000000000034,0.17600000000004457,1
