stock1,stock2,trade_capital,open,loss,reward,open_num
2377,3443,810.45,2.2499999999999822,7.500000000000021,-4.5,1
