stock1,stock2,trade_capital,open,loss,reward,open_num
2379,3532,862.7975,2.086678832116794,6.2883211678832325,-6.702499999999986,1
2360,2603,291.86775,2.086678832116794,6.2883211678832325,-4.941250000000018,1
2603,6456,158.917,2.193017888055368,4.018753606462444,2.067,1
2603,9910,227.76700000000002,2.193017888055368,4.018753606462444,-0.6829999999999998,1
3406,3532,727.5840000000001,2.086678832116794,6.2883211678832325,-2.165999999999997,1
