stock1,stock2,trade_capital,open,loss,reward,open_num
1314,2345,168.0355,2.980046948356806,13.515845070422579,0.785499999999999,1
1314,2379,174.3355,3.2499999999999982,5.500000000000034,-0.06100000000000705,1
1314,2439,228.7855,3.2499999999999982,5.500000000000034,-1.7380000000000138,1
