stock1,stock2,trade_capital,open,loss,reward,open_num
1314,2301,92.85470000000001,3.2499999999999982,5.500000000000034,0.1296999999999997,1
1314,2360,171.518,2.980046948356806,13.515845070422579,-0.3569999999999993,1
1536,2344,189.619,3.2499999999999982,5.500000000000034,0.3689999999999998,1
2439,3682,147.09050000000002,3.2499999999999982,5.500000000000034,0.29050000000000153,1
