stock1,stock2,trade_capital,open,loss,reward,open_num
1301,2049,864.3885,2.980046948356806,13.515845070422579,1.8885000000000218,1
