stock1,stock2,trade_capital,open,loss,reward,open_num
1314,4943,336.825,2.6328389830508536,8.9762711864407,-1.5,1
4943,6239,1737.45,0.7288428324698772,4.0090056748083995,-37.5,1
