stock1,stock2,trade_capital,open,loss,reward,open_num
1314,2492,185.538,2.6328389830508536,8.9762711864407,0.8629999999999995,1
1101,2618,114.4556,3.693027210884357,6.0739795918367605,-0.044400000000003104,1
2492,2618,205.13275,3.693027210884357,6.0739795918367605,0.6327500000000015,1
