stock1,stock2,trade_capital,open,loss,reward,open_num
2371,2449,133.1648,3.2499999999999982,5.500000000000034,-0.1352000000000011,1
