stock1,stock2,trade_capital,open,loss,reward,open_num
2371,2377,210.01500000000001,2.6328389830508536,8.9762711864407,-0.549999999999983,1
