stock1,stock2,trade_capital,open,loss,reward,open_num
2049,3481,344.9165,2.980046948356806,13.515845070422579,-0.13350000000002638,1
2371,2454,422.72400000000005,2.6328389830508536,8.9762711864407,-0.8259999999999934,1
