stock1,stock2,trade_capital,open,loss,reward,open_num
3231,4915,162.3718,4.8633603238866225,7.977058029689605,0.0018000000000171212,1
