stock1,stock2,trade_capital,open,loss,reward,open_num
2379,3034,768.235,2.980046948356806,13.515845070422579,-0.46500000000003183,1
2492,3034,797.485,2.6328389830508536,8.9762711864407,-4.465000000000032,1
