stock1,stock2,trade_capital,open,loss,reward,open_num
2610,6456,127.755,3.693027210884357,6.0739795918367605,-0.75,1
3711,6456,319.096,6.071428571428564,16.47435897435901,-1.4140000000000015,1
