stock1,stock2,trade_capital,open,loss,reward,open_num
3682,9938,167.7985,2.086678832116794,6.2883211678832325,-0.40149999999999864,1
