stock1,stock2,trade_capital,open,loss,reward,open_num
1314,2345,166.1035,3.453852327447829,11.505617977528125,0.30349999999999966,1
3532,6269,564.6110000000001,2.980046948356806,13.515845070422579,0.7110000000000127,1
