stock1,stock2,trade_capital,open,loss,reward,open_num
2027,2344,263.82280000000003,5.7367647058823605,13.470588235294136,-1.5772000000000048,1
2344,2801,77.625,4.000000000000004,12.500000000000034,0.050000000000007816,1
2353,2383,188.235,4.000000000000004,12.500000000000034,-1.92355000000002,1
2890,6456,222.48425,3.693027210884357,6.0739795918367605,0.8342499999999973,1
