stock1,stock2,trade_capital,open,loss,reward,open_num
2327,2408,701.55,2.980046948356806,13.515845070422579,2.5,1
