stock1,stock2,trade_capital,open,loss,reward,open_num
1314,2049,249.48425,2.193017888055368,4.018753606462444,-0.5652499999999918,1
1314,2308,169.38425,2.6328389830508536,8.9762711864407,1.3342499999999973,1
1314,2345,136.71425,2.6328389830508536,8.9762711864407,1.2342499999999887,1
1314,2606,70.9324,2.6328389830508536,8.9762711864407,-0.482600000000005,1
