stock1,stock2,trade_capital,open,loss,reward,open_num
1303,2308,487.26149999999996,4.8633603238866225,7.977058029689605,3.361499999999978,1
1605,2606,90.62575000000001,3.693027210884357,6.0739795918367605,0.1457499999999996,1
