stock1,stock2,trade_capital,open,loss,reward,open_num
2353,5871,200.7425,2.980046948356806,13.515845070422579,0.6924999999999955,1
