stock1,stock2,trade_capital,open,loss,reward,open_num
1101,9910,291.2436,2.980046948356806,13.515845070422579,-0.6563999999999908,1
2439,3034,704.038,1.749999999999973,3.4999999999998117,2.0880000000000223,1
