stock1,stock2,trade_capital,open,loss,reward,open_num
1536,1909,306.48525,1.749999999999973,3.4999999999998117,1.4352499999999964,1
1536,2395,1233.12,1.4751902346226717,3.9999999999997113,24.519999999999982,1
1909,2395,384.086,1.4751902346226717,3.9999999999997113,1.186000000000007,1
1802,2395,272.475,1.4751902346226717,3.9999999999997113,5.5,1
2448,2915,383.085,2.086678832116794,6.2883211678832325,4.350000000000023,1
2812,6414,500.44550000000004,2.193017888055368,4.018753606462444,-14.36399999999999,1
2915,6414,651.1500000000001,2.086678832116794,6.2883211678832325,5.099999999999994,1
3034,6414,2658.258,2.086678832116794,6.2883211678832325,-1.2420000000000186,1
