stock1,stock2,trade_capital,open,loss,reward,open_num
3406,4958,723.377,5.7367647058823605,13.470588235294136,5.476999999999975,1
