stock1,stock2,trade_capital,open,loss,reward,open_num
1319,2345,404.08410000000003,3.2499999999999982,5.500000000000034,1.4841000000000406,1
1590,2888,393.7385,2.6328389830508536,8.9762711864407,-7.5364999999999895,1
2002,2603,104.1343,2.980046948356806,13.515845070422579,0.2592999999999961,1
