stock1,stock2,trade_capital,open,loss,reward,open_num
2357,2408,482.85,2.6328389830508536,8.9762711864407,2.5,1
2385,2618,132.2673,5.7367647058823605,13.470588235294136,-0.13269999999999982,1
2618,3481,85.455,5.7367647058823605,13.470588235294136,0.19999999999999574,1
