stock1,stock2,trade_capital,open,loss,reward,open_num
1301,2360,663.428,1.749999999999973,3.4999999999998117,-5.637500000000017,1
1301,2603,145.18825,4.752819548872187,15.016917293233117,0.8782499999999942,1
1504,2603,87.58824999999999,4.752819548872187,15.016917293233117,0.9282499999999985,1
1536,2408,340.8615,3.2499999999999982,5.500000000000034,-2.3090000000000117,1
1476,2327,2819.148,3.2499999999999982,5.500000000000034,-15.85200000000009,1
2317,2360,583.548,3.2499999999999982,5.500000000000034,-4.317999999999984,1
5880,9914,187.14425,3.453852327447829,11.505617977528125,-0.005750000000006139,1
