stock1,stock2,trade_capital,open,loss,reward,open_num
2379,3034,642.958,1.749999999999973,3.4999999999998117,7.45799999999997,1
