stock1,stock2,trade_capital,open,loss,reward,open_num
2327,2371,1061.3065,1.4751902346226717,3.9999999999997113,-19.19350000000003,1
2454,2492,1264.95,1.4751902346226717,3.9999999999997113,5.5,1
