stock1,stock2,trade_capital,open,loss,reward,open_num
1227,3034,675.09,2.6328389830508536,8.9762711864407,-0.3999999999999986,1
