stock1,stock2,trade_capital,open,loss,reward,open_num
2377,2409,122.59174999999999,2.6328389830508536,8.9762711864407,-0.03825000000001211,1
