stock1,stock2,trade_capital,open,loss,reward,open_num
1909,2379,149.5292,2.193017888055368,4.018753606462444,-1.4878,1
3034,3481,193.72500000000002,3.453852327447829,11.505617977528125,0.5,1
