stock1,stock2,trade_capital,open,loss,reward,open_num
1802,2049,419.755,1.749999999999973,3.4999999999998117,0.40500000000000114,1
2360,3706,854.1,2.086678832116794,6.2883211678832325,-14.800549999999959,1
6505,9938,731.798,4.000000000000004,12.500000000000034,4.797999999999945,1
