stock1,stock2,trade_capital,open,loss,reward,open_num
2454,2492,1569.0774999999999,3.2499999999999982,5.500000000000034,3.277499999999975,1
3019,3443,1634.7375,2.6328389830508536,8.9762711864407,-0.5124999999999886,1
