stock1,stock2,trade_capital,open,loss,reward,open_num
2834,6456,131.04000000000002,2.086678832116794,6.2883211678832325,-1.25,1
