stock1,stock2,trade_capital,open,loss,reward,open_num
2354,3673,550.2600000000001,3.693027210884357,6.0739795918367605,-0.8000000000000114,1
