stock1,stock2,trade_capital,open,loss,reward,open_num
1504,2492,332.25025,2.193017888055368,4.018753606462444,-3.249750000000006,1
2002,2492,319.205,2.980046948356806,13.515845070422579,-10.89500000000001,1
2231,3231,458.24075000000005,2.6328389830508536,8.9762711864407,1.390749999999997,1
2344,2492,302.091,1.749999999999973,3.4999999999998117,-3.158999999999992,1
2492,2882,1197.4275,1.1218344155846804,3.0000000000002496,-21.448599999999914,1
