stock1,stock2,trade_capital,open,loss,reward,open_num
2337,2376,415.26,2.980046948356806,13.515845070422579,-6.0,1
