stock1,stock2,trade_capital,open,loss,reward,open_num
1536,6505,410.4,3.453852327447829,11.505617977528125,1.0,1
1605,2449,78.20235000000001,2.980046948356806,13.515845070422579,-0.23765000000000214,1
2049,6505,708.75,3.2499999999999982,5.500000000000034,1.0,1
2344,2449,95.7948,2.980046948356806,13.515845070422579,-0.10020000000000451,1
2360,6505,602.1,3.2499999999999982,5.500000000000034,2.5,1
2409,2812,57.105,2.6328389830508536,8.9762711864407,-0.1999999999999993,1
3034,3711,542.6955,3.2499999999999982,5.500000000000034,3.0955000000000155,1
3406,6505,675.45,3.2499999999999982,5.500000000000034,2.0,1
3443,6505,666.9,3.2499999999999982,5.500000000000034,7.5,1
