stock1,stock2,trade_capital,open,loss,reward,open_num
1314,3406,245.47500000000002,2.6328389830508536,8.9762711864407,5.5,1
1536,3406,308.25,2.086678832116794,6.2883211678832325,4.0,1
2498,3443,416.73225,2.980046948356806,13.515845070422579,6.032250000000005,1
