stock1,stock2,trade_capital,open,loss,reward,open_num
2383,3231,309.3325,2.6328389830508536,8.9762711864407,-2.117500000000007,1
2383,3406,624.6,2.086678832116794,6.2883211678832325,-6.0,1
