stock1,stock2,trade_capital,open,loss,reward,open_num
3034,3443,1587.255,4.151949541284411,10.021788990825703,-19.995000000000005,1
