stock1,stock2,trade_capital,open,loss,reward,open_num
2327,2890,1090.24,2.6328389830508536,8.9762711864407,6.615000000000009,1
