stock1,stock2,trade_capital,open,loss,reward,open_num
2049,6285,546.843,3.2499999999999982,5.500000000000034,-2.2369999999999948,1
2317,2439,272.3225,3.2499999999999982,5.500000000000034,1.402499999999975,1
