stock1,stock2,trade_capital,open,loss,reward,open_num
2347,3443,374.13,2.6328389830508536,8.9762711864407,3.8999999999999915,1
