stock1,stock2,trade_capital,open,loss,reward,open_num
2324,2383,145.81125,3.453852327447829,11.505617977528125,-1.3387500000000045,1
