stock1,stock2,trade_capital,open,loss,reward,open_num
2308,2395,726.9105,1.4751902346226717,3.9999999999997113,3.910500000000013,1
2337,3443,283.275,2.193017888055368,4.018753606462444,0.75,1
