stock1,stock2,trade_capital,open,loss,reward,open_num
1227,1326,571.59,1.749999999999973,3.4999999999998117,-4.397799999999975,1
1326,2448,210.4269,3.2499999999999982,5.500000000000034,-1.765100000000018,1
1326,3231,211.723,4.151949541284411,10.021788990825703,0.6730000000000018,1
2492,3481,471.33175,1.4751902346226717,3.9999999999997113,15.581750000000014,1
2492,4938,731.2995000000001,1.749999999999973,3.4999999999998117,17.799500000000023,1
2492,9904,581.5002499999999,0.5000000000002669,2.500000000000112,6.000249999999966,1
