stock1,stock2,trade_capital,open,loss,reward,open_num
1326,3406,974.9075,3.453852327447829,11.505617977528125,7.15749999999997,1
2888,3026,239.283,2.6328389830508536,8.9762711864407,0.9329999999999927,1
