stock1,stock2,trade_capital,open,loss,reward,open_num
2409,3406,254.12975,4.752819548872187,15.016917293233117,0.3297499999999971,1
2409,6456,158.529,4.000000000000004,12.500000000000034,-0.9209999999999994,1
2606,3406,335.586,2.6328389830508536,8.9762711864407,-3.813999999999993,1
