stock1,stock2,trade_capital,open,loss,reward,open_num
2357,2371,346.09925,4.000000000000004,12.500000000000034,-4.050749999999994,1
