stock1,stock2,trade_capital,open,loss,reward,open_num
1314,2313,91.6085,3.693027210884357,6.0739795918367605,-0.544749999999997,1
1314,2454,320.1465,3.693027210884357,6.0739795918367605,-0.48175000000000523,1
1314,2915,88.92,3.693027210884357,6.0739795918367605,0.29999999999999716,1
2049,2345,833.492,2.086678832116794,6.2883211678832325,10.992000000000019,1
