stock1,stock2,trade_capital,open,loss,reward,open_num
1319,2379,159.05949999999999,1.2162849872773496,7.4631043256997405,0.9594999999999914,1
