stock1,stock2,trade_capital,open,loss,reward,open_num
1319,6505,732.9430000000001,4.000000000000004,12.500000000000034,1.1180000000000518,1
1590,3406,1892.5875,4.151949541284411,10.021788990825703,-51.71250000000009,1
1477,3406,681.727,0.5000000000002669,2.500000000000112,-22.158500000000004,1
2354,2449,186.4845,2.086678832116794,6.2883211678832325,-1.4255000000000067,1
2603,3406,302.2355,2.086678832116794,6.2883211678832325,-9.239499999999992,1
2812,3406,291.24150000000003,1.1218344155846804,3.0000000000002496,-8.891749999999995,1
2915,3406,508.477,0.7288428324698772,4.0090056748083995,-17.223000000000013,1
3406,4938,405.2265,1.2162849872773496,7.4631043256997405,-11.833499999999958,1
