stock1,stock2,trade_capital,open,loss,reward,open_num
2409,2352,121.16145,2.6328389830508536,8.9762711864407,0.46144999999999925,1
2448,3443,788.6030000000001,2.6328389830508536,8.9762711864407,2.6030000000000086,1
2448,9945,201.4959,2.6328389830508536,8.9762711864407,0.8209000000000017,1
