stock1,stock2,trade_capital,open,loss,reward,open_num
2633,3706,126.79380000000002,2.193017888055368,4.018753606462444,0.11380000000001189,1
2474,3673,748.35,1.749999999999973,3.4999999999998117,5.5,1
2344,6414,453.591,1.749999999999973,3.4999999999998117,-1.8840000000000146,1
2448,2542,187.92000000000002,1.749999999999973,3.4999999999998117,0.45000000000000284,1
3034,6116,156.959,2.980046948356806,13.515845070422579,1.1840000000000046,1
