stock1,stock2,trade_capital,open,loss,reward,open_num
1101,2324,130.57255,1.749999999999973,3.4999999999998117,-0.7234499999999997,1
2324,2330,313.3725,2.086678832116794,6.2883211678832325,-0.4025000000000034,1
6505,6269,332.802,2.980046948356806,13.515845070422579,1.3520000000000039,1
2439,2498,739.35,4.000000000000004,12.500000000000034,4.0,1
