stock1,stock2,trade_capital,open,loss,reward,open_num
1326,1605,125.44470000000001,2.086678832116794,6.2883211678832325,-0.6052999999999997,1
2883,2015,100.63775,2.086678832116794,6.2883211678832325,0.09774999999999778,1
2883,2603,111.6508,2.6328389830508536,8.9762711864407,0.05079999999999529,1
2412,3406,556.1795,2.6328389830508536,8.9762711864407,2.1795000000000186,1
1314,2015,126.809,2.086678832116794,6.2883211678832325,0.3690000000000069,1
