stock1,stock2,trade_capital,open,loss,reward,open_num
2303,6269,202.6905,3.453852327447829,11.505617977528125,0.3404999999999916,1
1536,2377,654.456,2.6328389830508536,8.9762711864407,1.7760000000000105,1
1536,9921,711.858,2.6328389830508536,8.9762711864407,2.858000000000004,1
2356,2377,179.81525,3.693027210884357,6.0739795918367605,0.24525000000001285,1
3702,9921,655.27825,3.693027210884357,6.0739795918367605,-0.9717500000000143,1
