stock1,stock2,trade_capital,open,loss,reward,open_num
2303,2383,190.91675,3.453852327447829,11.505617977528125,-1.2332499999999982,1
2301,2317,233.12249999999997,2.086678832116794,6.2883211678832325,-2.2875499999999533,1
2301,1605,100.6482,1.749999999999973,3.4999999999998117,-0.5651500000000027,1
2301,2610,96.89975,1.749999999999973,3.4999999999998117,0.27974999999999994,1
2317,2542,256.7025,2.6328389830508536,8.9762711864407,0.5625,1
2317,9938,842.9635000000001,2.086678832116794,6.2883211678832325,0.9635000000000105,1
2890,2610,65.81197,1.1218344155846804,3.0000000000002496,0.3019699999999972,1
2383,3034,698.8969999999999,2.086678832116794,6.2883211678832325,1.3969999999999771,1
3034,3443,778.05,1.1218344155846804,3.0000000000002496,3.0,1
