stock1,stock2,trade_capital,open,loss,reward,open_num
2454,3532,721.3375,1.1218344155846804,3.0000000000002496,-7.296500000000037,1
3481,2204,39.72945,2.6328389830508536,8.9762711864407,-0.08054999999999879,1
3481,2618,104.805,2.6328389830508536,8.9762711864407,0.09999999999999432,1
2912,2618,293.625,3.453852327447829,11.505617977528125,1.0,1
1722,2618,94.3149,2.086678832116794,6.2883211678832325,0.27489999999999526,1
