stock1,stock2,trade_capital,open,loss,reward,open_num
1301,2409,138.10500000000002,1.749999999999973,3.4999999999998117,0.3999999999999915,1
2105,2409,121.98294999999999,2.086678832116794,6.2883211678832325,0.032949999999992485,1
2409,2801,97.36755000000001,2.6328389830508536,8.9762711864407,0.3875500000000045,1
2409,1704,211.7956,4.000000000000004,12.500000000000034,0.06060000000002219,1
2409,2337,111.5643,2.6328389830508536,8.9762711864407,0.06430000000000291,1
2439,6269,811.8,1.749999999999973,3.4999999999998117,3.0,1
2448,2603,104.95625,2.6328389830508536,8.9762711864407,-0.59375,1
6269,9945,237.24,2.6328389830508536,8.9762711864407,1.0,1
