stock1,stock2,trade_capital,open,loss,reward,open_num
1216,9933,142.11,2.086678832116794,6.2883211678832325,-0.6000000000000014,1
2105,9945,382.3614,2.2499999999999822,7.500000000000021,0.461400000000026,1
2354,3231,215.44925,2.6328389830508536,8.9762711864407,0.35925000000000296,1
1477,2449,263.45725,2.086678832116794,6.2883211678832325,0.20725000000000193,1
1477,9945,291.825,2.193017888055368,4.018753606462444,1.25,1
2383,2449,141.92295000000001,1.2162849872773496,7.4631043256997405,0.07295000000000229,1
2449,9933,196.76390000000004,1.749999999999973,3.4999999999998117,-1.3351000000000184,1
