stock1,stock2,trade_capital,open,loss,reward,open_num
2357,2352,362.16025,2.086678832116794,6.2883211678832325,-1.3397500000000093,1
2357,3702,413.95439999999996,2.086678832116794,6.2883211678832325,-3.5456000000000074,1
2357,9914,893.8105,2.086678832116794,6.2883211678832325,0.31049999999999045,1
2474,9914,958.2725,2.086678832116794,6.2883211678832325,1.072499999999991,1
2353,9914,185.3545,2.086678832116794,6.2883211678832325,0.31449999999998823,1
2352,3673,213.37075,2.193017888055368,4.018753606462444,0.6707499999999982,1
2383,9914,1059.3125,2.086678832116794,6.2883211678832325,0.8125,1
