stock1,stock2,trade_capital,open,loss,reward,open_num
2317,2357,764.59,1.1218344155846804,3.0000000000002496,-1.0599999999999454,1
2317,6176,162.8665,2.6328389830508536,8.9762711864407,0.0864999999999867,1
5880,2356,93.42,2.2499999999999822,7.500000000000021,0.3000000000000007,1
3045,2379,499.3565,2.6328389830508536,8.9762711864407,2.156499999999994,1
