stock1,stock2,trade_capital,open,loss,reward,open_num
2409,8150,85.5426,2.6328389830508536,8.9762711864407,0.0926000000000009,1
