stock1,stock2,trade_capital,open,loss,reward,open_num
2474,2383,317.046,1.749999999999973,3.4999999999998117,0.5459999999999923,1
2891,3034,201.14475,2.6328389830508536,8.9762711864407,0.14475000000000193,1
6505,2449,229.25400000000002,2.6328389830508536,8.9762711864407,0.6040000000000134,1
2379,6456,497.70000000000005,2.6328389830508536,8.9762711864407,3.0,1
