stock1,stock2,trade_capital,open,loss,reward,open_num
2324,2383,192.912,2.6328389830508536,8.9762711864407,0.9620000000000033,1
2882,2383,438.618,2.086678832116794,6.2883211678832325,1.5929999999999893,1
2883,1440,48.735,2.6328389830508536,8.9762711864407,0.2000000000000064,1
2912,2383,940.8879999999999,1.749999999999973,3.4999999999998117,2.137999999999977,1
2383,2915,213.25080000000003,2.086678832116794,6.2883211678832325,0.15080000000000382,1
2915,3034,495.745,2.086678832116794,6.2883211678832325,0.7949999999999875,1
