stock1,stock2,trade_capital,open,loss,reward,open_num
1301,2454,1647.63,2.086678832116794,6.2883211678832325,7.5,1
1326,2409,149.81324999999998,2.086678832116794,6.2883211678832325,0.1632499999999908,1
2308,1605,296.14500000000004,2.193017888055368,4.018753606462444,1.0,1
2308,6456,818.1,2.193017888055368,4.018753606462444,2.0,1
2337,3034,151.2295,2.086678832116794,6.2883211678832325,0.2594999999999956,1
