stock1,stock2,trade_capital,open,loss,reward,open_num
3044,9910,711.0,1.4751902346226717,3.9999999999997113,2.5,1
