stock1,stock2,trade_capital,open,loss,reward,open_num
2324,1536,240.77550000000002,3.453852327447829,11.505617977528125,0.5255000000000081,1
1536,2352,210.99800000000002,1.1218344155846804,3.0000000000002496,-0.4019999999999868,1
