stock1,stock2,trade_capital,open,loss,reward,open_num
2317,6116,157.117,2.6328389830508536,8.9762711864407,0.5670000000000002,1
4938,1314,145.10430000000002,2.086678832116794,6.2883211678832325,0.4043000000000063,1
1314,3443,287.2765,1.4751902346226717,3.9999999999997113,0.82650000000001,1
2345,6269,636.6524,1.1218344155846804,3.0000000000002496,4.9024,1
2448,2603,99.9,1.749999999999973,3.4999999999998117,0.4999999999999929,1
3406,6116,453.475,1.749999999999973,3.4999999999998117,-1.4499999999999886,1
