stock1,stock2,trade_capital,open,loss,reward,open_num
2311,1802,129.0118,2.6328389830508536,8.9762711864407,0.1618000000000066,1
2408,2615,62.174099999999996,1.749999999999973,3.4999999999998117,0.06409999999999627,1
2883,2352,50.409,2.193017888055368,4.018753606462444,0.17000000000000526,1
2891,9933,128.25,2.6328389830508536,8.9762711864407,0.3999999999999986,1
1802,2345,138.76600000000002,1.4751902346226717,3.9999999999997113,0.5859999999999985,1
2352,2888,81.85593,2.6328389830508536,8.9762711864407,0.3259299999999996,1
2615,6116,47.87712,1.1218344155846804,3.0000000000002496,-0.18287999999999727,1
