stock1,stock2,trade_capital,open,loss,reward,open_num
2801,3044,172.82995,1.749999999999973,3.4999999999998117,-1.5700500000000233,1
2882,1319,251.01,2.6328389830508536,8.9762711864407,1.200000000000017,1
2885,6269,167.09375,2.193017888055368,4.018753606462444,0.04375000000000284,1
2892,3044,187.03719999999998,2.193017888055368,4.018753606462444,-1.0128000000000128,1
2610,4958,116.01,2.2499999999999822,7.500000000000021,0.5999999999999943,1
