stock1,stock2,trade_capital,open,loss,reward,open_num
2002,9910,258.7215,2.980046948356806,13.515845070422579,0.4714999999999918,1
2324,1605,80.11335,1.749999999999973,3.4999999999998117,0.2383500000000005,1
2881,1314,101.29599999999999,1.749999999999973,3.4999999999998117,0.17600000000000193,1
2882,9910,346.05,2.086678832116794,6.2883211678832325,1.5,1
2892,1314,41.4004,2.193017888055368,4.018753606462444,0.13039999999999452,1
1314,5264,148.276,1.2162849872773496,7.4631043256997405,1.0760000000000005,1
2352,3682,53.54145,1.4751902346226717,3.9999999999997113,0.10144999999998561,1
2355,3682,110.02575,2.086678832116794,6.2883211678832325,0.3857499999999945,1
2498,9910,630.104,2.6328389830508536,8.9762711864407,-1.896000000000015,1
