stock1,stock2,trade_capital,open,loss,reward,open_num
2303,2448,80.72730000000001,2.6328389830508536,8.9762711864407,0.162300000000009,1
2303,3406,444.16975,2.6328389830508536,8.9762711864407,-9.680249999999987,1
2002,2303,176.2155,3.693027210884357,6.0739795918367605,-0.31450000000000955,1
2354,2885,143.33350000000002,3.453852327447829,11.505617977528125,-0.14650000000000318,1
2823,6505,207.24349999999998,2.6328389830508536,8.9762711864407,0.6834999999999951,1
3481,2371,112.68475,2.086678832116794,6.2883211678832325,0.2647499999999994,1
2337,2371,102.16050000000001,2.086678832116794,6.2883211678832325,0.21050000000000324,1
2356,2371,44.432649999999995,2.6328389830508536,8.9762711864407,-0.36735000000000184,1
2356,3532,209.56325,2.193017888055368,4.018753606462444,-2.65625,1
