stock1,stock2,trade_capital,open,loss,reward,open_num
2377,3532,326.8905,2.2499999999999822,7.500000000000021,-1.9095000000000084,1
6505,3481,166.97525000000002,3.453852327447829,11.505617977528125,-0.9247500000000031,1
