stock1,stock2,trade_capital,open,loss,reward,open_num
2603,1314,97.07715,3.693027210884357,6.0739795918367605,0.07715000000000316,1
1605,3443,328.671,2.6328389830508536,8.9762711864407,-0.22900000000001342,1
2890,1477,201.86450000000002,2.086678832116794,6.2883211678832325,0.5395000000000039,1
