stock1,stock2,trade_capital,open,loss,reward,open_num
2327,6505,1101.15,2.6328389830508536,8.9762711864407,-7.5,1
