stock1,stock2,trade_capital,open,loss,reward,open_num
1605,2812,63.495000000000005,3.2499999999999982,5.500000000000034,0.3999999999999986,1
2371,3034,225.0229,2.980046948356806,13.515845070422579,-0.8771000000000129,1
2439,3532,763.145,2.086678832116794,6.2883211678832325,3.5950000000000273,1
