stock1,stock2,trade_capital,open,loss,reward,open_num
2379,1477,505.35,2.2499999999999822,7.500000000000021,3.0,1
2379,6116,169.16875,2.6328389830508536,8.9762711864407,0.4687499999999929,1
