stock1,stock2,trade_capital,open,loss,reward,open_num
1101,1314,91.17,2.6328389830508536,8.9762711864407,0.30000000000000426,1
