stock1,stock2,trade_capital,open,loss,reward,open_num
1303,3019,594.2146,1.1218344155846804,3.0000000000002496,-6.4853999999999985,1
3406,1477,744.8445,1.749999999999973,3.4999999999998117,-5.832499999999982,1
