stock1,stock2,trade_capital,open,loss,reward,open_num
2308,3019,228.707,3.693027210884357,6.0739795918367605,-1.7169999999999987,1
1326,3019,721.1055,3.693027210884357,6.0739795918367605,-4.290500000000009,1
2356,2449,144.79825,4.000000000000004,12.500000000000034,-0.201749999999997,1
