stock1,stock2,trade_capital,open,loss,reward,open_num
1101,2492,410.7785,2.980046948356806,13.515845070422579,3.278500000000008,1
6269,2492,1001.6116,1.4751902346226717,3.9999999999997113,5.311600000000055,1
