stock1,stock2,trade_capital,open,loss,reward,open_num
6269,2327,685.6575,4.752819548872187,15.016917293233117,-12.125499999999988,1
2327,2352,377.32500000000005,4.752819548872187,15.016917293233117,-13.969500000000025,1
2344,2382,117.684,3.693027210884357,6.0739795918367605,-0.11599999999999255,1
2379,3406,1493.498,2.980046948356806,13.515845070422579,-1.7519999999999527,1
