stock1,stock2,trade_capital,open,loss,reward,open_num
3406,3481,540.1155,2.980046948356806,13.515845070422579,0.3155000000000001,1
