stock1,stock2,trade_capital,open,loss,reward,open_num
2327,2337,381.08075,3.453852327447829,11.505617977528125,-2.5192499999999995,1
