stock1,stock2,trade_capital,open,loss,reward,open_num
6285,2890,115.571,3.2499999999999982,5.500000000000034,0.39099999999999824,1
5871,3532,928.87,2.980046948356806,13.515845070422579,-3.3799999999999955,1
1314,2383,138.28390000000002,2.2499999999999822,7.500000000000021,-0.11610000000000298,1
2327,2888,608.16925,3.453852327447829,11.505617977528125,9.069249999999997,1
6456,1909,330.07500000000005,2.980046948356806,13.515845070422579,-0.75,1
3481,3532,170.487,2.193017888055368,4.018753606462444,-0.7629999999999981,1
