stock1,stock2,trade_capital,open,loss,reward,open_num
2327,2883,404.23575000000005,2.980046948356806,13.515845070422579,11.335749999999997,1
2888,2439,180.42675,3.2499999999999982,5.500000000000034,-2.078250000000004,1
