stock1,stock2,trade_capital,open,loss,reward,open_num
2809,2890,85.59774999999999,2.980046948356806,13.515845070422579,0.08274999999999721,1
2327,2890,1036.58275,2.980046948356806,13.515845070422579,-54.91725,1
