stock1,stock2,trade_capital,open,loss,reward,open_num
1314,2345,168.0355,2.6328389830508536,8.9762711864407,0.785499999999999,1
1314,2379,174.3355,3.453852327447829,11.505617977528125,0.785499999999999,1
2881,2888,96.30000000000001,1.749999999999973,3.4999999999998117,0.5,1
