stock1,stock2,trade_capital,open,loss,reward,open_num
3481,2492,169.7625,2.980046948356806,13.515845070422579,1.1624999999999943,1
