stock1,stock2,trade_capital,open,loss,reward,open_num
1590,3481,375.3705,2.193017888055368,4.018753606462444,5.370500000000014,1
