stock1,stock2,trade_capital,open,loss,reward,open_num
9904,2492,580.254,0.7288428324698772,4.0090056748083995,1.754000000000019,1
2317,1326,448.9692,6.071428571428564,16.47435897435901,2.4692000000000576,1
2492,2027,602.188,2.6328389830508536,8.9762711864407,8.437999999999988,1
