stock1,stock2,trade_capital,open,loss,reward,open_num
3673,2377,400.95000000000005,3.693027210884357,6.0739795918367605,3.5,1
6285,6456,1132.47,3.2499999999999982,5.500000000000034,-2.0,1
3406,2492,2443.002,3.453852327447829,11.505617977528125,31.701999999999998,1
