stock1,stock2,trade_capital,open,loss,reward,open_num
5264,2360,567.24,2.193017888055368,4.018753606462444,1.240000000000009,1
