stock1,stock2,trade_capital,open,loss,reward,open_num
2371,6505,225.45000000000002,1.1218344155846804,3.0000000000002496,1.0,1
2371,2498,228.825,2.980046948356806,13.515845070422579,-7.392800000000008,1
