stock1,stock2,trade_capital,open,loss,reward,open_num
2603,1590,314.09999999999997,2.086678832116794,6.2883211678832325,0.5,1
