stock1,stock2,trade_capital,open,loss,reward,open_num
2049,2344,278.3695,3.453852327447829,11.505617977528125,3.3445000000000107,1
