stock1,stock2,trade_capital,open,loss,reward,open_num
1590,3532,1428.987,2.193017888055368,4.018753606462444,4.586999999999989,1
2379,6505,811.4300000000001,6.071428571428564,16.47435897435901,0.2300000000000182,1
2379,3532,725.6875,2.980046948356806,13.515845070422579,0.23749999999995453,1
