stock1,stock2,trade_capital,open,loss,reward,open_num
6269,3034,1063.4275,2.086678832116794,6.2883211678832325,5.327499999999986,1
