stock1,stock2,trade_capital,open,loss,reward,open_num
1314,3481,73.125,2.6328389830508536,8.9762711864407,0.05000000000000071,1
1314,3026,233.487,2.6328389830508536,8.9762711864407,-6.513000000000005,1
