stock1,stock2,trade_capital,open,loss,reward,open_num
2371,1434,76.0376,6.408839779005503,10.95488029465933,0.16259999999999764,1
