stock1,stock2,trade_capital,open,loss,reward,open_num
1102,2344,95.29875,1.749999999999973,3.4999999999998117,-0.6060000000000016,1
6456,2888,146.7735,2.6328389830508536,8.9762711864407,0.19849999999999568,1
6456,3443,578.482,1.749999999999973,3.4999999999998117,2.2819999999999823,1
