stock1,stock2,trade_capital,open,loss,reward,open_num
2327,2377,1338.8274999999999,2.6328389830508536,8.9762711864407,6.827499999999986,1
