stock1,stock2,trade_capital,open,loss,reward,open_num
5871,6505,631.0635,1.4751902346226717,3.9999999999997113,3.5635000000000048,1
