stock1,stock2,trade_capital,open,loss,reward,open_num
1229,2492,393.815,1.749999999999973,3.4999999999998117,-3.6850000000000023,1
5871,2492,957.1199999999999,2.6328389830508536,8.9762711864407,-14.380000000000052,1
2344,2492,302.091,2.086678832116794,6.2883211678832325,-11.408999999999992,1
2492,2002,318.433,2.193017888055368,4.018753606462444,-3.241500000000002,1
2492,1504,333.24725,2.980046948356806,13.515845070422579,-12.002749999999992,1
