stock1,stock2,trade_capital,open,loss,reward,open_num
2812,1802,64.935,2.6328389830508536,8.9762711864407,-0.4499999999999993,1
