stock1,stock2,trade_capital,open,loss,reward,open_num
2603,2327,341.97675000000004,2.6328389830508536,8.9762711864407,0.326749999999997,1
2603,6456,143.4575,3.453852327447829,11.505617977528125,-0.9724999999999966,1
2801,2409,72.59385,7.837962962962951,12.745370370370392,-0.4061499999999967,1
1314,6456,146.75869999999998,2.6328389830508536,8.9762711864407,0.6586999999999819,1
