stock1,stock2,trade_capital,open,loss,reward,open_num
2308,2357,705.771,3.453852327447829,11.505617977528125,0.2709999999999866,1
2308,2492,731.1945000000001,3.453852327447829,11.505617977528125,-2.305499999999995,1
