stock1,stock2,trade_capital,open,loss,reward,open_num
5871,2354,588.4294,1.4751902346226717,3.9999999999997113,-9.170600000000022,1
5871,2492,620.3125,2.6328389830508536,8.9762711864407,-6.537500000000023,1
