stock1,stock2,trade_capital,open,loss,reward,open_num
6285,2344,120.85374999999999,2.193017888055368,4.018753606462444,-0.4762500000000003,1
