stock1,stock2,trade_capital,open,loss,reward,open_num
2603,3532,203.84275000000002,5.7367647058823605,13.470588235294136,-0.7572499999999991,1
2308,2337,828.81,4.000000000000004,12.500000000000034,-3.0999999999999943,1
