stock1,stock2,trade_capital,open,loss,reward,open_num
2327,3406,4572.12,3.2499999999999982,5.500000000000034,37.61999999999989,1
