stock1,stock2,trade_capital,open,loss,reward,open_num
2888,2382,107.6871,3.2499999999999982,5.500000000000034,0.4370999999999938,1
