stock1,stock2,trade_capital,open,loss,reward,open_num
2603,2327,436.83900000000006,4.151949541284411,10.021788990825703,2.7390000000000043,1
2327,2379,970.6975,2.980046948356806,13.515845070422579,1.1475000000000364,1
