stock1,stock2,trade_capital,open,loss,reward,open_num
1314,1477,202.05,2.980046948356806,13.515845070422579,0.5,1
