stock1,stock2,trade_capital,open,loss,reward,open_num
9904,2882,220.03789999999998,3.693027210884357,6.0739795918367605,-1.012100000000018,1
