stock1,stock2,trade_capital,open,loss,reward,open_num
2327,1476,3121.8559999999998,1.749999999999973,3.4999999999998117,24.855999999999995,1
