stock1,stock2,trade_capital,open,loss,reward,open_num
2439,3443,1880.7,1.749999999999973,3.4999999999998117,-2.2999999999999545,1
2408,4958,609.7375999999999,1.4751902346226717,3.9999999999997113,-3.812400000000025,1
