stock1,stock2,trade_capital,open,loss,reward,open_num
1303,2395,379.7573,2.086678832116794,6.2883211678832325,6.457300000000004,1
1536,2395,1233.12,1.2162849872773496,7.4631043256997405,24.519999999999982,1
1536,6176,270.564,1.4751902346226717,3.9999999999997113,-2.5960000000000036,1
1909,2395,384.086,1.4751902346226717,3.9999999999997113,1.186000000000007,1
2105,6176,460.9095,2.193017888055368,4.018753606462444,-3.7489999999999952,1
2812,6414,494.84475,2.6328389830508536,8.9762711864407,6.844749999999998,1
2890,6414,501.69175,2.193017888055368,4.018753606462444,-14.367749999999994,1
2915,3231,232.78,1.749999999999973,3.4999999999998117,-3.9297499999999985,1
