stock1,stock2,trade_capital,open,loss,reward,open_num
1301,3034,582.3,1.749999999999973,3.4999999999998117,6.0,1
2360,6505,1198.8000000000002,1.4751902346226717,3.9999999999997113,-6.0,1
