stock1,stock2,trade_capital,open,loss,reward,open_num
1722,2344,98.91720000000001,2.980046948356806,13.515845070422579,-0.6728000000000023,1
2049,2449,323.3015,2.980046948356806,13.515845070422579,-8.025999999999996,1
2408,4943,512.6345,3.2499999999999982,5.500000000000034,-3.609499999999997,1
3711,6116,109.0718,2.086678832116794,6.2883211678832325,-0.6781999999999897,1
