stock1,stock2,trade_capital,open,loss,reward,open_num
2353,2439,276.6145,3.693027210884357,6.0739795918367605,0.3644999999999925,1
2439,3406,993.914,2.6328389830508536,8.9762711864407,-4.98599999999999,1
3026,3406,1157.133,2.6328389830508536,8.9762711864407,-10.466999999999985,1
