stock1,stock2,trade_capital,open,loss,reward,open_num
1590,3702,640.7481,1.4751902346226717,3.9999999999997113,-8.079899999999952,1
