stock1,stock2,trade_capital,open,loss,reward,open_num
2492,3026,2052.09,1.2162849872773496,7.4631043256997405,-1.6599999999999682,1
