stock1,stock2,trade_capital,open,loss,reward,open_num
2049,2887,384.2105,3.2499999999999982,5.500000000000034,-6.676749999999984,1
2603,3406,512.7072499999999,2.086678832116794,6.2883211678832325,-11.542750000000026,1
