stock1,stock2,trade_capital,open,loss,reward,open_num
2049,2308,805.5,2.2499999999999822,7.500000000000021,8.0,1
