stock1,stock2,trade_capital,open,loss,reward,open_num
2360,3026,1497.9450000000002,3.2499999999999982,5.500000000000034,13.345000000000027,1
