stock1,stock2,trade_capital,open,loss,reward,open_num
1504,2492,380.66999999999996,2.6328389830508536,8.9762711864407,9.144999999999982,1
