stock1,stock2,trade_capital,open,loss,reward,open_num
1802,9910,194.701,2.980046948356806,13.515845070422579,-1.2990000000000066,1
2311,2327,557.188,2.980046948356806,13.515845070422579,1.6129999999999995,1
3532,6269,563.614,2.6328389830508536,8.9762711864407,-0.28600000000000136,1
