stock1,stock2,trade_capital,open,loss,reward,open_num
1723,2395,933.565,1.749999999999973,3.4999999999998117,-1.2350000000000136,1
2231,2633,416.30725000000007,4.752819548872187,15.016917293233117,-4.092749999999995,1
