stock1,stock2,trade_capital,open,loss,reward,open_num
2371,2610,49.8313,4.000000000000004,12.500000000000034,0.18130000000000024,1
