stock1,stock2,trade_capital,open,loss,reward,open_num
2377,2379,564.75,1.4751902346226717,3.9999999999997113,8.0,1
