stock1,stock2,trade_capital,open,loss,reward,open_num
1605,3443,273.65475000000004,4.000000000000004,12.500000000000034,0.7547500000000014,1
2344,2492,221.1875,2.6328389830508536,8.9762711864407,0.7624999999999886,1
2492,2888,207.41400000000002,2.6328389830508536,8.9762711864407,-0.23599999999999,1
