stock1,stock2,trade_capital,open,loss,reward,open_num
1314,2448,93.96625,2.980046948356806,13.515845070422579,0.24125000000000085,1
2379,2823,379.8825,2.6328389830508536,8.9762711864407,0.2424999999999926,1
2379,2834,163.45815,3.453852327447829,11.505617977528125,0.20814999999998918,1
2379,3532,725.6875,2.6328389830508536,8.9762711864407,0.23749999999995453,1
