stock1,stock2,trade_capital,open,loss,reward,open_num
1590,2308,832.7139999999999,2.6328389830508536,8.9762711864407,5.213999999999999,1
2027,9910,394.9035,4.000000000000004,12.500000000000034,0.17849999999998545,1
2303,6285,126.5193,1.749999999999973,3.4999999999998117,0.019300000000001205,1
