stock1,stock2,trade_capital,open,loss,reward,open_num
1909,2327,768.8510000000001,1.749999999999973,3.4999999999998117,22.926000000000045,1
2327,2888,608.16925,2.6328389830508536,8.9762711864407,-25.180750000000003,1
2492,6176,362.3781,1.749999999999973,3.4999999999998117,-3.2364000000000033,1
