stock1,stock2,trade_capital,open,loss,reward,open_num
1477,3034,1359.4095,3.693027210884357,6.0739795918367605,9.90949999999998,1
2606,3026,332.07875,3.453852327447829,11.505617977528125,-7.529750000000007,1
