stock1,stock2,trade_capital,open,loss,reward,open_num
1314,9904,74.2888,4.752819548872187,15.016917293233117,-0.036200000000008004,1
2344,6239,338.7125,1.749999999999973,3.4999999999998117,-2.932500000000017,1
2603,3034,315.052,2.086678832116794,6.2883211678832325,0.9020000000000223,1
2610,3532,173.8515,2.6328389830508536,8.9762711864407,-1.873500000000007,1
3532,3706,234.93025,1.4751902346226717,3.9999999999997113,5.130250000000004,1
