stock1,stock2,trade_capital,open,loss,reward,open_num
2439,3406,1601.646,4.752819548872187,15.016917293233117,3.145999999999958,1
