stock1,stock2,trade_capital,open,loss,reward,open_num
1229,2379,299.869,2.980046948356806,13.515845070422579,1.6189999999999998,1
