stock1,stock2,trade_capital,open,loss,reward,open_num
2379,6116,169.16875,2.2499999999999822,7.500000000000021,0.4687499999999929,1
