stock1,stock2,trade_capital,open,loss,reward,open_num
2313,2834,78.33525,2.086678832116794,6.2883211678832325,0.2902499999999968,1
2345,2439,583.836,3.2499999999999982,5.500000000000034,-1.3140000000000214,1
2379,2492,953.4325,2.086678832116794,6.2883211678832325,5.332499999999982,1
