stock1,stock2,trade_capital,open,loss,reward,open_num
2633,5880,77.96475,3.2499999999999982,5.500000000000034,-0.4914999999999985,1
