stock1,stock2,trade_capital,open,loss,reward,open_num
1210,1536,703.4125,1.4751902346226717,3.9999999999997113,2.917499999999972,1
1301,1536,478.35,3.2499999999999982,5.500000000000034,7.0,1
1536,2360,1078.636,2.193017888055368,4.018753606462444,15.885999999999967,1
1536,3008,3741.975,1.4751902346226717,3.9999999999997113,115.47500000000002,1
2371,2408,160.28879999999998,2.6328389830508536,8.9762711864407,-1.9812000000000083,1
2408,3532,480.76,2.980046948356806,13.515845070422579,-1.339999999999975,1
