stock1,stock2,trade_capital,open,loss,reward,open_num
2409,2439,195.4595,2.980046948356806,13.515845070422579,-0.16550000000000864,1
