stock1,stock2,trade_capital,open,loss,reward,open_num
1477,2603,202.87825,3.2499999999999982,5.500000000000034,1.578249999999997,1
2308,2317,631.6284,4.752819548872187,15.016917293233117,4.478399999999965,1
2308,2360,906.7275,4.752819548872187,15.016917293233117,-3.322499999999991,1
2327,6456,1926.455,1.1218344155846804,3.0000000000002496,-30.721400000000074,1
2327,9933,512.637,4.151949541284411,10.021788990825703,-2.7130000000000223,1
2360,5871,622.9295,2.980046948356806,13.515845070422579,-3.770500000000027,1
2823,9914,346.1785,2.086678832116794,6.2883211678832325,-6.09650000000002,1
