stock1,stock2,trade_capital,open,loss,reward,open_num
2301,6269,586.845,1.749999999999973,3.4999999999998117,7.049999999999997,1
2345,2352,196.8515,3.2499999999999982,5.500000000000034,-0.09850000000000136,1
2888,3026,239.283,2.6328389830508536,8.9762711864407,0.9329999999999927,1
2891,6456,650.0250000000001,1.2162849872773496,7.4631043256997405,-0.5,1
