stock1,stock2,trade_capital,open,loss,reward,open_num
2360,3045,651.15,3.2499999999999982,5.500000000000034,-5.161499999999961,1
2383,3406,624.6,2.086678832116794,6.2883211678832325,-6.0,1
