stock1,stock2,trade_capital,open,loss,reward,open_num
2308,2492,916.4075,1.4751902346226717,3.9999999999997113,13.15749999999997,1
