stock1,stock2,trade_capital,open,loss,reward,open_num
2385,9910,1039.195,2.980046948356806,13.515845070422579,-2.8550000000000395,1
