stock1,stock2,trade_capital,open,loss,reward,open_num
2492,6269,846.3525,2.086678832116794,6.2883211678832325,-3.097499999999968,1
3532,6176,353.88,3.453852327447829,11.505617977528125,-0.09999999999999432,1
