stock1,stock2,trade_capital,open,loss,reward,open_num
2448,3019,311.02470000000005,2.980046948356806,13.515845070422579,-1.2252999999999759,1
