stock1,stock2,trade_capital,open,loss,reward,open_num
1101,3443,1067.175,6.408839779005503,10.95488029465933,26.25,1
1314,3443,378.5735,4.000000000000004,12.500000000000034,3.7734999999999985,1
2345,3019,503.45500000000004,2.980046948356806,13.515845070422579,0.6550000000000011,1
2347,3443,370.53,5.7367647058823605,13.470588235294136,7.8999999999999915,1
2360,3443,2021.979,2.980046948356806,13.515845070422579,15.478999999999985,1
2498,3443,364.05,4.151949541284411,10.021788990825703,5.099999999999994,1
2891,3443,407.23725,4.151949541284411,10.021788990825703,3.687250000000006,1
3443,9904,474.75,4.752819548872187,15.016917293233117,3.75,1
