stock1,stock2,trade_capital,open,loss,reward,open_num
2474,3406,1420.848,1.1218344155846804,3.0000000000002496,-18.369500000000016,1
