stock1,stock2,trade_capital,open,loss,reward,open_num
2311,3443,1101.3859,1.2162849872773496,7.4631043256997405,-27.514100000000056,1
