stock1,stock2,trade_capital,open,loss,reward,open_num
3532,6269,748.2484999999999,3.453852327447829,11.505617977528125,2.74849999999995,1
