stock1,stock2,trade_capital,open,loss,reward,open_num
1402,2371,123.8235,4.752819548872187,15.016917293233117,-1.201500000000003,1
2448,9938,160.05825,2.6328389830508536,8.9762711864407,-2.968250000000012,1
