stock1,stock2,trade_capital,open,loss,reward,open_num
2308,2353,199.8,3.453852327447829,11.505617977528125,1.0,1
2308,2357,705.771,3.453852327447829,11.505617977528125,0.2709999999999866,1
2308,6456,651.933,3.693027210884357,6.0739795918367605,-1.5670000000000073,1
2344,6456,261.6065,2.6328389830508536,8.9762711864407,0.18149999999999977,1
