stock1,stock2,trade_capital,open,loss,reward,open_num
2412,2834,154.701,3.453852327447829,11.505617977528125,0.42600000000000193,1
