stock1,stock2,trade_capital,open,loss,reward,open_num
2313,3443,431.904,2.6328389830508536,8.9762711864407,-5.346000000000004,1
