stock1,stock2,trade_capital,open,loss,reward,open_num
2049,2492,1026.79,3.693027210884357,6.0739795918367605,5.039999999999964,1
2379,2383,784.4462,1.749999999999973,3.4999999999998117,1.8961999999999932,1
