stock1,stock2,trade_capital,open,loss,reward,open_num
2454,6176,591.75,2.086678832116794,6.2883211678832325,5.0,1
2498,6176,422.0917,2.086678832116794,6.2883211678832325,8.591700000000003,1
3532,6456,528.3,1.749999999999973,3.4999999999998117,-4.751999999999995,1
