stock1,stock2,trade_capital,open,loss,reward,open_num
2492,3532,912.6,2.6328389830508536,8.9762711864407,-7.0,1
