stock1,stock2,trade_capital,open,loss,reward,open_num
1326,1536,602.206,2.086678832116794,6.2883211678832325,3.6059999999999945,1
2327,9921,1557.021,2.6328389830508536,8.9762711864407,-19.979000000000042,1
