stock1,stock2,trade_capital,open,loss,reward,open_num
2345,2498,358.705,2.6328389830508536,8.9762711864407,-1.295000000000016,1
