stock1,stock2,trade_capital,open,loss,reward,open_num
1326,2890,158.523,3.453852327447829,11.505617977528125,-0.9769999999999968,1
