stock1,stock2,trade_capital,open,loss,reward,open_num
3231,4915,162.3718,4.8633603238866225,7.977058029689605,0.20180000000001996,1
