stock1,stock2,trade_capital,open,loss,reward,open_num
1605,2454,314.41200000000003,1.749999999999973,3.4999999999998117,1.2120000000000033,1
