stock1,stock2,trade_capital,open,loss,reward,open_num
2498,6116,72.83105,8.772727272727282,18.23295454545456,0.08104999999999762,1
