stock1,stock2,trade_capital,open,loss,reward,open_num
2308,2439,561.804,1.749999999999973,3.4999999999998117,-3.3959999999999866,1
2379,3406,701.6215,0.7288428324698772,4.0090056748083995,-3.1285000000000025,1
