stock1,stock2,trade_capital,open,loss,reward,open_num
2610,2834,69.31925,2.086678832116794,6.2883211678832325,-0.24675000000000225,1
