stock1,stock2,trade_capital,open,loss,reward,open_num
1314,2327,764.2855,2.6328389830508536,8.9762711864407,-37.41950000000004,1
