stock1,stock2,trade_capital,open,loss,reward,open_num
3682,6456,387.5975,2.6328389830508536,8.9762711864407,-3.527499999999975,1
