stock1,stock2,trade_capital,open,loss,reward,open_num
1605,3673,153.3176,2.193017888055368,4.018753606462444,-1.4883999999999986,1
