stock1,stock2,trade_capital,open,loss,reward,open_num
3673,5871,598.7325000000001,3.2499999999999982,5.500000000000034,-4.891499999999951,1
