stock1,stock2,trade_capital,open,loss,reward,open_num
2308,1314,215.3825,2.6328389830508536,8.9762711864407,1.0324999999999989,1
1314,2618,87.8357,2.6328389830508536,8.9762711864407,0.38569999999999993,1
