stock1,stock2,trade_capital,open,loss,reward,open_num
1101,2379,551.7968,2.980046948356806,13.515845070422579,2.0967999999999947,1
2610,3019,169.57825,1.4751902346226717,3.9999999999997113,-1.7937500000000028,1
