stock1,stock2,trade_capital,open,loss,reward,open_num
2801,2355,131.5748,3.2499999999999982,5.500000000000034,0.07480000000000331,1
2371,6269,164.21325000000002,2.6328389830508536,8.9762711864407,0.5632499999999965,1
3532,5264,405.444,1.4751902346226717,3.9999999999997113,6.194000000000003,1
