stock1,stock2,trade_capital,open,loss,reward,open_num
2324,2049,397.32800000000003,4.8633603238866225,7.977058029689605,-2.6469999999999914,1
2371,2610,67.545,2.6328389830508536,8.9762711864407,-0.20000000000000107,1
