stock1,stock2,trade_capital,open,loss,reward,open_num
2303,1314,69.90755,2.6328389830508536,8.9762711864407,0.3575499999999998,1
9904,1605,100.20155,2.086678832116794,6.2883211678832325,-0.6734500000000025,1
