stock1,stock2,trade_capital,open,loss,reward,open_num
2891,4943,633.74625,2.980046948356806,13.515845070422579,1.1962500000000063,1
1605,2603,47.01035,2.086678832116794,6.2883211678832325,0.25035000000000096,1
1605,2915,171.24175,2.086678832116794,6.2883211678832325,1.3517500000000098,1
2379,2492,508.946,1.1218344155846804,3.0000000000002496,6.846000000000004,1
2492,5871,419.4915,2.086678832116794,6.2883211678832325,5.071499999999972,1
