stock1,stock2,trade_capital,open,loss,reward,open_num
2383,3682,154.2995,2.086678832116794,6.2883211678832325,-1.0755000000000052,1
2448,3673,204.435,1.749999999999973,3.4999999999998117,-1.8778499999999951,1
