stock1,stock2,trade_capital,open,loss,reward,open_num
1319,2383,448.65,2.086678832116794,6.2883211678832325,1.5,1
