stock1,stock2,trade_capital,open,loss,reward,open_num
2002,6505,263.47860000000003,2.6328389830508536,8.9762711864407,0.7785999999999973,1
1102,6505,499.815,2.6328389830508536,8.9762711864407,2.6499999999999986,1
2324,6505,556.9028,2.980046948356806,13.515845070422579,2.4527999999999963,1
6505,2379,628.345,2.2499999999999822,7.500000000000021,5.894999999999982,1
