stock1,stock2,trade_capital,open,loss,reward,open_num
2357,1314,337.9375,4.151949541284411,10.021788990825703,-0.8625000000000114,1
