stock1,stock2,trade_capital,open,loss,reward,open_num
1707,1802,732.9739999999999,2.980046948356806,13.515845070422579,-2.2160000000000526,1
2023,2352,65.97,2.6328389830508536,8.9762711864407,-0.4499999999999993,1
2023,3034,169.20000000000002,2.6328389830508536,8.9762711864407,-0.25,1
