stock1,stock2,trade_capital,open,loss,reward,open_num
2344,3532,217.51749999999998,1.5,3,-0.45750000000001023,1
2360,6505,1198.8000000000002,1.5,3,-9.978000000000065,1
3443,6505,648.9,1.5,3,-5.652499999999975,1
