stock1,stock2,trade_capital,open,loss,reward,open_num
2327,2371,1061.3065,1.5,3,-8.193500000000029,1
2371,2492,569.03775,1.5,3,-3.7122500000000116,1
