stock1,stock2,trade_capital,open,loss,reward,open_num
2301,4958,382.126,1.5,3,-0.2839999999999918,1
2327,3702,728.7750000000001,1.5,3,0.25,1
2408,4958,609.7375999999999,1.5,3,-6.53589999999997,1
