stock1,stock2,trade_capital,open,loss,reward,open_num
1476,2327,3121.8559999999998,1.5,3,-3.1440000000000055,1
1476,2492,1517.42,1.5,3,-8.480000000000018,1
