stock1,stock2,trade_capital,open,loss,reward,open_num
2327,5264,1022.657,1.5,3,1.8070000000000164,1
3026,5264,480.289,1.5,3,8.938999999999993,1
