stock1,stock2,trade_capital,open,loss,reward,open_num
1909,2327,771.295,1.5,3,-2.830000000000041,1
1909,6456,329.85,1.5,3,1.5,1
1909,9904,65.385,1.5,3,0.14999999999999858,1
2327,5871,1069.2400000000002,1.5,3,-9.392999999999915,1
2492,6176,361.7799,1.5,3,0.47989999999998645,1
