stock1,stock2,trade_capital,open,loss,reward,open_num
1301,2492,913.996,1.5,3,6.245999999999981,1
1303,2492,810.1914999999999,1.5,3,4.241499999999974,1
2027,2492,602.188,1.5,3,1.4379999999999882,1
2492,2890,466.02099999999996,1.5,3,1.245999999999981,1
2492,3481,471.33175,1.5,3,-2.9182499999999862,1
2492,4938,730.3025,1.5,3,0.30249999999995225,1
2492,9910,682.952,1.5,3,-4.2479999999999905,1
