stock1,stock2,trade_capital,open,loss,reward,open_num
1101,1605,131.91035,1.5,3,0.4103500000000011,1
2379,2408,725.1320000000001,1.5,3,3.882000000000005,1
