stock1,stock2,trade_capital,open,loss,reward,open_num
1536,6269,754.5345,1.5,3,-1.1655000000000086,1
2376,6269,200.4725,1.5,3,-0.6075000000000017,1
2379,5264,307.74800000000005,1.5,3,-0.9019999999999868,1
2379,6269,760.434,1.5,3,0.19399999999995998,1
2915,6269,207.4466,1.5,3,0.9466000000000037,1
3406,4938,669.28,1.5,3,4.480000000000018,1
3406,5871,840.8125,1.5,3,0.9624999999999773,1
3406,6269,812.908,1.5,3,-1.0919999999999845,1
