stock1,stock2,trade_capital,open,loss,reward,open_num
2308,2395,726.9105,1.5,3,0.4105000000000132,1
2337,3443,284.85,1.5,3,-6.183750000000003,1
2439,2834,174.15,1.5,3,0.25,1
2542,3443,422.76825,1.5,3,-4.081249999999983,1
