stock1,stock2,trade_capital,open,loss,reward,open_num
2105,3406,497.65675,1.5,3,-1.243249999999989,1
2344,3034,184.6155,1.5,3,-1.7424999999999926,1
4943,6239,1719.0900000000001,1.5,3,-17.100000000000023,1
