stock1,stock2,trade_capital,open,loss,reward,open_num
1723,3019,832.765,1.5,3,-4.235000000000014,1
2231,9910,1795.56,1.5,3,-10.039999999999964,1
