stock1,stock2,trade_capital,open,loss,reward,open_num
2360,2385,288.05820000000006,1.5,3,-2.09729999999999,1
2834,9910,221.91899999999998,1.5,3,-0.03100000000000591,1
