stock1,stock2,trade_capital,open,loss,reward,open_num
2301,6269,586.845,1.5,3,7.049999999999997,1
2313,2345,233.37,1.5,3,0.10000000000000853,1
2345,6269,578.5512,1.5,3,7.7012,1
2439,6269,644.011,1.5,3,5.010999999999996,1
