stock1,stock2,trade_capital,open,loss,reward,open_num
1605,2454,314.41200000000003,1.5,3,1.2120000000000033,1
2454,3481,271.79025,1.5,3,0.8402499999999975,1
