stock1,stock2,trade_capital,open,loss,reward,open_num
2002,2492,316.214,1.5,3,-0.3859999999999957,1
2376,2498,390.723,1.5,3,0.4830000000000041,1
2376,3008,4056.793,1.5,3,-5.7070000000000505,1
2492,2498,423.321,1.5,3,-2.13900000000001,1
2492,2882,1202.4125,1.5,3,-16.463600000000014,1
