stock1,stock2,trade_capital,open,loss,reward,open_num
2231,2492,2324.5054999999998,1.5,3,-3.494500000000073,1
