stock1,stock2,trade_capital,open,loss,reward,open_num
1210,1536,703.4125,1.5,3,2.917499999999972,1
1210,2360,232.47680000000003,1.5,3,2.9268000000000143,1
1536,2360,1078.892,1.5,3,-3.1079999999999472,1
1536,3008,3741.975,1.5,3,35.47500000000002,1
2360,2883,118.251,1.5,3,0.5199999999999996,1
2360,3532,771.56,1.5,3,2.8100000000000023,1
