stock1,stock2,trade_capital,open,loss,reward,open_num
2308,2344,166.12375,1.5,3,0.07374999999999687,1
2308,2439,561.804,1.5,3,-4.8300000000000125,1
2327,2454,1900.3600000000001,1.5,3,-14.483499999999935,1
2327,3406,499.523,1.5,3,-4.597500000000025,1
2344,6285,120.6945,1.5,3,-0.825499999999991,1
6176,6285,325.53,1.5,3,0.29999999999998295,1
