stock1,stock2,trade_capital,open,loss,reward,open_num
2049,2327,3437.1575000000003,1.5,3,6.657500000000027,1
