stock1,stock2,trade_capital,open,loss,reward,open_num
1326,1536,334.257,1.5,3,1.306999999999988,1
1326,2379,869.8824999999999,1.5,3,1.3824999999999932,1
1476,1536,650.6925,1.5,3,1.9424999999999955,1
2371,2845,81.8149,1.5,3,-0.21009999999999707,1
2379,2886,157.526,1.5,3,-1.4739999999999966,1
2379,3702,387.1351,1.5,3,-1.0648999999999944,1
2834,6505,178.9615,1.5,3,-0.2884999999999991,1
