stock1,stock2,trade_capital,open,loss,reward,open_num
2344,3406,263.89549999999997,1.5,3,-0.3545000000000016,1
