stock1,stock2,trade_capital,open,loss,reward,open_num
1476,1590,3293.1,1.5,3,4.0,1
1590,1605,610.65,1.5,3,1.5,1
1590,2379,2222.8160000000003,1.5,3,-4.384,1
1590,3702,640.7481,1.5,3,-1.3519000000000005,1
