stock1,stock2,trade_capital,open,loss,reward,open_num
1477,3026,1284.6345000000001,1.5,3,9.634500000000003,1
