stock1,stock2,trade_capital,open,loss,reward,open_num
2492,6269,1001.6116,1.5,3,-0.6883999999999446,1
3711,6116,109.02195,1.5,3,-0.3280500000000046,1
