stock1,stock2,trade_capital,open,loss,reward,open_num
3443,6456,578.0319999999999,1.5,3,5.781999999999982,1
