stock1,stock2,trade_capital,open,loss,reward,open_num
2353,2371,155.99375,1.5,3,-0.7362499999999876,1
2353,2492,550.908,1.5,3,-1.4920000000000186,1
