stock1,stock2,trade_capital,open,loss,reward,open_num
3443,3532,940.4760000000001,1.5,3,-0.7239999999999895,1
