stock1,stock2,trade_capital,open,loss,reward,open_num
2027,2474,1639.1025,1.5,3,-15.161100000000033,1
2027,3532,659.3892000000001,1.5,3,-1.460800000000006,1
2385,2474,1493.424,1.5,3,2.2739999999998872,1
