stock1,stock2,trade_capital,open,loss,reward,open_num
1301,3406,369.0,1.5,3,0.8000000000000114,1
2327,6456,1934.6525000000001,1.5,3,3.9925000000001205,1
2376,3406,608.807,1.5,3,-1.2930000000000064,1
2618,3406,264.3535,1.5,3,-0.6465000000000032,1
