stock1,stock2,trade_capital,open,loss,reward,open_num
1319,3026,408.94899999999996,1.5,3,-4.6510000000000105,1
