stock1,stock2,trade_capital,open,loss,reward,open_num
2354,5871,590.9218999999999,1.5,3,-4.178100000000015,1
