stock1,stock2,trade_capital,open,loss,reward,open_num
1605,2498,89.56155000000001,1.5,3,-0.053449999999998,1
2492,9914,629.8185,1.5,3,-7.535499999999985,1
2498,2915,274.0266,1.5,3,1.6015999999999906,1
2498,3406,380.261,1.5,3,-1.813999999999993,1
2915,9914,548.7515999999999,1.5,3,3.8515999999999906,1
3443,9914,747.45,1.5,3,2.5,1
