stock1,stock2,trade_capital,open,loss,reward,open_num
2383,3532,600.1025,1.5,3,-4.897500000000008,1
2383,4958,528.57,1.5,3,-6.8465999999999525,1
