stock1,stock2,trade_capital,open,loss,reward,open_num
1216,2439,817.29,1.5,3,-12.395200000000074,1
1536,2439,250.4175,1.5,3,0.6174999999999926,1
2439,2915,404.73,1.5,3,-5.038000000000011,1
