stock1,stock2,trade_capital,open,loss,reward,open_num
1102,3443,332.25800000000004,1.5,3,-1.2419999999999902,1
