stock1,stock2,trade_capital,open,loss,reward,open_num
1909,3034,790.5849999999999,1.5,3,-9.934550000000044,1
1909,4958,318.6606,1.5,3,-1.0394000000000005,1
