stock1,stock2,trade_capital,open,loss,reward,open_num
2345,3532,832.59,1.5,3,14.099999999999994,1
2345,6116,118.08000000000001,1.5,3,-0.6999999999999957,1
2376,3406,828.062,1.5,3,-0.8380000000000223,1
