stock1,stock2,trade_capital,open,loss,reward,open_num
2492,3532,974.8009999999999,1.5,3,-5.666499999999985,1
