stock1,stock2,trade_capital,open,loss,reward,open_num
1590,2345,714.1500000000001,1.5,3,-4.8729999999999905,1
1590,3706,429.442,1.5,3,-0.657999999999987,1
