stock1,stock2,trade_capital,open,loss,reward,open_num
1590,6505,986.1000000000001,1.5,3,1.7000000000000455,1
