stock1,stock2,trade_capital,open,loss,reward,open_num
2049,2885,391.07325,2.086678832116794,6.2883211678832325,0.07324999999998738,1
3231,3443,380.25100000000003,3.453852327447829,11.505617977528125,-5.8489999999999895,1
2308,2353,145.344,2.086678832116794,6.2883211678832325,0.29400000000000404,1
1326,1434,292.905,2.6328389830508536,8.9762711864407,2.6000000000000227,1
2379,3443,811.898,2.086678832116794,6.2883211678832325,4.648000000000025,1
2887,2892,109.27250000000001,4.752819548872187,15.016917293233117,-0.11749999999999972,1
3443,3008,5224.745,1.1218344155846804,3.0000000000002496,2.0450000000000728,1
3532,3045,672.4765,2.193017888055368,4.018753606462444,0.47649999999995885,1
2498,3026,473.6195,2.086678832116794,6.2883211678832325,-1.2305000000000064,1
