stock1,stock2,trade_capital,open,loss,reward,open_num
2603,2439,169.779,1.749999999999973,3.4999999999998117,-2.0429999999999993,1
2603,3034,180.91000000000003,1.4751902346226717,3.9999999999997113,-0.8899999999999864,1
1101,2439,253.22519999999997,2.6328389830508536,8.9762711864407,-2.724800000000016,1
9914,2412,593.1,1.4751902346226717,3.9999999999997113,2.5,1
9914,2027,314.55,2.086678832116794,6.2883211678832325,-3.2917500000000217,1
2308,1314,171.9805,2.6328389830508536,8.9762711864407,1.0805000000000007,1
2801,2492,219.60000000000002,2.2499999999999822,7.500000000000021,-1.5,1
1314,2344,46.173300000000005,2.6328389830508536,8.9762711864407,0.19830000000001036,1
1314,2439,168.13125,2.086678832116794,6.2883211678832325,-0.6687500000000028,1
2344,3443,237.543,2.086678832116794,6.2883211678832325,-0.7069999999999936,1
2344,2492,209.89225,2.6328389830508536,8.9762711864407,-2.2077500000000043,1
2347,3034,160.25500000000002,1.749999999999973,3.4999999999998117,-1.5918499999999796,1
2867,2887,90.7758,2.086678832116794,6.2883211678832325,0.37580000000001235,1
2867,1477,211.275,2.6328389830508536,8.9762711864407,0.75,1
2867,2027,117.945,2.6328389830508536,8.9762711864407,-1.7390999999999934,1
2356,2439,189.2178,3.2499999999999982,5.500000000000034,-1.2542000000000115,1
6505,2439,750.15,1.4751902346226717,3.9999999999997113,4.0,1
6505,1477,648.4425,5.7367647058823605,13.470588235294136,3.4424999999999955,1
3443,2027,389.711,2.6328389830508536,8.9762711864407,-1.9799999999999898,1
