stock1,stock2,trade_capital,open,loss,reward,open_num
3702,2383,292.37025,4.752819548872187,15.016917293233117,0.12024999999999864,1
9933,1326,339.7734,2.193017888055368,4.018753606462444,0.7233999999999696,1
9945,3019,236.681,2.086678832116794,6.2883211678832325,0.9609999999999843,1
2308,2892,223.3245,2.6328389830508536,8.9762711864407,0.34950000000000614,1
5871,3019,431.29200000000003,1.1218344155846804,3.0000000000002496,-4.827499999999986,1
1314,2383,151.425,1.2162849872773496,7.4631043256997405,-0.25,1
2353,6505,445.69725000000005,2.980046948356806,13.515845070422579,2.3472500000000025,1
2353,1434,212.51055,2.6328389830508536,8.9762711864407,-1.939450000000015,1
1326,2915,558.1800000000001,1.749999999999973,3.4999999999998117,0.6000000000000227,1
1326,3008,3807.0,2.193017888055368,4.018753606462444,7.5,1
2383,3019,539.377,1.4751902346226717,3.9999999999997113,-4.6229999999999905,1
2439,3019,1006.52,1.749999999999973,3.4999999999998117,2.32000000000005,1
3019,3532,698.3985,1.749999999999973,3.4999999999998117,6.898499999999956,1
