stock1,stock2,trade_capital,open,loss,reward,open_num
2610,1326,151.49475,2.086678832116794,6.2883211678832325,0.5947499999999977,1
2610,2881,96.95474999999999,2.6328389830508536,8.9762711864407,0.24474999999999625,1
3231,6456,261.0,2.086678832116794,6.2883211678832325,1.0,1
2327,3532,1938.5100000000002,2.086678832116794,6.2883211678832325,-14.389999999999986,1
1326,1909,639.08,2.086678832116794,6.2883211678832325,2.280000000000001,1
6456,2439,1343.192,2.086678832116794,6.2883211678832325,3.4420000000000073,1
2360,2439,547.094,2.2499999999999822,7.500000000000021,2.044000000000011,1
2409,2439,182.8964,2.6328389830508536,8.9762711864407,-0.6535999999999973,1
2439,1434,197.652,2.193017888055368,4.018753606462444,-1.1359999999999815,1
2439,2474,993.7435,2.2499999999999822,7.500000000000021,-4.006500000000017,1
2439,3034,1096.65,1.749999999999973,3.4999999999998117,4.5,1
