stock1,stock2,trade_capital,open,loss,reward,open_num
2301,2412,238.2896,2.6328389830508536,8.9762711864407,-1.1604000000000028,1
2834,1303,130.4076,2.6328389830508536,8.9762711864407,-0.7924000000000149,1
2327,2344,982.5165000000001,1.1218344155846804,3.0000000000002496,-10.473500000000058,1
2327,2492,1395.8,0.7288428324698772,4.0090056748083995,1.8000000000000114,1
2382,1909,243.7929,3.453852327447829,11.505617977528125,0.33289999999996667,1
4943,2409,331.19825000000003,2.193017888055368,4.018753606462444,-1.701750000000004,1
