stock1,stock2,trade_capital,open,loss,reward,open_num
2618,2383,156.56040000000002,2.086678832116794,6.2883211678832325,0.2353999999999985,1
2618,3406,489.359,1.4751902346226717,3.9999999999997113,4.2339999999999804,1
2618,2395,248.625,1.4751902346226717,3.9999999999997113,1.0,1
2618,2492,221.166,1.4751902346226717,3.9999999999997113,-1.4590000000000032,1
2618,3532,182.47500000000002,1.4751902346226717,3.9999999999997113,1.0,1
2610,3034,390.94325000000003,2.980046948356806,13.515845070422579,0.09324999999999761,1
3702,3406,570.06125,1.1218344155846804,3.0000000000002496,4.6612499999999955,1
3702,2492,334.30975,0.5000000000002669,2.500000000000112,1.4097500000000025,1
6239,2492,610.6310000000001,2.086678832116794,6.2883211678832325,1.5810000000000173,1
1717,2383,223.10725,2.086678832116794,6.2883211678832325,0.1672500000000099,1
5871,2474,1177.325,1.749999999999973,3.4999999999998117,3.8250000000000455,1
5871,2492,598.5,1.1218344155846804,3.0000000000002496,-6.481499999999983,1
9910,5871,401.40000000000003,1.1218344155846804,3.0000000000002496,1.5,1
3406,6505,950.7370000000001,1.4751902346226717,3.9999999999997113,-7.017999999999972,1
3406,3019,937.9125,4.000000000000004,12.500000000000034,-17.6875,1
2395,6505,730.4,2.086678832116794,6.2883211678832325,-8.85499999999999,1
2395,3034,744.75,2.980046948356806,13.515845070422579,4.0,1
6505,3019,642.1655,1.4751902346226717,3.9999999999997113,-8.089500000000001,1
