stock1,stock2,trade_capital,open,loss,reward,open_num
2603,1723,217.97875000000002,2.2499999999999822,7.500000000000021,0.2787500000000023,1
2603,2354,136.589,2.086678832116794,6.2883211678832325,-0.011000000000002785,1
2603,2888,46.17,3.2499999999999982,5.500000000000034,0.10000000000000675,1
2603,1909,90.41300000000001,1.749999999999973,3.4999999999998117,0.4230000000000018,1
1536,2603,194.57875,1.4751902346226717,3.9999999999997113,-0.22124999999999773,1
1536,1605,459.9506,1.1218344155846804,3.0000000000002496,1.4005999999999972,1
1536,1723,1246.4825,1.4751902346226717,3.9999999999997113,-0.017500000000040927,1
2105,2439,220.87400000000002,2.086678832116794,6.2883211678832325,0.7240000000000038,1
2105,2448,299.8864500000001,5.7367647058823605,13.470588235294136,-2.0135499999999524,1
5264,2303,140.53775000000002,2.2499999999999822,7.500000000000021,-1.6417500000000018,1
5264,2409,123.838,2.086678832116794,6.2883211678832325,0.5579999999999998,1
2308,2354,587.7,1.2162849872773496,7.4631043256997405,2.700000000000003,1
2303,2308,184.00775,2.6328389830508536,8.9762711864407,-0.9922499999999985,1
5880,2885,125.86824999999999,2.980046948356806,13.515845070422579,0.1382499999999851,1
2352,2454,389.59025,3.453852327447829,11.505617977528125,1.690250000000006,1
2356,2887,49.8124,2.2499999999999822,7.500000000000021,0.11240000000000094,1
2887,4958,132.274,2.086678832116794,6.2883211678832325,0.24900000000000944,1
4958,2474,654.4435,2.6328389830508536,8.9762711864407,1.9934999999999832,1
2409,3481,35.792300000000004,2.086678832116794,6.2883211678832325,0.042300000000004445,1
2408,2409,149.93800000000002,1.4751902346226717,3.9999999999997113,-0.2920000000000087,1
2448,2454,481.61800000000005,2.086678832116794,6.2883211678832325,-3.9977499999999964,1
