stock1,stock2,trade_capital,open,loss,reward,open_num
2606,1704,266.59515,3.2499999999999982,5.500000000000034,1.0451500000000067,1
2606,2890,88.63329999999999,2.6328389830508536,8.9762711864407,0.23329999999999984,1
2606,3026,332.57725,4.752819548872187,15.016917293233117,-5.022750000000002,1
2603,1477,216.84750000000003,2.193017888055368,4.018753606462444,0.0975000000000108,1
1590,2376,512.4404999999999,2.6328389830508536,8.9762711864407,1.1404999999999745,1
1590,2890,339.72774999999996,2.086678832116794,6.2883211678832325,-0.7722500000000281,1
1605,2002,84.915,4.000000000000004,12.500000000000034,-0.5000000000000178,1
1704,2347,384.3,3.453852327447829,11.505617977528125,-0.4000000000000057,1
1229,2345,379.916,1.2162849872773496,7.4631043256997405,0.8909999999999911,1
2301,2345,632.8775,1.1218344155846804,3.0000000000002496,3.277500000000032,1
2327,3034,1353.2424999999998,2.086678832116794,6.2883211678832325,-23.686500000000024,1
1314,1477,213.0485,1.4751902346226717,3.9999999999997113,0.048499999999989996,1
2345,6456,1195.3775,1.4751902346226717,3.9999999999997113,-11.79649999999998,1
2345,2890,144.98725000000002,2.086678832116794,6.2883211678832325,0.5872499999999974,1
2345,2409,159.2455,2.086678832116794,6.2883211678832325,0.44549999999999557,1
6456,3034,495.24699999999996,2.193017888055368,4.018753606462444,-3.5900000000000034,1
2885,4958,132.2672,1.4751902346226717,3.9999999999997113,0.36719999999999686,1
2890,3026,230.55624999999998,2.980046948356806,13.515845070422579,0.5562499999999915,1
4958,2492,634.2875,1.2162849872773496,7.4631043256997405,1.3374999999999773,1
2492,3034,848.5939999999999,1.749999999999973,3.4999999999998117,-6.135500000000036,1
1477,3026,1284.6345000000001,2.086678832116794,6.2883211678832325,5.634500000000003,1
