stock1,stock2,trade_capital,open,loss,reward,open_num
3231,2915,329.3815,3.2499999999999982,5.500000000000034,1.4914999999999878,1
1723,2371,264.145,2.086678832116794,6.2883211678832325,0.5200000000000102,1
9945,1301,322.54064999999997,1.749999999999973,3.4999999999998117,1.3406500000000037,1
2327,2492,1030.4160000000002,1.749999999999973,3.4999999999998117,3.4160000000000537,1
1301,3481,163.154,2.6328389830508536,8.9762711864407,0.42900000000000205,1
2377,2915,363.497,2.980046948356806,13.515845070422579,1.1970000000000027,1
4958,2915,172.1184,2.6328389830508536,8.9762711864407,0.49840000000001794,1
2915,2492,393.85699999999997,2.086678832116794,6.2883211678832325,1.1069999999999993,1
3443,2492,1507.737,2.193017888055368,4.018753606462444,-9.228000000000065,1
