stock1,stock2,trade_capital,open,loss,reward,open_num
1605,2888,67.95,2.086678832116794,6.2883211678832325,0.5,1
2888,2492,497.3295,1.4751902346226717,3.9999999999997113,3.1544999999999845,1
