stock1,stock2,trade_capital,open,loss,reward,open_num
2603,5871,327.69000000000005,1.4751902346226717,3.9999999999997113,-2.58779999999998,1
2049,5871,730.467,2.086678832116794,6.2883211678832325,5.7169999999999845,1
2105,5871,331.668,1.4751902346226717,3.9999999999997113,-2.2059999999999604,1
9910,5871,553.05,2.086678832116794,6.2883211678832325,4.5,1
9910,5880,278.084,2.980046948356806,13.515845070422579,0.6589999999999918,1
9910,2301,365.60900000000004,2.980046948356806,13.515845070422579,0.6589999999999918,1
9910,2439,1588.221,2.6328389830508536,8.9762711864407,0.22100000000000364,1
1216,5871,587.88,1.4751902346226717,3.9999999999997113,-3.9535999999999945,1
1229,5871,222.8953,1.749999999999973,3.4999999999998117,-1.7286999999999964,1
5871,2809,121.86,2.6328389830508536,8.9762711864407,1.1000000000000014,1
5871,2880,175.5,1.749999999999973,3.4999999999998117,-0.8342499999999973,1
5871,2376,626.447,1.4751902346226717,3.9999999999997113,-4.001000000000005,1
5871,4938,528.66,1.4751902346226717,3.9999999999997113,-4.05529999999996,1
1314,2360,219.09075,2.086678832116794,6.2883211678832325,0.3407500000000141,1
2353,1477,264.78499999999997,2.6328389830508536,8.9762711864407,-0.4650000000000034,1
2492,3026,497.69050000000004,2.086678832116794,6.2883211678832325,0.7905000000000086,1
3481,1477,202.235,2.086678832116794,6.2883211678832325,-0.2150000000000034,1
