stock1,stock2,trade_capital,open,loss,reward,open_num
2610,2618,22.72265,2.086678832116794,6.2883211678832325,0.03664999999999807,1
2610,3045,141.54649999999998,2.086678832116794,6.2883211678832325,0.1944999999999979,1
2610,2027,86.805,0.7288428324698772,4.0090056748083995,0.19999999999998863,1
2603,1314,96.9276,2.980046948356806,13.515845070422579,-0.0724000000000018,1
2603,2881,106.9973,1.4751902346226717,3.9999999999997113,-0.6894500000000079,1
2618,3682,95.64925,2.193017888055368,4.018753606462444,0.3632499999999972,1
2618,9910,236.73325,2.193017888055368,4.018753606462444,1.2832499999999953,1
2618,2356,80.4416,2.086678832116794,6.2883211678832325,0.17659999999999343,1
1605,2812,69.37325,2.2499999999999822,7.500000000000021,-0.4067500000000024,1
3682,2812,71.394,2.086678832116794,6.2883211678832325,0.1740000000000066,1
3682,1314,43.1242,2.6328389830508536,8.9762711864407,0.2091999999999974,1
3682,2888,23.2735,2.086678832116794,6.2883211678832325,0.0555000000000021,1
6269,2812,133.0661,2.086678832116794,6.2883211678832325,0.29110000000000014,1
6269,2834,134.567,2.086678832116794,6.2883211678832325,-0.25799999999999557,1
6269,2890,134.0685,1.2162849872773496,7.4631043256997405,-0.35649999999999693,1
2201,3045,418.3485,1.4751902346226717,3.9999999999997113,-1.4764999999999873,1
9910,5871,370.082,1.749999999999973,3.4999999999998117,1.882000000000005,1
9910,2888,235.97,2.193017888055368,4.018753606462444,0.4449999999999932,1
9910,2890,233.76850000000002,2.086678832116794,6.2883211678832325,0.6935000000000002,1
9910,3045,703.08,1.4751902346226717,3.9999999999997113,0.8799999999999955,1
5871,1314,160.29525,2.086678832116794,6.2883211678832325,0.7952499999999958,1
5871,2382,285.571,1.749999999999973,3.4999999999998117,0.9910000000000139,1
2812,3045,145.9745,1.4751902346226717,3.9999999999997113,-0.32550000000000523,1
1301,1326,844.1925,2.086678832116794,6.2883211678832325,-8.700000000000045,1
1314,2880,62.1592,2.193017888055368,4.018753606462444,0.15920000000000378,1
2880,3443,308.4785,2.086678832116794,6.2883211678832325,0.22849999999999682,1
1477,3045,638.5409999999999,1.749999999999973,3.4999999999998117,-2.459000000000003,1
