stock1,stock2,trade_capital,open,loss,reward,open_num
1536,6176,320.1475,2.086678832116794,6.2883211678832325,0.48750000000001137,1
1536,1301,995.9375,1.749999999999973,3.4999999999998117,1.9375,1
6176,5880,144.26999999999998,2.2499999999999822,7.500000000000021,0.6000000000000085,1
6176,2880,143.91,2.6328389830508536,8.9762711864407,0.44999999999998863,1
5880,2439,217.371,1.749999999999973,3.4999999999998117,0.7210000000000036,1
5880,3026,220.27175,1.749999999999973,3.4999999999998117,-1.4527499999999947,1
2308,2439,815.913,2.086678832116794,6.2883211678832325,-1.336999999999989,1
1301,1314,171.59375,1.4751902346226717,3.9999999999997113,1.0437500000000028,1
1301,1326,1044.6025,2.6328389830508536,8.9762711864407,2.6024999999999636,1
2327,2344,537.5825,1.4751902346226717,3.9999999999997113,-12.73550000000003,1
2880,2891,127.8644,3.453852327447829,11.505617977528125,0.4644000000000048,1
2884,3026,240.5095,2.980046948356806,13.515845070422579,-0.0905000000000058,1
6505,3026,513.45,1.4751902346226717,3.9999999999997113,-4.702500000000015,1
