stock1,stock2,trade_capital,open,loss,reward,open_num
1723,4938,331.4979,1.1218344155846804,3.0000000000002496,-3.2325999999999624,1
1326,2881,722.114,2.6328389830508536,8.9762711864407,3.9639999999999986,1
6456,1477,877.345,2.086678832116794,6.2883211678832325,1.94500000000005,1
2379,3045,609.6685,3.453852327447829,11.505617977528125,4.1684999999999945,1
2890,3045,161.067,2.6328389830508536,8.9762711864407,0.4170000000000016,1
3481,1477,168.989,2.086678832116794,6.2883211678832325,-0.06100000000000705,1
