stock1,stock2,trade_capital,open,loss,reward,open_num
1101,2344,74.2713,1.749999999999973,3.4999999999998117,0.12130000000000507,1
3702,2385,351.2643,2.980046948356806,13.515845070422579,-2.310699999999997,1
6269,2327,685.6575,4.752819548872187,15.016917293233117,-12.125499999999988,1
6269,2344,143.424,2.6328389830508536,8.9762711864407,-0.8159999999999883,1
9921,1434,309.62725,1.4751902346226717,3.9999999999997113,0.727249999999998,1
9921,3532,276.644,2.086678832116794,6.2883211678832325,0.04400000000001114,1
2313,2337,136.18200000000002,2.6328389830508536,8.9762711864407,0.5520000000000067,1
2823,3406,327.46575,3.693027210884357,6.0739795918367605,0.06575000000000841,1
1303,2327,652.258,3.453852327447829,11.505617977528125,-11.531000000000006,1
1301,2344,169.9885,1.749999999999973,3.4999999999998117,-0.8114999999999952,1
1301,2385,383.54589999999996,3.693027210884357,6.0739795918367605,-1.954100000000011,1
2327,3406,494.98800000000006,2.980046948356806,13.515845070422579,-11.051000000000016,1
2344,2881,86.22540000000001,2.6328389830508536,8.9762711864407,0.3703999999999965,1
2344,2882,158.18400000000003,2.6328389830508536,8.9762711864407,0.6340000000000003,1
2344,2379,203.18400000000003,2.6328389830508536,8.9762711864407,0.534000000000006,1
2344,2395,298.6015,2.086678832116794,6.2883211678832325,0.3515000000000015,1
2344,3443,255.834,2.6328389830508536,8.9762711864407,-1.715999999999994,1
2344,2474,275.1355,1.749999999999973,3.4999999999998117,0.535499999999999,1
2344,1477,225.23400000000004,2.6328389830508536,8.9762711864407,-0.715999999999994,1
2344,3532,196.3855,1.749999999999973,3.4999999999998117,-1.1315000000000026,1
2344,1504,75.5604,2.086678832116794,6.2883211678832325,-0.32960000000000633,1
2884,3406,286.3395,1.749999999999973,3.4999999999998117,0.18949999999999534,1
4938,3034,479.70000000000005,2.086678832116794,6.2883211678832325,1.5,1
2379,3532,1201.254,2.6328389830508536,8.9762711864407,1.254000000000019,1
2382,2385,402.3655,3.453852327447829,11.505617977528125,-3.2345000000000113,1
3406,2474,593.519,1.749999999999973,3.4999999999998117,-3.8959999999999866,1
3532,3034,621.9,2.086678832116794,6.2883211678832325,-9.550500000000028,1
