stock1,stock2,trade_capital,open,loss,reward,open_num
1605,6176,339.54224999999997,2.980046948356806,13.515845070422579,1.1822500000000389,1
2049,2383,712.078,1.2162849872773496,7.4631043256997405,0.7280000000000086,1
2379,3019,686.3204000000001,1.2162849872773496,7.4631043256997405,-0.4796000000000049,1
2357,3019,843.6039000000001,2.980046948356806,13.515845070422579,3.10390000000001,1
2439,6269,1161.0065,2.980046948356806,13.515845070422579,0.50649999999996,1
2383,2439,628.6085,1.4751902346226717,3.9999999999997113,2.6085000000000207,1
2383,3532,520.434,1.1218344155846804,3.0000000000002496,-3.5660000000000167,1
2884,6269,204.13575,2.086678832116794,6.2883211678832325,-0.11424999999999841,1
3231,4938,208.81879999999998,2.980046948356806,13.515845070422579,-0.3861999999999739,1
3532,6269,745.756,2.980046948356806,13.515845070422579,0.2560000000000002,1
6269,6505,531.896,1.4751902346226717,3.9999999999997113,0.34600000000000364,1
