stock1,stock2,trade_capital,open,loss,reward,open_num
2105,2883,97.21775,3.2499999999999982,5.500000000000034,0.24775000000000347,1
2105,2891,148.56325,3.453852327447829,11.505617977528125,-0.4067499999999882,1
1802,2890,65.80765,4.000000000000004,12.500000000000034,0.18264999999999532,1
1802,3406,354.41475,2.086678832116794,6.2883211678832325,9.914749999999998,1
1802,2395,305.164,3.2499999999999982,5.500000000000034,-1.4810000000000088,1
1802,1402,223.4277,2.6328389830508536,8.9762711864407,0.22769999999998447,1
2371,2883,65.4198,2.980046948356806,13.515845070422579,0.13479999999999492,1
2882,2395,654.8885,2.6328389830508536,8.9762711864407,2.1884999999999764,1
