stock1,stock2,trade_capital,open,loss,reward,open_num
2603,2330,246.69000000000003,2.086678832116794,6.2883211678832325,0.6999999999999957,1
2618,3045,270.366,3.693027210884357,6.0739795918367605,0.7660000000000053,1
9921,3406,840.1500000000001,3.2499999999999982,5.500000000000034,9.0,1
9921,3045,682.9449999999999,2.086678832116794,6.2883211678832325,0.4449999999999932,1
5880,1434,147.2237,3.2499999999999982,5.500000000000034,-0.7198000000000064,1
2888,3406,245.94625,2.086678832116794,6.2883211678832325,1.0962499999999977,1
6505,2027,548.8219,1.2162849872773496,7.4631043256997405,5.071899999999999,1
1434,3045,230.348,2.6328389830508536,8.9762711864407,-2.4229999999999734,1
