stock1,stock2,trade_capital,open,loss,reward,open_num
1536,2610,191.17475,1.749999999999973,3.4999999999998117,0.17474999999999596,1
9933,6505,257.4018,3.453852327447829,11.505617977528125,0.05179999999998586,1
2313,2882,409.9664,2.980046948356806,13.515845070422579,0.2664000000000044,1
5880,3406,513.18,2.086678832116794,6.2883211678832325,-10.654499999999999,1
