stock1,stock2,trade_capital,open,loss,reward,open_num
2603,2345,173.925,2.086678832116794,6.2883211678832325,-0.25,1
1605,1326,176.4,2.086678832116794,6.2883211678832325,-1.3357500000000044,1
1605,1434,63.693400000000004,2.6328389830508536,8.9762711864407,-0.5513000000000048,1
2610,1605,58.68000000000001,2.6328389830508536,8.9762711864407,-0.15000000000000568,1
2610,2345,149.85000000000002,2.086678832116794,6.2883211678832325,0.75,1
2610,2882,169.5092,2.980046948356806,13.515845070422579,0.25919999999999277,1
2610,2886,132.49175,2.980046948356806,13.515845070422579,-0.33824999999998084,1
2610,2449,53.014700000000005,2.6328389830508536,8.9762711864407,0.1247000000000007,1
3682,2345,139.275,1.1218344155846804,3.0000000000002496,0.75,1
2812,2354,129.0155,1.749999999999973,3.4999999999998117,0.19550000000000978,1
2812,2371,72.69505,1.2162849872773496,7.4631043256997405,0.22004999999999697,1
1789,2867,114.49324999999999,2.086678832116794,6.2883211678832325,0.30324999999999136,1
2303,1504,92.1151,2.6328389830508536,8.9762711864407,0.3650999999999982,1
2324,3532,206.5925,1.4751902346226717,3.9999999999997113,0.9424999999999955,1
2345,2886,210.375,3.2499999999999982,5.500000000000034,-0.5,1
2345,2383,779.4000000000001,1.749999999999973,3.4999999999998117,4.0,1
2345,3034,322.32,2.086678832116794,6.2883211678832325,1.8700000000000045,1
2881,2891,242.86860000000001,4.752819548872187,15.016917293233117,-2.0553999999999775,1
2371,2382,213.56939999999997,4.000000000000004,12.500000000000034,0.5293999999999954,1
2383,3034,411.3,3.2499999999999982,5.500000000000034,-1.0,1
2887,2888,43.12635,2.6328389830508536,8.9762711864407,0.15635000000000687,1
2891,1504,48.15495,4.752819548872187,15.016917293233117,-0.5509000000000022,1
