stock1,stock2,trade_capital,open,loss,reward,open_num
2327,2337,381.08075,3.2499999999999982,5.500000000000034,-1.9912499999999795,1
