stock1,stock2,trade_capital,open,loss,reward,open_num
1590,2834,301.89175,2.086678832116794,6.2883211678832325,-0.40825000000000244,1
1590,1326,828.6675,2.086678832116794,6.2883211678832325,2.767500000000041,1
1590,2409,308.77375,3.2499999999999982,5.500000000000034,3.323749999999997,1
1605,2353,85.1838,2.086678832116794,6.2883211678832325,-0.09620000000000317,1
3702,2313,226.83870000000002,2.2499999999999822,7.500000000000021,-0.7363000000000142,1
3231,1301,166.7295,2.2499999999999822,7.500000000000021,0.3894999999999982,1
1722,1314,99.832,2.086678832116794,6.2883211678832325,0.31700000000000017,1
9945,2337,157.44830000000002,2.6328389830508536,8.9762711864407,0.03329999999997568,1
9945,2888,130.29625,2.6328389830508536,8.9762711864407,-0.15375000000000227,1
1301,1314,153.067,2.086678832116794,6.2883211678832325,0.8170000000000002,1
1301,2353,409.6935,2.086678832116794,6.2883211678832325,1.8184999999999718,1
1301,2888,149.0895,2.6328389830508536,8.9762711864407,0.9394999999999953,1
1301,2409,145.30949999999999,2.193017888055368,4.018753606462444,0.8894999999999982,1
2337,2890,69.09975,1.749999999999973,3.4999999999998117,0.09474999999999767,1
1314,2887,24.6284,2.193017888055368,4.018753606462444,0.06339999999999968,1
1314,2454,260.167,2.980046948356806,13.515845070422579,0.06700000000000017,1
2347,2360,288.83025000000004,1.1218344155846804,3.0000000000002496,0.9802500000000123,1
1326,2360,808.175,1.749999999999973,3.4999999999998117,-0.7250000000000227,1
1326,2888,161.05349999999999,2.2499999999999822,7.500000000000021,0.403499999999994,1
1326,2474,857.0175,2.086678832116794,6.2883211678832325,1.267500000000041,1
2353,2890,71.57475,1.749999999999973,3.4999999999998117,0.14474999999999838,1
2360,2492,674.7339999999999,1.1218344155846804,3.0000000000002496,-9.12700000000001,1
2885,2454,274.32575,2.086678832116794,6.2883211678832325,-0.9742499999999978,1
2888,2492,207.41400000000002,2.086678832116794,6.2883211678832325,1.26400000000001,1
1402,2492,306.4625,1.749999999999973,3.4999999999998117,1.2624999999999886,1
2474,2492,1049.742,1.4751902346226717,3.9999999999997113,1.5419999999999732,1
2474,3034,1260.4,2.086678832116794,6.2883211678832325,3.3999999999999773,1
