stock1,stock2,trade_capital,open,loss,reward,open_num
1536,2886,231.97500000000002,2.6328389830508536,8.9762711864407,1.25,1
1536,2891,223.1805,3.2499999999999982,5.500000000000034,-1.2094999999999914,1
1536,1476,963.3615,2.6328389830508536,8.9762711864407,4.361499999999978,1
1590,3702,641.6481000000001,1.2162849872773496,7.4631043256997405,-12.220900000000029,1
1590,2303,593.1,2.086678832116794,6.2883211678832325,-8.956000000000017,1
1590,2313,669.5142500000001,1.4751902346226717,3.9999999999997113,-6.41975000000005,1
1590,2379,2226.416,1.2162849872773496,7.4631043256997405,-47.260000000000204,1
1590,2888,586.8185,1.4751902346226717,3.9999999999997113,-7.668499999999966,1
1590,2915,811.7255,2.6328389830508536,8.9762711864407,-11.587499999999977,1
1590,1476,3302.1,1.4751902346226717,3.9999999999997113,-31.944000000000074,1
1605,2379,181.3045,1.4751902346226717,3.9999999999997113,-2.06280000000001,1
1605,3481,96.1812,3.453852327447829,11.505617977528125,0.4812000000000012,1
2618,2379,196.5145,2.086678832116794,6.2883211678832325,-1.8855000000000075,1
3231,2308,213.656,2.980046948356806,13.515845070422579,0.6159999999999997,1
9941,3481,176.4,2.086678832116794,6.2883211678832325,-3.3297500000000113,1
2308,2881,648.434,1.749999999999973,3.4999999999998117,2.1639999999999873,1
2308,2888,150.34155,1.749999999999973,3.4999999999998117,0.541550000000008,1
2308,1504,201.4937,2.086678832116794,6.2883211678832325,0.04370000000000118,1
2376,1476,507.7815,2.980046948356806,13.515845070422579,1.8614999999999782,1
2379,4943,1366.2,2.086678832116794,6.2883211678832325,-10.5,1
2379,1434,277.91175,2.6328389830508536,8.9762711864407,0.011750000000006366,1
