stock1,stock2,trade_capital,open,loss,reward,open_num
3231,2377,204.67525,1.749999999999973,3.4999999999998117,0.9252500000000055,1
3231,2492,380.8465,2.086678832116794,6.2883211678832325,0.14650000000000318,1
1314,2412,234.7785,2.6328389830508536,8.9762711864407,1.0285000000000082,1
2376,2377,455.1155,1.4751902346226717,3.9999999999997113,0.71550000000002,1
2377,3045,580.95,1.4751902346226717,3.9999999999997113,-2.5,1
4938,1402,203.6871,2.086678832116794,6.2883211678832325,0.18710000000000093,1
3026,3045,650.249,1.749999999999973,3.4999999999998117,-0.0010000000000047748,1
