stock1,stock2,trade_capital,open,loss,reward,open_num
2618,2498,73.125,2.980046948356806,13.515845070422579,0.11500000000000554,1
1605,1227,157.363,1.4751902346226717,3.9999999999997113,0.6229999999999976,1
3231,2474,437.526,3.453852327447829,11.505617977528125,4.676000000000002,1
2801,2353,92.93455000000002,2.980046948356806,13.515845070422579,0.32454999999999146,1
2834,2888,68.0951,1.4751902346226717,3.9999999999997113,0.04509999999999792,1
2915,2498,266.3202,3.453852327447829,11.505617977528125,0.9402000000000186,1
2449,2498,132.75055,2.980046948356806,13.515845070422579,0.10055000000000547,1
