stock1,stock2,trade_capital,open,loss,reward,open_num
2610,2371,81.6147,2.6328389830508536,8.9762711864407,-0.05530000000000257,1
2610,2439,237.286,4.000000000000004,12.500000000000034,-0.9639999999999986,1
2801,6414,546.75,1.749999999999973,3.4999999999998117,0.5,1
2308,2439,1240.268,2.980046948356806,13.515845070422579,1.768000000000029,1
1802,6456,270.6855,4.000000000000004,12.500000000000034,1.6855000000000047,1
8464,2330,1821.5190000000002,2.6328389830508536,8.9762711864407,3.019000000000119,1
6456,2379,635.0889999999999,2.086678832116794,6.2883211678832325,-7.91100000000003,1
2886,3034,190.87365,3.453852327447829,11.505617977528125,0.5736499999999864,1
