stock1,stock2,trade_capital,open,loss,reward,open_num
2618,2313,83.77985,2.086678832116794,6.2883211678832325,0.3598500000000051,1
2618,1301,164.025,3.2499999999999982,5.500000000000034,0.5,1
1605,2308,173.65640000000002,2.086678832116794,6.2883211678832325,0.45640000000000214,1
9945,3481,82.125,2.086678832116794,6.2883211678832325,-0.10000000000000142,1
2313,1504,87.21000000000001,2.086678832116794,6.2883211678832325,-0.5000000000000178,1
2345,2376,255.15000000000003,1.749999999999973,3.4999999999998117,-1.7477999999999838,1
2880,3481,36.225,2.086678832116794,6.2883211678832325,0.05000000000000071,1
