stock1,stock2,trade_capital,open,loss,reward,open_num
1605,2303,51.075,2.6328389830508536,8.9762711864407,-0.10000000000000142,1
6285,2308,410.40000000000003,1.4751902346226717,3.9999999999997113,2.0,1
6285,2353,179.71800000000002,3.453852327447829,11.505617977528125,0.3930000000000007,1
9904,5871,244.125,4.000000000000004,12.500000000000034,1.25,1
9914,2888,204.8835,2.086678832116794,6.2883211678832325,0.13350000000000506,1
2308,2360,266.5125,2.086678832116794,6.2883211678832325,1.1624999999999943,1
5871,2498,291.825,3.2499999999999982,5.500000000000034,1.25,1
2353,2360,265.275,3.693027210884357,6.0739795918367605,1.5,1
2353,2377,216.1085,3.693027210884357,6.0739795918367605,0.6834999999999951,1
4958,2449,205.39065,2.193017888055368,4.018753606462444,-1.460749999999976,1
4958,2454,576.0,1.749999999999973,3.4999999999998117,-2.9170000000000016,1
