stock1,stock2,trade_capital,open,loss,reward,open_num
2603,2888,71.7865,2.980046948356806,13.515845070422579,-0.2284999999999986,1
1536,3034,269.8375,2.6328389830508536,8.9762711864407,-0.9124999999999943,1
1590,6505,986.1000000000001,1.749999999999973,3.4999999999998117,6.2000000000000455,1
3231,2888,79.79650000000001,2.980046948356806,13.515845070422579,0.12150000000000105,1
5880,2812,47.575050000000005,2.086678832116794,6.2883211678832325,0.10505000000000209,1
5880,6505,187.875,1.749999999999973,3.4999999999998117,1.0,1
2812,2317,134.14634999999998,2.086678832116794,6.2883211678832325,-0.053650000000011744,1
2812,2409,91.17564999999999,2.086678832116794,6.2883211678832325,0.12565000000000026,1
2812,2492,379.60775,2.086678832116794,6.2883211678832325,-0.6422499999999829,1
2303,2892,119.88925,2.086678832116794,6.2883211678832325,-0.16075000000000372,1
2303,6505,173.3783,1.749999999999973,3.4999999999998117,0.12829999999999586,1
2327,2884,1069.781,1.4751902346226717,3.9999999999997113,15.031000000000049,1
2327,3034,1557.33,3.453852327447829,11.505617977528125,-16.57000000000005,1
2834,3034,180.7895,2.980046948356806,13.515845070422579,-0.11550000000001148,1
1314,3034,195.63600000000002,3.453852327447829,11.505617977528125,-0.16399999999998727,1
4904,3034,278.84450000000004,4.151949541284411,10.021788990825703,0.3844999999999743,1
2345,3481,133.376,2.193017888055368,4.018753606462444,0.0010000000000047748,1
2353,2888,82.0015,2.980046948356806,13.515845070422579,0.17150000000000176,1
2357,6505,812.6795,2.086678832116794,6.2883211678832325,-3.8204999999999814,1
2357,3034,382.7875,2.6328389830508536,8.9762711864407,0.5875000000000057,1
2882,6505,495.063,2.193017888055368,4.018753606462444,-0.3369999999999891,1
2883,6505,176.469,1.749999999999973,3.4999999999998117,0.2189999999999941,1
