stock1,stock2,trade_capital,open,loss,reward,open_num
2603,2454,263.57975,1.749999999999973,3.4999999999998117,-0.1702500000000029,1
2049,6285,547.293,2.980046948356806,13.515845070422579,-3.1570000000000107,1
2049,2344,279.09299999999996,3.2499999999999982,5.500000000000034,3.5929999999999893,1
2049,2885,286.196,2.086678832116794,6.2883211678832325,-0.6539999999999964,1
2049,2887,280.3945,1.4751902346226717,3.9999999999997113,-0.1554999999999893,1
1536,2049,446.4445,1.749999999999973,3.4999999999998117,1.3445000000000107,1
1536,2344,187.64249999999998,1.4751902346226717,3.9999999999997113,0.11749999999999261,1
1536,3008,3806.765,1.4751902346226717,3.9999999999997113,2.7649999999998727,1
1722,1314,94.55975000000001,2.2499999999999822,7.500000000000021,0.12974999999999426,1
2317,1326,625.0998,2.086678832116794,6.2883211678832325,2.499799999999965,1
2317,2885,146.789,2.086678832116794,6.2883211678832325,0.26900000000000546,1
2317,2379,461.304,2.2499999999999822,7.500000000000021,-4.256,1
2317,2439,745.3620000000001,2.086678832116794,6.2883211678832325,2.312000000000012,1
2317,3008,3590.35,2.6328389830508536,8.9762711864407,17.75,1
2324,6456,181.216,2.086678832116794,6.2883211678832325,0.9410000000000025,1
2324,2454,307.3365,2.086678832116794,6.2883211678832325,-0.4385000000000048,1
2324,3008,3308.8050000000003,2.086678832116794,6.2883211678832325,25.5300000000002,1
1314,2383,119.57974999999999,2.086678832116794,6.2883211678832325,0.0797499999999971,1
2353,2891,59.56235000000001,3.2499999999999982,5.500000000000034,0.1323499999999953,1
2344,3008,3291.03,1.2162849872773496,7.4631043256997405,9.0300000000002,1
2344,3532,172.639,1.2162849872773496,7.4631043256997405,0.16400000000000148,1
6456,3481,152.79025000000001,2.193017888055368,4.018753606462444,0.7902500000000003,1
2885,3532,180.514,2.086678832116794,6.2883211678832325,0.16400000000000148,1
2887,3008,3287.395,2.6328389830508536,8.9762711864407,-4.204999999999927,1
2887,3532,173.764,2.6328389830508536,8.9762711864407,0.6640000000000015,1
