stock1,stock2,trade_capital,open,loss,reward,open_num
2603,2301,83.4093,2.193017888055368,4.018753606462444,0.039299999999997226,1
2603,2317,131.94,2.2499999999999822,7.500000000000021,0.6500000000000057,1
2603,3481,101.275,2.086678832116794,6.2883211678832325,0.23499999999999943,1
2603,3019,142.20000000000002,2.2499999999999822,7.500000000000021,0.4000000000000057,1
2610,2308,134.0675,2.6328389830508536,8.9762711864407,-1.4716300000000047,1
2610,2327,1144.705,1.4751902346226717,3.9999999999997113,-13.50825000000006,1
2308,2834,150.4295,2.980046948356806,13.515845070422579,-1.225500000000011,1
2327,2886,1114.598,2.6328389830508536,8.9762711864407,14.348000000000013,1
2327,2887,1166.485,2.193017888055368,4.018753606462444,-18.53100000000005,1
2327,2379,1593.95,1.4751902346226717,3.9999999999997113,4.2000000000000455,1
2327,3034,1706.45,1.4751902346226717,3.9999999999997113,4.2000000000000455,1
2883,2892,70.7132,2.086678832116794,6.2883211678832325,0.18819999999999837,1
2885,2409,26.619899999999998,2.6328389830508536,8.9762711864407,0.019899999999996254,1
2886,6505,190.2579,2.6328389830508536,8.9762711864407,0.5578999999999894,1
2886,2542,309.10220000000004,2.6328389830508536,8.9762711864407,0.6271999999999878,1
2890,2892,101.03460000000001,3.693027210884357,6.0739795918367605,0.31460000000000576,1
2887,2409,68.84285,2.086678832116794,6.2883211678832325,0.04284999999999073,1
2412,3481,153.63425,2.086678832116794,6.2883211678832325,0.33424999999999727,1
