stock1,stock2,trade_capital,open,loss,reward,open_num
2603,1314,75.40875,2.086678832116794,6.2883211678832325,0.24875000000000824,1
2603,2448,102.71525,1.749999999999973,3.4999999999998117,0.17524999999999835,1
2633,2454,347.4,2.6328389830508536,8.9762711864407,-1.4072500000000048,1
3711,2385,155.79000000000002,2.6328389830508536,8.9762711864407,0.70000000000001,1
2337,2395,314.5535,1.4751902346226717,3.9999999999997113,-0.44650000000000034,1
2324,3034,212.11175,1.749999999999973,3.4999999999998117,-1.1382499999999993,1
2884,3034,218.22500000000002,2.980046948356806,13.515845070422579,-0.375,1
4938,2454,454.08349999999996,3.2499999999999982,5.500000000000034,1.2334999999999923,1
2395,3044,293.7285,2.980046948356806,13.515845070422579,0.5385000000000133,1
