stock1,stock2,trade_capital,open,loss,reward,open_num
3673,1326,797.8185,2.6328389830508536,8.9762711864407,6.568499999999972,1
3673,2383,663.129,2.6328389830508536,8.9762711864407,5.378999999999991,1
9945,3481,94.92420000000001,1.4751902346226717,3.9999999999997113,0.39920000000000044,1
2801,2379,190.34275000000002,1.749999999999973,3.4999999999998117,-0.3582499999999982,1
2801,2383,176.84275000000002,2.980046948356806,13.515845070422579,0.9927500000000009,1
5880,3034,208.373,3.2499999999999982,5.500000000000034,-0.6269999999999953,1
2308,1326,592.1145,3.453852327447829,11.505617977528125,1.5144999999999982,1
2308,2887,205.5795,2.980046948356806,13.515845070422579,1.0294999999999987,1
2308,2383,750.865,2.086678832116794,6.2883211678832325,3.115000000000009,1
2352,3532,239.03075,2.086678832116794,6.2883211678832325,0.2807499999999976,1
1326,1477,639.077,1.749999999999973,3.4999999999998117,2.076999999999998,1
2886,2002,147.05575,3.2499999999999982,5.500000000000034,-0.8003,1
2883,6505,164.24025,2.086678832116794,6.2883211678832325,0.0902499999999975,1
2883,1477,318.043,1.749999999999973,3.4999999999998117,0.7929999999999993,1
2379,2383,615.8125,1.1218344155846804,3.0000000000002496,3.4624999999999773,1
2379,4943,1762.596,2.086678832116794,6.2883211678832325,8.596000000000004,1
2383,6505,488.52950000000004,1.4751902346226717,3.9999999999997113,3.629499999999993,1
2887,2383,270.085,1.2162849872773496,7.4631043256997405,0.6349999999999909,1
3481,1477,187.34375,2.086678832116794,6.2883211678832325,0.7937500000000028,1
