stock1,stock2,trade_capital,open,loss,reward,open_num
6239,2884,159.0234,1.749999999999973,3.4999999999998117,0.09839999999999804,1
1102,1216,163.1958,1.749999999999973,3.4999999999998117,-1.0115000000000123,1
3231,3406,293.36725,2.193017888055368,4.018753606462444,-2.1327499999999873,1
2812,2492,207.41400000000002,2.6328389830508536,8.9762711864407,0.76400000000001,1
2324,3406,266.63525,2.086678832116794,6.2883211678832325,1.4852499999999935,1
2356,2888,104.931,2.980046948356806,13.515845070422579,0.4900000000000091,1
