stock1,stock2,trade_capital,open,loss,reward,open_num
2603,6239,122.0412,2.193017888055368,4.018753606462444,-0.7335500000000081,1
2610,2887,55.2582,2.086678832116794,6.2883211678832325,0.15819999999999723,1
2610,2915,125.36699999999999,4.151949541284411,10.021788990825703,-0.502999999999993,1
2618,2379,193.541,1.4751902346226717,3.9999999999997113,0.8659999999999997,1
2618,2492,228.1625,2.086678832116794,6.2883211678832325,-1.4875000000000114,1
2633,2492,320.5355,2.193017888055368,4.018753606462444,-2.964499999999987,1
1101,3532,295.85975,1.749999999999973,3.4999999999998117,0.6097500000000053,1
6269,2892,173.1055,2.086678832116794,6.2883211678832325,-0.904500000000013,1
3231,1301,285.994,2.086678832116794,6.2883211678832325,0.6440000000000055,1
9914,1326,543.716,2.086678832116794,6.2883211678832325,1.7160000000000082,1
9914,2454,1507.52,1.4751902346226717,3.9999999999997113,2.019999999999982,1
2845,2409,32.900999999999996,2.086678832116794,6.2883211678832325,-0.19900000000000162,1
2845,2492,211.364,1.749999999999973,3.4999999999998117,-1.6360000000000028,1
1326,2881,198.299,2.193017888055368,4.018753606462444,0.17900000000000205,1
1326,2915,394.37699999999995,3.453852327447829,11.505617977528125,-2.3630000000000138,1
1326,2412,637.5815,1.4751902346226717,3.9999999999997113,-1.4184999999999661,1
1326,2492,965.2875,2.6328389830508536,8.9762711864407,-0.9624999999999773,1
2867,2915,135.405,1.2162849872773496,7.4631043256997405,0.75,1
2887,2379,189.49099999999999,2.086678832116794,6.2883211678832325,0.8659999999999997,1
2887,2492,223.389,2.6328389830508536,8.9762711864407,-2.23599999999999,1
2382,2492,381.1625,2.086678832116794,6.2883211678832325,-1.2375000000000114,1
2892,2915,176.18625,2.086678832116794,6.2883211678832325,-1.4537499999999852,1
2892,2492,253.1375,1.4751902346226717,3.9999999999997113,0.7624999999999886,1
2915,2498,276.6242,1.2162849872773496,7.4631043256997405,0.39919999999999334,1
2454,2492,901.242,2.193017888055368,4.018753606462444,-6.350000000000023,1
