stock1,stock2,trade_capital,open,loss,reward,open_num
1605,2892,153.68755,3.693027210884357,6.0739795918367605,-0.012450000000001182,1
1326,2377,631.35,2.980046948356806,13.515845070422579,2.5,1
1326,4938,640.6025000000001,2.980046948356806,13.515845070422579,-4.147499999999951,1
2886,2377,232.875,2.086678832116794,6.2883211678832325,1.0,1
2377,3443,811.35,2.086678832116794,6.2883211678832325,-5.5,1
2377,3008,4545.0,2.086678832116794,6.2883211678832325,-17.5,1
4938,2474,658.701,2.086678832116794,6.2883211678832325,-0.49900000000002365,1
2888,2408,153.85090000000002,1.749999999999973,3.4999999999998117,-0.8298499999999933,1
