stock1,stock2,trade_capital,open,loss,reward,open_num
2610,2823,66.81,1.749999999999973,3.4999999999998117,0.2100000000000044,1
2610,4904,119.7036,2.086678832116794,6.2883211678832325,0.22860000000000014,1
2610,2492,201.89475000000002,2.6328389830508536,8.9762711864407,-0.15525000000000233,1
9910,2498,229.359,1.1218344155846804,3.0000000000002496,0.3240000000000052,1
1301,3406,726.191,2.086678832116794,6.2883211678832325,3.390999999999991,1
1326,3406,390.40200000000004,1.749999999999973,3.4999999999998117,0.8520000000000039,1
2353,1402,151.64180000000002,1.4751902346226717,3.9999999999997113,0.09179999999999922,1
