stock1,stock2,trade_capital,open,loss,reward,open_num
2618,1605,93.12125,1.2162849872773496,7.4631043256997405,0.021249999999994884,1
2618,2492,313.1635,1.2162849872773496,7.4631043256997405,2.5134999999999934,1
2618,3026,228.917,1.2162849872773496,7.4631043256997405,2.266999999999996,1
2618,2542,113.46440000000001,1.2162849872773496,7.4631043256997405,0.11440000000000339,1
9914,1229,761.092,1.1218344155846804,3.0000000000002496,4.792000000000002,1
9914,2823,272.0565,2.6328389830508536,8.9762711864407,-0.9184999999999945,1
9914,1314,337.563,1.2162849872773496,7.4631043256997405,0.4130000000000109,1
9914,1326,350.983,1.749999999999973,3.4999999999998117,1.5829999999999984,1
9914,6456,548.1945000000001,2.086678832116794,6.2883211678832325,-6.681499999999971,1
9914,2371,753.3675000000001,1.2162849872773496,7.4631043256997405,-6.192499999999981,1
9914,1909,414.9806,1.1218344155846804,3.0000000000002496,2.1805999999999983,1
9914,2439,975.0999999999999,2.6328389830508536,8.9762711864407,-2.1000000000000227,1
1229,1314,81.59800000000001,0.5000000000002669,2.500000000000112,-0.25200000000000244,1
1229,2409,90.54815,2.6328389830508536,8.9762711864407,0.34815000000000396,1
2823,1909,152.76545,2.980046948356806,13.515845070422579,-0.4595500000000001,1
2834,2344,44.4396,2.6328389830508536,8.9762711864407,0.10459999999999248,1
2324,2409,44.0674,2.086678832116794,6.2883211678832325,0.017399999999998528,1
1301,1909,498.80150000000003,2.980046948356806,13.515845070422579,-0.048500000000004206,1
1326,2888,166.02,2.6328389830508536,8.9762711864407,0.8200000000000003,1
1326,2542,711.2576,1.749999999999973,3.4999999999998117,4.657600000000031,1
1314,2344,91.046,1.2162849872773496,7.4631043256997405,-0.25899999999999324,1
6456,2891,236.632,2.193017888055368,4.018753606462444,0.6820000000000022,1
2371,2439,183.38,2.086678832116794,6.2883211678832325,0.7850000000000001,1
2882,4958,304.6711,3.2499999999999982,5.500000000000034,-1.9894000000000034,1
4958,1909,318.6606,1.1218344155846804,3.0000000000002496,-2.437150000000017,1
2891,1909,123.75125,2.086678832116794,6.2883211678832325,0.18125000000000568,1
2395,3026,1268.028,1.749999999999973,3.4999999999998117,4.02800000000002,1
2915,1909,159.96089999999998,2.6328389830508536,8.9762711864407,-3.1115000000000066,1
2915,3045,533.97,2.086678832116794,6.2883211678832325,2.5,1
1909,2439,362.935,1.2162849872773496,7.4631043256997405,1.0699999999999932,1
2002,3034,249.75,1.749999999999973,3.4999999999998117,-2.078749999999985,1
