stock1,stock2,trade_capital,open,loss,reward,open_num
2618,3481,83.025,2.193017888055368,4.018753606462444,0.3000000000000007,1
3702,2345,293.5785,3.2499999999999982,5.500000000000034,-2.439750000000018,1
1216,2885,133.2055,2.6328389830508536,8.9762711864407,0.3855000000000075,1
1216,3443,652.0695000000001,0.7288428324698772,4.0090056748083995,3.4694999999999823,1
2812,2371,62.3429,2.086678832116794,6.2883211678832325,-0.17710000000000292,1
2812,2409,59.20995,2.086678832116794,6.2883211678832325,0.2599499999999981,1
2308,1319,396.406,4.752819548872187,15.016917293233117,2.0560000000000116,1
2330,3443,1631.7675,2.6328389830508536,8.9762711864407,-8.982500000000073,1
1319,2412,245.16000000000003,2.980046948356806,13.515845070422579,1.1000000000000014,1
1326,2498,394.61260000000004,1.749999999999973,3.4999999999998117,1.9126000000000118,1
2345,2353,553.05,1.4751902346226717,3.9999999999997113,-5.5,1
2353,2371,155.6995,1.1218344155846804,3.0000000000002496,-1.7355000000000054,1
2353,2492,551.358,1.1218344155846804,3.0000000000002496,6.007999999999981,1
2357,2412,739.8,2.980046948356806,13.515845070422579,4.5,1
2881,2412,389.43,2.086678832116794,6.2883211678832325,1.8999999999999915,1
2412,3481,318.59999999999997,2.6328389830508536,8.9762711864407,1.5,1
2492,6116,149.941,1.4751902346226717,3.9999999999997113,-0.0589999999999975,1
