stock1,stock2,trade_capital,open,loss,reward,open_num
1590,1301,641.071,1.4751902346226717,3.9999999999997113,-5.928999999999974,1
2231,2313,436.579,2.086678832116794,6.2883211678832325,0.32900000000000773,1
2327,1326,1293.205,2.6328389830508536,8.9762711864407,3.80499999999995,1
2344,1909,116.38425,2.086678832116794,6.2883211678832325,0.06424999999999059,1
2344,3044,167.029,2.086678832116794,6.2883211678832325,0.3539999999999992,1
2344,3045,190.45850000000002,2.086678832116794,6.2883211678832325,0.4334999999999951,1
1326,2371,600.4930999999999,2.086678832116794,6.2883211678832325,0.6430999999999472,1
2884,2912,446.7685,1.4751902346226717,3.9999999999997113,-4.196000000000026,1
2888,3044,139.7794,2.086678832116794,6.2883211678832325,-0.07059999999999178,1
