stock1,stock2,trade_capital,open,loss,reward,open_num
2105,2885,116.2502,2.6328389830508536,8.9762711864407,-1.0497999999999976,1
1605,2345,194.844,2.6328389830508536,8.9762711864407,-2.8612499999999983,1
1605,2915,317.34,3.2499999999999982,5.500000000000034,-1.805550000000025,1
1605,2492,435.218,2.6328389830508536,8.9762711864407,-2.5319999999999823,1
6269,2867,190.9255,2.6328389830508536,8.9762711864407,0.17549999999999955,1
6269,2885,174.9735,2.980046948356806,13.515845070422579,-3.5264999999999986,1
1101,2885,108.92225,4.752819548872187,15.016917293233117,-0.9277499999999961,1
9904,3443,461.29075,3.693027210884357,6.0739795918367605,-1.235749999999996,1
2308,1326,785.6075,2.086678832116794,6.2883211678832325,0.7074999999999818,1
2317,2885,144.8015,2.6328389830508536,8.9762711864407,-1.2102000000000004,1
2823,2885,88.0351,4.752819548872187,15.016917293233117,-0.7648999999999972,1
2823,3481,75.06700000000001,2.086678832116794,6.2883211678832325,0.26200000000000045,1
2345,1402,252.3655,2.086678832116794,6.2883211678832325,0.26550000000000296,1
1326,3481,176.469,2.086678832116794,6.2883211678832325,-0.03100000000000591,1
2885,3481,82.46535,1.749999999999973,3.4999999999998117,0.22534999999998462,1
1909,3481,78.21900000000001,1.4751902346226717,3.9999999999997113,0.2190000000000012,1
