stock1,stock2,trade_capital,open,loss,reward,open_num
6176,2834,113.79569999999998,2.2499999999999822,7.500000000000021,0.14569999999999084,1
6269,2327,1172.25,2.086678832116794,6.2883211678832325,-33.817499999999995,1
6269,6456,390.9895,1.749999999999973,3.4999999999998117,0.8894999999999982,1
6269,3026,643.05,2.086678832116794,6.2883211678832325,-9.122499999999945,1
6269,2027,588.645,1.749999999999973,3.4999999999998117,2.9499999999999886,1
2327,1314,778.6854999999999,1.1218344155846804,3.0000000000002496,0.285499999999999,1
2327,2385,997.6500000000001,2.6328389830508536,8.9762711864407,-53.17549999999994,1
