stock1,stock2,trade_capital,open,loss,reward,open_num
2610,2357,282.79650000000004,2.6328389830508536,8.9762711864407,0.2885000000000062,1
2603,2823,67.61805000000001,1.4751902346226717,3.9999999999997113,-0.021949999999993253,1
2603,2474,400.09675000000004,1.1218344155846804,3.0000000000002496,-5.453249999999997,1
1605,2308,159.85605,2.086678832116794,6.2883211678832325,-0.1439499999999896,1
1605,2409,80.0352,1.1218344155846804,3.0000000000002496,0.2851999999999997,1
1101,2308,649.481,1.4751902346226717,3.9999999999997113,2.180999999999983,1
2308,2313,245.15075000000002,1.4751902346226717,3.9999999999997113,-2.517250000000004,1
2308,2881,442.044,2.193017888055368,4.018753606462444,0.7439999999999998,1
2308,3026,645.4929999999999,1.749999999999973,3.4999999999998117,1.992999999999995,1
5871,2344,223.171,2.980046948356806,13.515845070422579,-0.5239999999999974,1
5871,2408,580.1800000000001,2.980046948356806,13.515845070422579,0.040000000000063096,1
2313,2352,48.8647,2.086678832116794,6.2883211678832325,-0.6032999999999973,1
2313,2454,359.1882,1.4751902346226717,3.9999999999997113,-2.958299999999994,1
2888,2474,427.46375,2.6328389830508536,8.9762711864407,-0.03624999999999545,1
2448,3481,86.09975,1.4751902346226717,3.9999999999997113,0.22975000000000279,1
