stock1,stock2,trade_capital,open,loss,reward,open_num
2049,2887,392.88325000000003,2.980046948356806,13.515845070422579,-6.466750000000005,1
2049,6505,687.552,1.4751902346226717,3.9999999999997113,-5.164500000000032,1
9914,2371,220.86,2.6328389830508536,8.9762711864407,1.1500000000000057,1
5880,1326,202.281,2.086678832116794,6.2883211678832325,0.8810000000000002,1
2327,3026,2115.8559999999998,2.6328389830508536,8.9762711864407,6.8559999999999945,1
2357,2884,352.08125,2.980046948356806,13.515845070422579,0.9312500000000057,1
2883,2912,393.81500000000005,2.086678832116794,6.2883211678832325,-1.4349999999999739,1
