stock1,stock2,trade_capital,open,loss,reward,open_num
2633,2313,158.7224,2.6328389830508536,8.9762711864407,-0.827600000000011,1
9910,1326,1064.2975,1.4751902346226717,3.9999999999997113,4.797499999999957,1
9914,2308,599.197,2.086678832116794,6.2883211678832325,0.19700000000000273,1
2308,2439,439.0095,1.4751902346226717,3.9999999999997113,1.059500000000014,1
2308,3044,188.16680000000002,1.749999999999973,3.4999999999998117,0.21680000000000632,1
2834,2344,98.44,2.086678832116794,6.2883211678832325,-0.41499999999999915,1
2834,3026,205.585,2.980046948356806,13.515845070422579,-1.4149999999999991,1
2382,3026,384.3,2.6328389830508536,8.9762711864407,2.5,1
2449,3026,247.275,1.4751902346226717,3.9999999999997113,0.5,1
