stock1,stock2,trade_capital,open,loss,reward,open_num
2313,2327,618.336,2.2499999999999822,7.500000000000021,3.4610000000000127,1
2327,1326,1100.265,1.1218344155846804,3.0000000000002496,3.0650000000000546,1
2327,2912,2091.985,2.086678832116794,6.2883211678832325,-0.5149999999999864,1
1326,2360,1009.86,2.980046948356806,13.515845070422579,-9.340000000000032,1
1326,2912,1020.3389999999999,2.980046948356806,13.515845070422579,6.838999999999999,1
2885,1504,37.4872,3.2499999999999982,5.500000000000034,-0.26280000000000214,1
3406,6505,1261.694,1.4751902346226717,3.9999999999997113,-11.503500000000031,1
6505,3026,977.455,3.2499999999999982,5.500000000000034,-4.644999999999982,1
2492,1476,1517.42,1.749999999999973,3.4999999999998117,9.519999999999982,1
2912,3026,602.392,3.2499999999999982,5.500000000000034,0.6419999999999959,1
