stock1,stock2,trade_capital,open,loss,reward,open_num
2610,1326,157.079,2.086678832116794,6.2883211678832325,0.17900000000000205,1
1102,2330,404.782,3.2499999999999982,5.500000000000034,-1.4680000000000177,1
1101,1314,91.62,1.749999999999973,3.4999999999998117,0.25,1
1101,1326,302.3643,2.086678832116794,6.2883211678832325,0.8142999999999887,1
3702,1314,84.02690000000001,2.086678832116794,6.2883211678832325,-0.36310000000000286,1
2823,1326,227.5154,2.6328389830508536,8.9762711864407,0.3153999999999968,1
2823,3532,291.87175,2.980046948356806,13.515845070422579,1.8717499999999916,1
1301,2915,213.15859999999998,2.6328389830508536,8.9762711864407,0.25859999999998706,1
2330,2915,456.80449999999996,4.000000000000004,12.500000000000034,-0.4755000000000109,1
2330,3019,834.489,2.086678832116794,6.2883211678832325,1.488999999999976,1
1314,1326,164.729,2.086678832116794,6.2883211678832325,0.42900000000000205,1
1314,2890,68.4188,2.086678832116794,6.2883211678832325,-0.38119999999999976,1
1314,2474,386.1,2.086678832116794,6.2883211678832325,-2.25,1
1314,2002,79.33500000000001,2.086678832116794,6.2883211678832325,-0.04999999999999716,1
1314,3044,159.744,2.980046948356806,13.515845070422579,-1.0559999999999974,1
1326,2886,341.22325,2.6328389830508536,8.9762711864407,1.2232500000000073,1
1326,2439,640.0095,1.1218344155846804,3.0000000000002496,4.509500000000003,1
2360,2439,1079.4285,1.749999999999973,3.4999999999998117,4.028500000000008,1
2360,3034,696.5895,3.2499999999999982,5.500000000000034,2.2894999999999754,1
2474,3034,863.986,2.980046948356806,13.515845070422579,1.8859999999999673,1
