stock1,stock2,trade_capital,open,loss,reward,open_num
2603,2888,87.3372,2.086678832116794,6.2883211678832325,0.03719999999999324,1
2103,3481,63.87180000000001,2.086678832116794,6.2883211678832325,0.2617999999999938,1
1101,1314,89.775,1.1218344155846804,3.0000000000002496,-0.25,1
5871,2809,273.788,3.453852327447829,11.505617977528125,-2.122249999999994,1
5871,2303,179.46,2.086678832116794,6.2883211678832325,0.46000000000000796,1
5871,2888,154.538,2.086678832116794,6.2883211678832325,0.4380000000000024,1
5871,3008,3573.0,2.980046948356806,13.515845070422579,22.5,1
2809,2303,113.4586,2.6328389830508536,8.9762711864407,0.20860000000000412,1
2809,2888,192.29975000000002,4.752819548872187,15.016917293233117,-2.5184500000000227,1
2308,1314,170.10000000000002,1.1218344155846804,3.0000000000002496,0.75,1
2308,2888,182.9495,1.749999999999973,3.4999999999998117,-1.0504999999999995,1
2915,3481,109.98,2.6328389830508536,8.9762711864407,-0.20000000000000284,1
2888,2449,70.9085,2.6328389830508536,8.9762711864407,0.25849999999999795,1
3481,2492,169.2155,1.4751902346226717,3.9999999999997113,-0.08450000000000557,1
