stock1,stock2,trade_capital,open,loss,reward,open_num
2618,1301,168.07500000000002,2.086678832116794,6.2883211678832325,0.75,1
2618,2883,52.2002,2.086678832116794,6.2883211678832325,0.1651999999999898,1
2618,6505,179.32500000000002,2.980046948356806,13.515845070422579,0.25,1
3702,2448,136.665,2.086678832116794,6.2883211678832325,0.45000000000000995,1
1722,2448,201.78,1.749999999999973,3.4999999999998117,-1.3704999999999927,1
2324,1434,105.8177,1.749999999999973,3.4999999999998117,-0.0022999999999981924,1
2890,3443,313.30725,1.4751902346226717,3.9999999999997113,-0.19274999999999665,1
