stock1,stock2,trade_capital,open,loss,reward,open_num
2603,6269,153.4765,1.749999999999973,3.4999999999998117,-0.8863000000000056,1
3682,2801,39.84505,1.4751902346226717,3.9999999999997113,-0.3065700000000007,1
3682,3443,309.31925,1.4751902346226717,3.9999999999997113,2.169249999999977,1
1704,2801,129.25025,2.086678832116794,6.2883211678832325,-0.3647500000000079,1
2801,2892,108.52345,2.6328389830508536,8.9762711864407,-0.4765500000000067,1
2330,2891,310.723,4.151949541284411,10.021788990825703,-0.3269999999999982,1
2356,2884,142.17950000000002,2.980046948356806,13.515845070422579,0.454500000000003,1
2881,3443,474.3,2.980046948356806,13.515845070422579,-4.0,1
2409,2439,214.10575,2.193017888055368,4.018753606462444,0.10575000000001467,1
