stock1,stock2,trade_capital,open,loss,reward,open_num
2610,1326,154.0505,1.749999999999973,3.4999999999998117,0.25849999999999085,1
1301,1402,674.89,2.6328389830508536,8.9762711864407,1.650000000000034,1
2360,3026,1497.2525,2.086678832116794,6.2883211678832325,6.352499999999964,1
6456,4943,1131.9775,1.4751902346226717,3.9999999999997113,3.2275000000000205,1
2357,2360,1796.41,2.086678832116794,6.2883211678832325,3.910000000000082,1
