stock1,stock2,trade_capital,open,loss,reward,open_num
2049,1314,296.1,1.4751902346226717,3.9999999999997113,-2.25,1
6176,2880,142.425,2.980046948356806,13.515845070422579,0.6500000000000057,1
3231,1314,80.66575,1.4751902346226717,3.9999999999997113,0.1907500000000013,1
9933,1314,110.30090000000001,2.6328389830508536,8.9762711864407,-0.5990999999999929,1
9933,2353,258.6009,2.6328389830508536,8.9762711864407,-0.9490999999999872,1
9933,3026,390.32550000000003,2.2499999999999822,7.500000000000021,1.0755000000000052,1
2313,1314,84.02995,2.086678832116794,6.2883211678832325,0.4299500000000016,1
2313,1326,173.29500000000002,2.980046948356806,13.515845070422579,0.14999999999997726,1
2313,3034,238.5,2.086678832116794,6.2883211678832325,-1.25,1
1314,1326,171.0,2.980046948356806,13.515845070422579,0.5,1
1314,2886,109.44,2.6328389830508536,8.9762711864407,0.6000000000000014,1
1314,2379,187.875,1.4751902346226717,3.9999999999997113,0.25,1
1314,2408,120.1712,2.980046948356806,13.515845070422579,0.22119999999999607,1
1314,1477,202.05,2.980046948356806,13.515845070422579,0.5,1
1314,3026,201.8255,2.6328389830508536,8.9762711864407,2.8255000000000052,1
2344,6116,46.71000000000001,2.6328389830508536,8.9762711864407,-0.6043500000000037,1
2867,2379,199.35,2.086678832116794,6.2883211678832325,-0.5,1
2867,3026,208.911,2.086678832116794,6.2883211678832325,0.33600000000001273,1
2915,3034,337.32000000000005,3.453852327447829,11.505617977528125,-0.5,1
2915,6116,90.24459999999999,3.693027210884357,6.0739795918367605,-0.43200000000000216,1
