stock1,stock2,trade_capital,open,loss,reward,open_num
1102,1326,252.347,2.980046948356806,13.515845070422579,0.6970000000000027,1
1102,2356,201.42849999999999,2.980046948356806,13.515845070422579,-1.2815000000000083,1
1216,2356,172.83625,4.000000000000004,12.500000000000034,0.5162500000000136,1
1216,2409,128.76255,2.086678832116794,6.2883211678832325,0.21255000000000734,1
5876,2356,150.44729999999998,4.151949541284411,10.021788990825703,0.34729999999999706,1
2801,2356,127.66110000000003,2.6328389830508536,8.9762711864407,0.2511000000000223,1
2303,2327,345.59999999999997,2.086678832116794,6.2883211678832325,-3.3952500000000114,1
2303,2356,121.83339999999998,2.980046948356806,13.515845070422579,-0.016600000000018156,1
2327,2344,363.69525000000004,2.086678832116794,6.2883211678832325,0.7952499999999958,1
2327,1326,796.885,3.693027210884357,6.0739795918367605,-6.97199999999998,1
2344,2356,46.653549999999996,1.4751902346226717,3.9999999999997113,-0.49715000000000487,1
2344,3443,254.79525,2.6328389830508536,8.9762711864407,1.0452499999999958,1
1326,2888,135.7138,3.453852327447829,11.505617977528125,-0.2862000000000009,1
1326,2474,383.4,2.980046948356806,13.515845070422579,-4.5,1
2356,2882,151.6135,2.6328389830508536,8.9762711864407,0.11849999999999739,1
2356,2474,313.41625,4.151949541284411,10.021788990825703,-2.833749999999995,1
2356,3044,181.67700000000002,2.980046948356806,13.515845070422579,-0.28300000000000125,1
2887,2409,71.76925,1.1218344155846804,3.0000000000002496,0.3192499999999967,1
2888,2474,271.4831,2.6328389830508536,8.9762711864407,1.2330999999999932,1
2409,3443,246.57,1.749999999999973,3.4999999999998117,-1.551000000000009,1
2409,2474,285.88975,1.4751902346226717,3.9999999999997113,2.6397500000000065,1
