stock1,stock2,trade_capital,open,loss,reward,open_num
2603,2881,262.806,2.980046948356806,13.515845070422579,1.2160000000000224,1
1536,2439,399.475,1.1218344155846804,3.0000000000002496,-2.77200000000002,1
2618,1314,40.93725,3.693027210884357,6.0739795918367605,0.15724999999999945,1
3702,1723,306.821,2.086678832116794,6.2883211678832325,-0.42900000000000205,1
6269,1723,923.4675,2.6328389830508536,8.9762711864407,5.217499999999973,1
6269,1314,170.93625,2.193017888055368,4.018753606462444,-0.796750000000003,1
6269,2881,296.5655,2.086678832116794,6.2883211678832325,1.0655000000000001,1
6269,2888,166.9975,1.1218344155846804,3.0000000000002496,0.24749999999999517,1
2201,1326,197.775,4.000000000000004,12.500000000000034,1.25,1
2201,3481,75.69,3.2499999999999982,5.500000000000034,-0.40184999999998894,1
1717,2347,224.452,4.151949541284411,10.021788990825703,-2.0630000000000024,1
2823,1314,124.04624999999999,2.193017888055368,4.018753606462444,-0.6404500000000013,1
1314,2345,167.33625,1.749999999999973,3.4999999999998117,-0.28625000000000966,1
1314,2347,77.31675,2.6328389830508536,8.9762711864407,-0.8933000000000035,1
1314,2882,119.63624999999999,2.6328389830508536,8.9762711864407,-1.3251500000000078,1
1314,2884,74.39840000000001,1.749999999999973,3.4999999999998117,-0.2793499999999973,1
1314,1909,100.35549999999999,2.086678832116794,6.2883211678832325,0.33550000000000324,1
1314,2439,229.2355,1.749999999999973,3.4999999999998117,0.285499999999999,1
2347,2888,84.555,2.6328389830508536,8.9762711864407,0.5,1
2357,2881,474.75,4.000000000000004,12.500000000000034,2.0,1
2882,2888,103.8877,2.086678832116794,6.2883211678832325,0.43769999999999953,1
2881,2884,150.24630000000002,2.980046948356806,13.515845070422579,0.5763000000000176,1
2881,1402,264.42275,2.980046948356806,13.515845070422579,0.4727500000000191,1
2881,2002,258.66925000000003,2.980046948356806,13.515845070422579,-1.110749999999996,1
2881,3034,355.925,3.2499999999999982,5.500000000000034,1.125,1
2412,3044,515.588,4.000000000000004,12.500000000000034,-3.5020000000000095,1
