stock1,stock2,trade_capital,open,loss,reward,open_num
1605,2327,447.525,3.2499999999999982,5.500000000000034,-4.5,1
1605,2881,108.36,2.6328389830508536,8.9762711864407,-0.10000000000000142,1
1605,2498,139.342,2.086678832116794,6.2883211678832325,-0.28300000000000125,1
5880,2408,159.715,2.2499999999999822,7.500000000000021,-0.25499999999999545,1
5880,2498,145.7614,2.086678832116794,6.2883211678832325,-0.08859999999999246,1
2303,2883,60.885,1.749999999999973,3.4999999999998117,-0.25,1
1314,2376,116.05000000000001,2.086678832116794,6.2883211678832325,0.19000000000001194,1
