stock1,stock2,trade_capital,open,loss,reward,open_num
2603,2327,1159.425,2.6328389830508536,8.9762711864407,-5.0,1
2049,2327,2312.3325,0.7288428324698772,4.0090056748083995,-23.667500000000018,1
2610,3706,75.06,2.086678832116794,6.2883211678832325,0.30000000000000426,1
2610,2327,1144.09775,1.2162849872773496,7.4631043256997405,5.097749999999998,1
2618,2327,1174.2705,1.4751902346226717,3.9999999999997113,-23.82949999999991,1
2618,2492,448.8705,1.749999999999973,3.4999999999998117,3.0204999999999984,1
2354,6505,606.7405,3.693027210884357,6.0739795918367605,0.84050000000002,1
2882,2492,649.6205,2.980046948356806,13.515845070422579,-2.329499999999996,1
