stock1,stock2,trade_capital,open,loss,reward,open_num
2610,6505,130.63049999999998,1.1218344155846804,3.0000000000002496,0.5854999999999926,1
1605,2201,38.385000000000005,1.4751902346226717,3.9999999999997113,-0.32734999999999914,1
9945,1326,602.2239999999999,2.6328389830508536,8.9762711864407,2.173999999999978,1
9945,2887,108.62315000000001,2.6328389830508536,8.9762711864407,0.3231500000000054,1
9945,2383,216.74779999999998,2.6328389830508536,8.9762711864407,0.34779999999999234,1
2308,2492,746.2545,1.4751902346226717,3.9999999999997113,0.25449999999995043,1
2347,3019,416.92640000000006,1.1218344155846804,3.0000000000002496,1.186399999999992,1
1326,2887,175.4185,2.086678832116794,6.2883211678832325,-0.33150000000000546,1
1326,3019,642.1677,1.749999999999973,3.4999999999998117,1.3676999999999708,1
2360,2887,232.05175000000003,2.6328389830508536,8.9762711864407,1.0517500000000126,1
2379,3481,151.425,1.4751902346226717,3.9999999999997113,0.75,1
2383,3481,122.20689999999999,1.4751902346226717,3.9999999999997113,0.031899999999993156,1
6505,3443,790.2,1.1218344155846804,3.0000000000002496,3.0,1
6505,2439,748.2485,1.1218344155846804,3.0000000000002496,3.248500000000007,1
