stock1,stock2,trade_capital,open,loss,reward,open_num
2618,2330,314.081,2.086678832116794,6.2883211678832325,0.006000000000000227,1
2618,4904,141.7994,2.980046948356806,13.515845070422579,0.6244000000000085,1
2618,2360,208.8,2.193017888055368,4.018753606462444,-0.9452500000000015,1
2105,2890,93.9527,2.6328389830508536,8.9762711864407,0.3027000000000015,1
1605,2492,171.09675000000001,1.4751902346226717,3.9999999999997113,0.336749999999995,1
1605,3019,181.336,1.4751902346226717,3.9999999999997113,0.2360000000000042,1
1102,2360,282.723,3.453852327447829,11.505617977528125,1.2729999999999961,1
5264,2360,560.3159999999999,1.4751902346226717,3.9999999999997113,2.646000000000015,1
5264,2891,186.5541,3.2499999999999982,5.500000000000034,0.9791000000000025,1
5880,3443,410.0935,2.086678832116794,6.2883211678832325,-3.506500000000017,1
2882,3443,567.7040000000001,2.980046948356806,13.515845070422579,-7.495999999999981,1
2360,2888,195.3,1.4751902346226717,3.9999999999997113,0.75,1
2360,3019,251.1745,1.4751902346226717,3.9999999999997113,0.5244999999999891,1
2886,2888,75.60000000000001,2.086678832116794,6.2883211678832325,0.3000000000000007,1
3481,3532,185.758,2.6328389830508536,8.9762711864407,0.5579999999999998,1
