stock1,stock2,trade_capital,open,loss,reward,open_num
1536,2231,1109.76,1.4751902346226717,3.9999999999997113,2.659999999999968,1
1536,1326,242.55,1.2162849872773496,7.4631043256997405,2.0,1
2610,2882,73.57440000000001,2.6328389830508536,8.9762711864407,0.13440000000000296,1
2618,2371,126.26580000000001,2.086678832116794,6.2883211678832325,0.6858000000000004,1
2881,2377,382.848,2.2499999999999822,7.500000000000021,0.347999999999999,1
2881,2454,565.193,4.000000000000004,12.500000000000034,-0.8070000000000164,1
2377,2409,163.575,1.749999999999973,3.4999999999998117,1.0,1
2377,6505,485.0405,1.1218344155846804,3.0000000000002496,0.5405000000000229,1
