stock1,stock2,trade_capital,open,loss,reward,open_num
2049,5871,780.8154999999999,1.749999999999973,3.4999999999998117,2.065499999999986,1
5871,2308,407.65500000000003,1.4751902346226717,3.9999999999997113,1.0550000000000068,1
5871,2313,451.305,1.4751902346226717,3.9999999999997113,0.8050000000000068,1
5871,1314,166.335,1.4751902346226717,3.9999999999997113,-1.2682499999999948,1
5871,2344,297.57,1.4751902346226717,3.9999999999997113,-2.9209999999999923,1
2313,1314,91.3835,5.7367647058823605,13.470588235294136,0.7585000000000015,1
2308,1314,166.11,2.980046948356806,13.515845070422579,0.4350000000000023,1
2308,2353,215.61,4.151949541284411,10.021788990825703,1.1850000000000023,1
2308,2379,802.8475000000001,1.749999999999973,3.4999999999998117,1.6475000000000364,1
2308,2915,354.15000000000003,4.151949541284411,10.021788990825703,1.0,1
1314,2344,44.1112,2.6328389830508536,8.9762711864407,0.09119999999999706,1
1314,2379,184.5545,2.086678832116794,6.2883211678832325,0.37949999999999307,1
1314,2915,89.14500000000001,2.6328389830508536,8.9762711864407,0.04999999999999005,1
1314,2454,318.92449999999997,4.151949541284411,10.021788990825703,-1.7755000000000223,1
1314,3034,207.984,2.6328389830508536,8.9762711864407,0.3089999999999975,1
2345,2882,234.27000000000004,2.6328389830508536,8.9762711864407,0.5,1
2345,2379,704.7,2.086678832116794,6.2883211678832325,3.5,1
2344,1326,558.784,1.4751902346226717,3.9999999999997113,-1.9159999999999968,1
2344,2883,72.72425,2.2499999999999822,7.500000000000021,-0.46575000000000344,1
2360,3034,883.995,1.2162849872773496,7.4631043256997405,0.7949999999999591,1
2379,2915,482.4,2.086678832116794,6.2883211678832325,2.0,1
3406,3034,1151.295,1.4751902346226717,3.9999999999997113,4.794999999999959,1
4958,3034,273.6805,2.086678832116794,6.2883211678832325,0.4604999999999677,1
