stock1,stock2,trade_capital,open,loss,reward,open_num
2610,2344,36.376599999999996,2.086678832116794,6.2883211678832325,0.09660000000000224,1
2610,2360,204.101,1.4751902346226717,3.9999999999997113,0.27600000000001046,1
2610,2883,56.475,1.4751902346226717,3.9999999999997113,0.1999999999999993,1
2610,3443,299.3145,1.4751902346226717,3.9999999999997113,0.9894999999999925,1
2610,2492,234.01100000000002,1.4751902346226717,3.9999999999997113,-0.31399999999999295,1
1536,2344,208.71300000000002,2.086678832116794,6.2883211678832325,0.6129999999999995,1
5871,2492,664.436,1.749999999999973,3.4999999999998117,-4.646499999999975,1
5880,3532,179.55,2.086678832116794,6.2883211678832325,-0.25,1
2344,1326,160.82999999999998,2.086678832116794,6.2883211678832325,0.7000000000000028,1
1301,2344,173.70000000000002,2.6328389830508536,8.9762711864407,0.75,1
2353,2883,53.016000000000005,2.193017888055368,4.018753606462444,0.05100000000000904,1
2360,2492,1133.01,2.980046948356806,13.515845070422579,7.110000000000014,1
2883,3532,150.75,2.6328389830508536,8.9762711864407,1.0,1
