stock1,stock2,trade_capital,open,loss,reward,open_num
6176,1909,234.36,3.693027210884357,6.0739795918367605,0.3499999999999943,1
2618,3044,170.70850000000002,3.2499999999999982,5.500000000000034,0.758499999999998,1
9904,2360,272.391,2.980046948356806,13.515845070422579,1.2960000000000065,1
9904,2376,204.1859,2.193017888055368,4.018753606462444,0.10590000000000543,1
2801,2881,117.5924,2.086678832116794,6.2883211678832325,-0.20759999999999934,1
2801,1909,85.67430000000002,2.086678832116794,6.2883211678832325,-0.2557000000000045,1
9938,2313,269.55,4.000000000000004,12.500000000000034,1.0,1
5880,2313,112.5,2.086678832116794,6.2883211678832325,0.3500000000000014,1
5880,1909,85.82385000000002,2.086678832116794,6.2883211678832325,0.2438500000000019,1
2313,2834,78.35875,3.2499999999999982,5.500000000000034,-0.4967499999999987,1
2324,1301,193.84025000000003,3.453852327447829,11.505617977528125,0.690250000000006,1
2324,2360,259.971,2.980046948356806,13.515845070422579,1.2460000000000093,1
2324,2376,157.67880000000002,4.000000000000004,12.500000000000034,0.9538000000000011,1
2324,2890,87.42850000000001,2.6328389830508536,8.9762711864407,0.19849999999999568,1
2834,2454,318.2683,2.193017888055368,4.018753606462444,-0.7981999999999871,1
1301,2891,200.57,2.980046948356806,13.515845070422579,0.6700000000000017,1
4904,1477,452.25,4.000000000000004,12.500000000000034,2.0,1
2890,2891,70.1035,2.086678832116794,6.2883211678832325,-0.3514999999999979,1
2885,2890,32.919399999999996,3.693027210884357,6.0739795918367605,-0.15335000000000143,1
2885,2448,113.895,2.086678832116794,6.2883211678832325,0.6500000000000057,1
2409,6116,91.40235,2.086678832116794,6.2883211678832325,0.3023499999999899,1
