stock1,stock2,trade_capital,open,loss,reward,open_num
2049,2456,543.8865000000001,1.749999999999973,3.4999999999998117,0.5865000000000009,1
2049,3026,519.099,1.1218344155846804,3.0000000000002496,0.19900000000001228,1
1536,2834,185.8155,2.980046948356806,13.515845070422579,-2.4095000000000084,1
1536,2409,193.6905,2.086678832116794,6.2883211678832325,-3.4095000000000084,1
1605,6285,167.77474999999998,2.6328389830508536,8.9762711864407,-1.355249999999998,1
1605,9933,125.6608,2.6328389830508536,8.9762711864407,-0.5942000000000007,1
1605,2376,144.86975,2.6328389830508536,8.9762711864407,-1.105249999999998,1
1605,3481,89.381,1.749999999999973,3.4999999999998117,-0.0589999999999975,1
1605,2492,311.59475,2.6328389830508536,8.9762711864407,-7.2377500000000055,1
1605,3026,227.6455,2.6328389830508536,8.9762711864407,-2.472999999999999,1
3711,2439,624.1855,2.980046948356806,13.515845070422579,1.885499999999979,1
6285,2409,130.9792,2.086678832116794,6.2883211678832325,-0.020800000000008367,1
9933,2409,107.0256,2.980046948356806,13.515845070422579,0.5005999999999986,1
9933,2439,375.153,3.2499999999999982,5.500000000000034,1.002999999999986,1
5880,2327,540.4225,4.000000000000004,12.500000000000034,-7.777500000000003,1
2313,1326,222.97500000000002,2.086678832116794,6.2883211678832325,1.0,1
2823,2409,64.9685,2.2499999999999822,7.500000000000021,-0.041499999999999204,1
2324,2409,64.77375,2.086678832116794,6.2883211678832325,-0.05624999999999858,1
2327,2409,508.408,2.6328389830508536,8.9762711864407,-4.192,1
2327,3443,1776.6675,2.086678832116794,6.2883211678832325,-16.596500000000106,1
2344,2883,59.55179999999999,3.2499999999999982,5.500000000000034,-0.3890000000000029,1
2883,3026,176.4,2.086678832116794,6.2883211678832325,0.25,1
2376,2409,105.70525,2.086678832116794,6.2883211678832325,-0.09475000000000477,1
2376,3026,270.9153,2.6328389830508536,8.9762711864407,-0.6347000000000378,1
3406,2409,373.1505,2.086678832116794,6.2883211678832325,-7.4495000000000005,1
2408,2409,117.4941,2.980046948356806,13.515845070422579,0.4690999999999974,1
2409,2492,269.65875,2.086678832116794,6.2883211678832325,-2.4412500000000037,1
2409,3026,189.358,2.086678832116794,6.2883211678832325,0.30799999999999983,1
2409,1504,77.58,1.749999999999973,3.4999999999998117,-0.09999999999999787,1
3443,1504,402.53875,1.749999999999973,3.4999999999998117,0.5387500000000074,1
3532,3026,572.4,2.086678832116794,6.2883211678832325,-8.388499999999993,1
