stock1,stock2,trade_capital,open,loss,reward,open_num
2610,2344,68.14425,2.086678832116794,6.2883211678832325,0.14924999999999855,1
2618,4904,153.2389,2.6328389830508536,8.9762711864407,0.3889000000000067,1
2618,2498,126.8435,2.2499999999999822,7.500000000000021,0.22350000000000136,1
2618,3532,211.1735,2.6328389830508536,8.9762711864407,1.0234999999999985,1
2633,4958,289.48620000000005,4.000000000000004,12.500000000000034,0.5862000000000478,1
9933,3532,367.994,3.693027210884357,6.0739795918367605,-0.20599999999998886,1
9941,5871,972.8725,1.1218344155846804,3.0000000000002496,2.8724999999999454,1
9941,2344,192.457,2.980046948356806,13.515845070422579,0.8370000000000033,1
9941,2345,509.76,1.4751902346226717,3.9999999999997113,2.5,1
9941,6456,653.548,2.2499999999999822,7.500000000000021,1.5480000000000018,1
9941,6505,350.527,1.4751902346226717,3.9999999999997113,0.7769999999999868,1
5871,2344,528.3294,1.2162849872773496,7.4631043256997405,0.17940000000000111,1
5871,2345,573.992,1.2162849872773496,7.4631043256997405,2.5420000000000016,1
5871,2356,213.55125,2.086678832116794,6.2883211678832325,-0.09874999999999545,1
5871,2882,542.2874,1.2162849872773496,7.4631043256997405,0.13740000000000663,1
5871,2377,616.3645,1.2162849872773496,7.4631043256997405,0.6144999999999925,1
5871,4938,722.61,1.2162849872773496,7.4631043256997405,2.1000000000000227,1
5871,2498,447.8278,1.2162849872773496,7.4631043256997405,0.027799999999992053,1
5871,3532,625.05,1.2162849872773496,7.4631043256997405,1.0,1
2801,2344,106.48375,2.6328389830508536,8.9762711864407,-0.26624999999999943,1
2344,3532,240.8205,2.086678832116794,6.2883211678832325,-4.504499999999993,1
2345,3532,836.73,0.7288428324698772,4.0090056748083995,2.9000000000000057,1
2345,6116,118.125,1.2162849872773496,7.4631043256997405,-0.7499999999999929,1
2883,2439,197.859,2.980046948356806,13.515845070422579,0.3089999999999975,1
2377,2888,188.9315,2.086678832116794,6.2883211678832325,0.18150000000000688,1
2881,2498,476.579,2.086678832116794,6.2883211678832325,0.7390000000000043,1
2376,2377,365.44450000000006,2.980046948356806,13.515845070422579,1.8144999999999243,1
2376,3406,824.1225,1.1218344155846804,3.0000000000002496,4.172500000000014,1
3406,1402,513.675,1.1218344155846804,3.0000000000002496,4.25,1
4943,2498,532.8,2.086678832116794,6.2883211678832325,-5.0,1
