stock1,stock2,trade_capital,open,loss,reward,open_num
1605,2883,71.2858,2.086678832116794,6.2883211678832325,0.23579999999999757,1
1605,3008,5177.67025,2.086678832116794,6.2883211678832325,3.9202499999998963,1
2603,2883,64.1074,2.086678832116794,6.2883211678832325,0.4573999999999998,1
3702,2883,87.48,1.749999999999973,3.4999999999998117,0.3499999999999943,1
6269,1326,720.45,2.086678832116794,6.2883211678832325,1.5,1
6269,2883,146.7,2.086678832116794,6.2883211678832325,0.75,1
9914,4904,468.51649999999995,2.6328389830508536,8.9762711864407,-3.4335000000000093,1
2823,1314,45.38675,3.453852327447829,11.505617977528125,-0.4404000000000021,1
1326,2884,213.52975,2.980046948356806,13.515845070422579,0.6797499999999985,1
1326,2915,748.26,2.086678832116794,6.2883211678832325,2.9000000000000057,1
