stock1,stock2,trade_capital,open,loss,reward,open_num
2603,5871,172.12725,2.086678832116794,6.2883211678832325,0.7772499999999951,1
2603,2313,101.61895,1.749999999999973,3.4999999999998117,0.34394999999999953,1
2603,4938,141.12535,2.193017888055368,4.018753606462444,0.2753500000000031,1
5871,2881,464.89150000000006,1.4751902346226717,3.9999999999997113,-1.308499999999981,1
5871,3406,968.4000000000001,1.2162849872773496,7.4631043256997405,10.5,1
2308,2382,485.869,2.6328389830508536,8.9762711864407,1.1689999999999827,1
2317,3481,140.5155,1.4751902346226717,3.9999999999997113,0.2155000000000058,1
1326,3406,1053.6675,2.086678832116794,6.2883211678832325,10.767500000000041,1
1326,2409,175.2285,2.086678832116794,6.2883211678832325,0.403499999999994,1
2379,6505,221.464,2.193017888055368,4.018753606462444,0.6640000000000015,1
4938,3532,470.84349999999995,2.6328389830508536,8.9762711864407,0.9934999999999832,1
3406,3481,538.9662500000001,1.4751902346226717,3.9999999999997113,1.0662499999999966,1
1402,3481,119.5403,2.086678832116794,6.2883211678832325,0.24030000000000484,1
2439,2492,1083.0695,1.4751902346226717,3.9999999999997113,1.819500000000005,1
6505,3481,170.41625,1.749999999999973,3.4999999999998117,0.5662499999999966,1
3481,2492,450.14549999999997,1.749999999999973,3.4999999999998117,-2.854500000000016,1
