stock1,stock2,trade_capital,open,loss,reward,open_num
6176,2610,128.81,2.086678832116794,6.2883211678832325,1.1099999999999994,1
6176,3682,114.3138,2.6328389830508536,8.9762711864407,1.0087999999999937,1
2049,3532,1666.615,1.749999999999973,3.4999999999998117,2.4149999999999636,1
2603,1477,207.91174999999998,2.980046948356806,13.515845070422579,1.0617499999999964,1
1536,2912,535.261,2.6328389830508536,8.9762711864407,-0.4390000000000214,1
1605,2912,1010.5125,1.749999999999973,3.4999999999998117,-6.065250000000006,1
1605,3034,190.6972,1.4751902346226717,3.9999999999997113,0.4971999999999923,1
3682,2492,193.63,2.980046948356806,13.515845070422579,-0.8799999999999883,1
2313,1314,92.7496,2.086678832116794,6.2883211678832325,-0.6754000000000033,1
1303,2912,1066.6275,2.086678832116794,6.2883211678832325,-8.412499999999994,1
2337,6456,177.515,2.086678832116794,6.2883211678832325,-0.6349999999999909,1
2337,2912,366.74645,1.749999999999973,3.4999999999998117,-1.95355,1
2337,3034,220.61100000000002,2.086678832116794,6.2883211678832325,0.8360000000000127,1
1314,4938,101.62290000000002,2.6328389830508536,8.9762711864407,-0.40209999999999724,1
1314,3532,183.1775,1.4751902346226717,3.9999999999997113,-0.14750000000000796,1
2347,2912,716.2230000000001,1.749999999999973,3.4999999999998117,-4.484749999999963,1
2344,6456,120.2141,1.4751902346226717,3.9999999999997113,-1.1698999999999948,1
2344,2912,664.84945,1.749999999999973,3.4999999999998117,-4.150550000000003,1
6456,2912,1677.094,2.086678832116794,6.2883211678832325,3.2439999999999145,1
2371,2912,1590.9129,1.749999999999973,3.4999999999998117,-9.287100000000002,1
2885,2912,365.964,1.749999999999973,3.4999999999998117,-2.3183999999999827,1
2888,2912,358.47135,4.8633603238866225,7.977058029689605,-2.1286500000000217,1
2382,1477,396.594,2.2499999999999822,7.500000000000021,1.2439999999999998,1
2892,3532,217.70375,2.6328389830508536,8.9762711864407,0.7037499999999994,1
1477,3532,278.8995,3.2499999999999982,5.500000000000034,1.5995000000000061,1
2912,2409,367.861,2.6328389830508536,8.9762711864407,-2.4390000000000214,1
2912,2002,431.95025,2.6328389830508536,8.9762711864407,-2.7997500000000173,1
