stock1,stock2,trade_capital,open,loss,reward,open_num
2603,2881,181.93124999999998,3.453852327447829,11.505617977528125,-0.4087499999999977,1
1101,1802,162.47379999999998,2.086678832116794,6.2883211678832325,-1.6141999999999967,1
1102,2883,68.80940000000001,2.086678832116794,6.2883211678832325,-0.2906000000000013,1
1102,2383,214.23700000000002,1.4751902346226717,3.9999999999997113,0.13700000000000045,1
3231,2352,141.07500000000002,2.6328389830508536,8.9762711864407,0.3999999999999986,1
9910,2344,245.7315,2.980046948356806,13.515845070422579,0.8315000000000055,1
9910,2885,201.808,4.000000000000004,12.500000000000034,0.8329999999999984,1
5880,2360,229.275,1.749999999999973,3.4999999999998117,0.75,1
1802,2383,190.5865,4.752819548872187,15.016917293233117,2.4364999999999952,1
1802,6505,612.9,1.4751902346226717,3.9999999999997113,4.400000000000006,1
1314,2439,247.9085,2.086678832116794,6.2883211678832325,0.20849999999998658,1
2344,2360,269.39300000000003,2.193017888055368,4.018753606462444,-1.1069999999999993,1
2344,2439,285.885,2.6328389830508536,8.9762711864407,-2.539999999999992,1
2352,2885,46.8252,3.453852327447829,11.505617977528125,0.13519999999999754,1
2352,2439,276.70849999999996,2.6328389830508536,8.9762711864407,-1.7915000000000134,1
2352,3532,229.351,1.4751902346226717,3.9999999999997113,1.350999999999999,1
2883,2383,152.3365,2.086678832116794,6.2883211678832325,0.4364999999999952,1
2883,3406,325.541,1.4751902346226717,3.9999999999997113,-0.5840000000000032,1
2883,3532,173.28875,1.4751902346226717,3.9999999999997113,0.5887499999999974,1
2383,3406,624.6,2.6328389830508536,8.9762711864407,-6.0,1
2383,1909,154.44,2.6328389830508536,8.9762711864407,-0.7999999999999972,1
2383,3532,600.1025,1.2162849872773496,7.4631043256997405,1.602499999999992,1
6505,6116,161.1,2.086678832116794,6.2883211678832325,0.75,1
2439,2542,385.785,4.752819548872187,15.016917293233117,-3.4724999999999966,1
