stock1,stock2,trade_capital,open,loss,reward,open_num
2618,1229,110.53975,2.980046948356806,13.515845070422579,0.21975000000000477,1
2618,2327,623.87275,2.980046948356806,13.515845070422579,-4.627250000000046,1
2618,2377,167.41975000000002,3.693027210884357,6.0739795918367605,-0.48024999999999807,1
2618,2448,113.658,2.980046948356806,13.515845070422579,-0.5420000000000016,1
2618,2492,205.13275,2.980046948356806,13.515845070422579,0.6327500000000015,1
2610,3231,69.12,2.086678832116794,6.2883211678832325,0.5500000000000007,1
2610,5871,153.6555,2.980046948356806,13.515845070422579,0.430499999999995,1
1101,1314,91.35,2.086678832116794,6.2883211678832325,0.10000000000000142,1
1101,2409,98.01085,2.086678832116794,6.2883211678832325,0.1358499999999978,1
2231,1314,507.794,2.086678832116794,6.2883211678832325,-8.355999999999995,1
9910,2884,201.5106,2.6328389830508536,8.9762711864407,0.7605999999999966,1
9910,2377,578.7,2.6328389830508536,8.9762711864407,3.5,1
1216,1314,120.41999999999999,2.086678832116794,6.2883211678832325,0.6500000000000057,1
5880,1314,26.865000000000002,4.000000000000004,12.500000000000034,0.09999999999999964,1
2812,2377,151.29475,1.749999999999973,3.4999999999998117,0.2947499999999934,1
2303,1314,91.75094999999999,2.6328389830508536,8.9762711864407,0.4109499999999926,1
2303,2492,192.21825,1.4751902346226717,3.9999999999997113,0.5182499999999948,1
2327,1314,606.497,2.086678832116794,6.2883211678832325,-2.65300000000002,1
1303,3481,147.0575,3.2499999999999982,5.500000000000034,0.05749999999999744,1
1314,6456,207.0,1.749999999999973,3.4999999999998117,0.25,1
1314,2881,102.73500000000001,2.980046948356806,13.515845070422579,0.3500000000000014,1
1314,2377,147.6,2.086678832116794,6.2883211678832325,0.75,1
1314,2891,44.155649999999994,2.086678832116794,6.2883211678832325,0.13564999999999827,1
2377,2492,797.85,1.1218344155846804,3.0000000000002496,4.0,1
2891,2492,225.6365,2.980046948356806,13.515845070422579,0.8615000000000066,1
2409,2492,188.4145,2.086678832116794,6.2883211678832325,-0.6355000000000075,1
