stock1,stock2,trade_capital,open,loss,reward,open_num
2049,2881,481.08349999999996,2.980046948356806,13.515845070422579,-5.266500000000008,1
2049,2439,965.9895,1.4751902346226717,3.9999999999997113,-10.630500000000012,1
6269,2883,133.065,2.6328389830508536,8.9762711864407,0.4000000000000057,1
2201,4958,174.73275,4.752819548872187,15.016917293233117,0.6327500000000015,1
3231,2883,67.05000000000001,2.6328389830508536,8.9762711864407,0.3999999999999986,1
3231,1477,224.55,2.086678832116794,6.2883211678832325,1.25,1
2812,2301,81.045,2.086678832116794,6.2883211678832325,0.5,1
2812,1477,202.39100000000002,2.086678832116794,6.2883211678832325,-0.35899999999999466,1
2308,3443,724.288,2.086678832116794,6.2883211678832325,-8.815999999999974,1
1314,3443,362.3425,1.749999999999973,3.4999999999998117,-6.110000000000028,1
1314,2454,287.14675,1.749999999999973,3.4999999999998117,0.546750000000003,1
2845,3443,352.1865,1.749999999999973,3.4999999999998117,-3.575499999999998,1
2845,6116,17.89145,1.749999999999973,3.4999999999998117,0.027449999999998198,1
2344,3443,369.78499999999997,2.980046948356806,13.515845070422579,-2.1650000000000205,1
2327,2344,600.864,2.980046948356806,13.515845070422579,-0.86099999999999,1
2327,2883,524.9250000000001,2.6328389830508536,8.9762711864407,6.5,1
2327,3443,1998.325,4.000000000000004,12.500000000000034,-9.075000000000045,1
2324,3443,387.68800000000005,2.6328389830508536,8.9762711864407,-2.9119999999999777,1
2345,2883,136.125,2.6328389830508536,8.9762711864407,0.5,1
2881,3443,533.426,4.000000000000004,12.500000000000034,-0.42399999999997817,1
2883,6116,46.161,2.6328389830508536,8.9762711864407,0.3899999999999988,1
2395,3443,1348.525,2.2499999999999822,7.500000000000021,-4.224999999999909,1
2395,2002,302.375,4.752819548872187,15.016917293233117,-0.6450000000000102,1
3406,3443,903.944,2.086678832116794,6.2883211678832325,-13.827500000000043,1
3406,3034,879.977,1.749999999999973,3.4999999999998117,-5.817000000000007,1
3443,2492,1436.452,2.086678832116794,6.2883211678832325,-18.400999999999925,1
3443,3034,1586.5140000000001,2.980046948356806,13.515845070422579,-12.73599999999999,1
3443,2542,513.8955000000001,1.749999999999973,3.4999999999998117,-3.8662499999999795,1
2492,3034,923.7515,1.749999999999973,3.4999999999998117,-8.498500000000007,1
