stock1,stock2,trade_capital,open,loss,reward,open_num
1536,1504,232.5765,2.6328389830508536,8.9762711864407,0.876499999999993,1
1536,6116,156.60000000000002,2.086678832116794,6.2883211678832325,1.5,1
2610,2448,89.3746,2.980046948356806,13.515845070422579,0.37460000000000093,1
5264,5871,346.3287,2.980046948356806,13.515845070422579,0.5287000000000717,1
5264,6116,130.6679,2.086678832116794,6.2883211678832325,-0.15709999999998558,1
3231,3019,218.772,2.980046948356806,13.515845070422579,0.8719999999999999,1
9945,2888,152.6154,2.6328389830508536,8.9762711864407,0.49039999999999395,1
2303,1476,384.76975,2.980046948356806,13.515845070422579,0.7697500000000019,1
5871,2409,157.796,2.980046948356806,13.515845070422579,0.5460000000000065,1
5871,3019,193.847,2.086678832116794,6.2883211678832325,0.6970000000000027,1
2308,2888,168.8915,4.151949541284411,10.021788990825703,0.8115000000000023,1
2313,3019,213.8382,2.2499999999999822,7.500000000000021,0.3381999999999863,1
1303,3019,605.6684,2.980046948356806,13.515845070422579,-2.4816000000000145,1
1301,2356,208.352,2.6328389830508536,8.9762711864407,0.402000000000001,1
1301,2888,147.6557,1.1218344155846804,3.0000000000002496,0.2556999999999974,1
1301,2449,133.8971,1.4751902346226717,3.9999999999997113,0.5971000000000011,1
1301,1476,826.69,1.1218344155846804,3.0000000000002496,3.9400000000000546,1
2330,2492,349.1635,3.2499999999999982,5.500000000000034,-2.0845000000000056,1
4904,6456,1105.826,2.086678832116794,6.2883211678832325,-5.923999999999978,1
4904,3406,586.076,4.000000000000004,12.500000000000034,-7.423999999999978,1
2352,2492,213.62400000000002,1.4751902346226717,3.9999999999997113,1.149000000000001,1
6456,2492,1031.051,2.086678832116794,6.2883211678832325,-9.853999999999985,1
2371,1504,142.02265,2.086678832116794,6.2883211678832325,0.6726499999999938,1
2885,3019,160.14975,2.086678832116794,6.2883211678832325,-1.200249999999997,1
2885,2542,107.00475,3.2499999999999982,5.500000000000034,-0.6349500000000035,1
2382,1504,173.39775,2.086678832116794,6.2883211678832325,0.03774999999999551,1
6505,2492,885.447,1.4751902346226717,3.9999999999997113,1.9470000000000027,1
2492,3019,303.84900000000005,1.4751902346226717,3.9999999999997113,-2.468999999999994,1
