stock1,stock2,trade_capital,open,loss,reward,open_num
6176,1301,385.58200000000005,4.000000000000004,12.500000000000034,1.1820000000000022,1
6176,2377,377.55000000000007,2.6328389830508536,8.9762711864407,1.5,1
2610,2885,88.2835,2.086678832116794,6.2883211678832325,0.24849999999999284,1
2610,2382,104.28620000000001,1.749999999999973,3.4999999999998117,-0.06380000000000052,1
2610,2454,333.8485,1.749999999999973,3.4999999999998117,1.0985000000000014,1
2618,2324,120.51000000000002,2.980046948356806,13.515845070422579,0.5999999999999943,1
3682,2812,24.21,2.2499999999999822,7.500000000000021,-0.03999999999999915,1
1102,2812,52.209500000000006,2.980046948356806,13.515845070422579,0.049500000000001876,1
1102,3045,299.0985,1.749999999999973,3.4999999999998117,0.6984999999999957,1
3231,2379,204.9832,2.086678832116794,6.2883211678832325,0.2831999999999937,1
3231,3406,600.75,2.086678832116794,6.2883211678832325,9.25,1
2812,2327,1173.86,1.4751902346226717,3.9999999999997113,-8.3900000000001,1
2812,3406,596.372,1.749999999999973,3.4999999999998117,-30.40300000000002,1
2812,3045,151.79250000000002,1.749999999999973,3.4999999999998117,-0.40749999999999886,1
2303,2324,152.59085000000002,5.7367647058823605,13.470588235294136,0.3408500000000103,1
2303,1301,302.091,2.086678832116794,6.2883211678832325,-3.159000000000006,1
2317,1504,191.8706,2.980046948356806,13.515845070422579,0.34559999999999036,1
2324,2885,98.64000000000001,2.980046948356806,13.515845070422579,0.14999999999999858,1
1301,2327,1642.5575000000001,1.4751902346226717,3.9999999999997113,-2.4424999999998818,1
1301,6456,573.75,2.086678832116794,6.2883211678832325,0.5,1
6456,2885,278.577,3.2499999999999982,5.500000000000034,0.6020000000000039,1
2353,2379,182.0405,2.193017888055368,4.018753606462444,-1.2203000000000088,1
2353,3019,226.25625,2.980046948356806,13.515845070422579,1.3562499999999886,1
2891,2439,229.70550000000003,1.2162849872773496,7.4631043256997405,0.5455000000000041,1
