stock1,stock2,trade_capital,open,loss,reward,open_num
3673,2308,444.1635,2.193017888055368,4.018753606462444,0.1635000000000275,1
2308,3481,171.98250000000002,2.086678832116794,6.2883211678832325,0.2325000000000017,1
1301,1314,138.92715,1.749999999999973,3.4999999999998117,-0.5998499999999893,1
1301,2376,576.498,1.749999999999973,3.4999999999998117,2.347999999999999,1
1326,2888,164.7185,2.980046948356806,13.515845070422579,-0.9314999999999998,1
2883,2376,127.57500000000002,2.086678832116794,6.2883211678832325,0.25,1
4938,6505,307.656,2.980046948356806,13.515845070422579,0.606000000000023,1
3406,6505,1072.2735,2.086678832116794,6.2883211678832325,-0.2265000000000441,1
