stock1,stock2,trade_capital,open,loss,reward,open_num
1605,2812,67.02974999999999,2.193017888055368,4.018753606462444,0.09474999999999767,1
1101,9914,411.975,2.6328389830508536,8.9762711864407,-1.5,1
6269,1802,342.8243,1.4751902346226717,3.9999999999997113,-1.625700000000002,1
1216,2812,112.4555,2.086678832116794,6.2883211678832325,0.24549999999999272,1
2809,1326,549.307,2.6328389830508536,8.9762711864407,0.9919999999999902,1
9941,2882,270.38300000000004,2.6328389830508536,8.9762711864407,-1.2570000000000334,1
2812,1326,149.4455,2.086678832116794,6.2883211678832325,-0.6544999999999987,1
2812,2382,110.83030000000001,2.086678832116794,6.2883211678832325,-0.14469999999998606,1
2801,5880,32.96765,2.980046948356806,13.515845070422579,0.09764999999999802,1
2801,2812,36.1532,2.086678832116794,6.2883211678832325,0.03819999999999979,1
1802,2352,114.885,2.6328389830508536,8.9762711864407,-0.1999999999999993,1
1301,1326,523.9235,2.6328389830508536,8.9762711864407,0.92349999999999,1
1301,2382,640.3731,2.980046948356806,13.515845070422579,0.9730999999999881,1
2352,2439,258.52500000000003,2.6328389830508536,8.9762711864407,-2.0,1
2395,2439,1377.854,2.980046948356806,13.515845070422579,2.853999999999985,1
