stock1,stock2,trade_capital,open,loss,reward,open_num
6269,1723,923.4675,2.6328389830508536,8.9762711864407,5.217499999999973,1
2347,2888,84.555,2.6328389830508536,8.9762711864407,0.5,1
2882,2888,103.8877,2.086678832116794,6.2883211678832325,0.43769999999999953,1
