stock1,stock2,trade_capital,open,loss,reward,open_num
2313,1314,91.3835,5.7367647058823605,13.470588235294136,0.7585000000000015,1
2308,1314,166.11,2.980046948356806,13.515845070422579,0.4350000000000023,1
2308,2915,354.15000000000003,4.151949541284411,10.021788990825703,1.0,1
1314,2454,318.92449999999997,4.151949541284411,10.021788990825703,-1.7755000000000223,1
