stock1,stock2,trade_capital,open,loss,reward,open_num
2330,3019,485.249,2.086678832116794,6.2883211678832325,-3.381000000000057,1
2347,2883,98.25434999999999,2.6328389830508536,8.9762711864407,-0.6456500000000034,1
2347,3019,312.70905,2.086678832116794,6.2883211678832325,-0.5409499999999952,1
