stock1,stock2,trade_capital,open,loss,reward,open_num
2615,2313,142.785,2.980046948356806,13.515845070422579,0.29999999999999716,1
