stock1,stock2,trade_capital,open,loss,reward,open_num
2723,1216,515.876,1.749999999999973,3.4999999999998117,-2.2239999999999895,1
2327,2345,1233.289,2.980046948356806,13.515845070422579,-0.21100000000001273,1
