stock1,stock2,trade_capital,open,loss,reward,open_num
1536,3231,225.77800000000002,3.453852327447829,11.505617977528125,1.6280000000000001,1
2603,2353,52.2688,3.453852327447829,11.505617977528125,0.25879999999999725,1
1101,1314,60.592150000000004,4.000000000000004,12.500000000000034,0.4421500000000016,1
3673,2823,206.24275,4.000000000000004,12.500000000000034,0.7127499999999856,1
