stock1,stock2,trade_capital,open,loss,reward,open_num
1802,2383,190.5865,4.752819548872187,15.016917293233117,2.4364999999999952,1
2383,3406,624.6,2.6328389830508536,8.9762711864407,-6.0,1
2383,1909,154.44,2.6328389830508536,8.9762711864407,-0.7999999999999972,1
