stock1,stock2,trade_capital,open,loss,reward,open_num
3406,3019,937.9125,4.000000000000004,12.500000000000034,-17.6875,1
