stock1,stock2,trade_capital,open,loss,reward,open_num
5880,3443,358.425,4.000000000000004,12.500000000000034,2.5,1
2498,3019,527.7499,2.6328389830508536,8.9762711864407,0.19989999999999952,1
