stock1,stock2,trade_capital,open,loss,reward,open_num
2888,3019,141.297,3.2499999999999982,5.500000000000034,-2.098800000000004,1
2409,3034,181.3075,2.980046948356806,13.515845070422579,1.1324999999999932,1
