stock1,stock2,trade_capital,open,loss,reward,open_num
2308,2344,173.7535,2.980046948356806,13.515845070422579,2.0534999999999997,1
2823,2327,471.071,3.2499999999999982,5.500000000000034,-2.7709999999999866,1
2823,2360,251.471,4.752819548872187,15.016917293233117,2.070999999999998,1
2324,2360,194.39275,4.000000000000004,12.500000000000034,1.492750000000001,1
1314,2448,85.77799999999999,2.086678832116794,6.2883211678832325,0.17300000000000182,1
2360,2880,195.18900000000002,4.8633603238866225,7.977058029689605,1.7390000000000043,1
