stock1,stock2,trade_capital,open,loss,reward,open_num
6269,3443,894.1600000000001,2.086678832116794,6.2883211678832325,-1.740000000000009,1
