stock1,stock2,trade_capital,open,loss,reward,open_num
3673,2383,663.129,2.6328389830508536,8.9762711864407,5.378999999999991,1
5880,3034,208.373,3.2499999999999982,5.500000000000034,-0.6269999999999953,1
