stock1,stock2,trade_capital,open,loss,reward,open_num
6176,1723,812.425,2.086678832116794,6.2883211678832325,2.5649999999999835,1
1536,1723,562.5,2.6328389830508536,8.9762711864407,2.6499999999999773,1
