stock1,stock2,trade_capital,open,loss,reward,open_num
1477,3532,278.8995,3.2499999999999982,5.500000000000034,1.5995000000000061,1
