stock1,stock2,trade_capital,open,loss,reward,open_num
2383,3026,302.1765,2.980046948356806,13.515845070422579,1.336500000000001,1
