stock1,stock2,trade_capital,open,loss,reward,open_num
9945,2454,468.273,6.408839779005503,10.95488029465933,-1.927000000000021,1
