stock1,stock2,trade_capital,open,loss,reward,open_num
2360,2492,1133.01,2.980046948356806,13.515845070422579,7.110000000000014,1
2883,3532,150.75,2.6328389830508536,8.9762711864407,1.0,1
