stock1,stock2,trade_capital,open,loss,reward,open_num
2345,6505,811.0849999999999,2.6328389830508536,8.9762711864407,3.1849999999999454,1
