stock1,stock2,trade_capital,open,loss,reward,open_num
2313,3443,433.898,4.000000000000004,12.500000000000034,-3.3519999999999754,1
