stock1,stock2,trade_capital,open,loss,reward,open_num
6456,3532,629.55,1.4751902346226717,3.9999999999997113,2.5,1
6456,2027,315.9,1.749999999999973,3.4999999999998117,-2.7977500000000077,1
3443,2027,739.0799999999999,1.749999999999973,3.4999999999998117,-8.046799999999962,1
