stock1,stock2,trade_capital,open,loss,reward,open_num
2379,3034,792.5245,2.086678832116794,6.2883211678832325,-5.975500000000011,1
