stock1,stock2,trade_capital,open,loss,reward,open_num
2603,6269,177.298,2.6328389830508536,8.9762711864407,-0.3269999999999982,1
2603,2474,409.374,4.000000000000004,12.500000000000034,2.4739999999999895,1
3673,2474,999.454,2.980046948356806,13.515845070422579,4.953999999999951,1
6269,3481,176.21975,3.453852327447829,11.505617977528125,-0.2802499999999952,1
