stock1,stock2,trade_capital,open,loss,reward,open_num
6176,2492,362.3781,1.749999999999973,3.4999999999998117,-4.233400000000017,1
1314,6456,230.8065,3.453852327447829,11.505617977528125,1.3064999999999998,1
2327,1909,770.298,2.086678832116794,6.2883211678832325,23.423000000000002,1
