stock1,stock2,trade_capital,open,loss,reward,open_num
2408,2439,517.388,3.2499999999999982,5.500000000000034,2.2379999999999995,1
