stock1,stock2,trade_capital,open,loss,reward,open_num
9910,1326,1064.2975,1.4751902346226717,3.9999999999997113,4.797499999999957,1
2834,3026,205.585,2.980046948356806,13.515845070422579,-1.4149999999999991,1
