stock1,stock2,trade_capital,open,loss,reward,open_num
2603,2360,292.76775000000004,1.749999999999973,3.4999999999998117,-2.950250000000004,1
5871,2360,929.4796,2.980046948356806,13.515845070422579,0.02960000000001628,1
2337,3406,307.703,2.086678832116794,6.2883211678832325,2.828000000000003,1
2360,6456,794.343,3.453852327447829,11.505617977528125,-0.6570000000000107,1
2360,2379,797.59,2.6328389830508536,8.9762711864407,1.8400000000000034,1
2360,3532,918.483,2.6328389830508536,8.9762711864407,-5.516999999999996,1
2439,3532,815.0640000000001,2.980046948356806,13.515845070422579,5.564000000000021,1
