stock1,stock2,trade_capital,open,loss,reward,open_num
9910,2492,673.273,1.1218344155846804,3.0000000000002496,2.7730000000000246,1
9904,2492,583.99275,1.2162849872773496,7.4631043256997405,5.4927499999999725,1
1301,2492,911.5035,1.749999999999973,3.4999999999998117,3.753499999999974,1
2890,2492,466.02099999999996,2.086678832116794,6.2883211678832325,5.995999999999981,1
