stock1,stock2,trade_capital,open,loss,reward,open_num
2603,2303,40.995200000000004,2.980046948356806,13.515845070422579,0.3652000000000015,1
1101,2439,411.05600000000004,2.6328389830508536,8.9762711864407,1.5060000000000002,1
2633,2303,78.25500000000001,2.6328389830508536,8.9762711864407,0.7999999999999972,1
6239,2439,744.5,2.086678832116794,6.2883211678832325,4.239999999999981,1
3231,2303,68.1924,3.453852327447829,11.505617977528125,0.6923999999999992,1
9910,2439,809.0654999999999,2.6328389830508536,8.9762711864407,4.565499999999986,1
2301,2303,87.08555000000001,3.453852327447829,11.505617977528125,0.6855499999999992,1
2303,2474,276.75,3.453852327447829,11.505617977528125,1.25,1
2317,2439,666.3948,2.6328389830508536,8.9762711864407,2.494799999999998,1
