stock1,stock2,trade_capital,open,loss,reward,open_num
3231,1314,61.34270000000001,3.693027210884357,6.0739795918367605,0.04269999999999996,1
9904,1314,119.0758,4.000000000000004,12.500000000000034,-0.8991999999999933,1
2812,2409,56.83500000000001,2.980046948356806,13.515845070422579,0.09999999999999964,1
1314,2354,113.3929,2.980046948356806,13.515845070422579,-0.9820999999999955,1
2379,2449,226.78725000000003,3.693027210884357,6.0739795918367605,-0.06274999999999409,1
3406,2449,284.83725000000004,2.6328389830508536,8.9762711864407,-3.062749999999994,1
6505,3443,666.9,2.980046948356806,13.515845070422579,7.0,1
3443,2449,276.73725,2.6328389830508536,8.9762711864407,-3.562749999999994,1
