stock1,stock2,trade_capital,open,loss,reward,open_num
1723,6505,873.74,2.6328389830508536,8.9762711864407,4.639999999999986,1
