stock1,stock2,trade_capital,open,loss,reward,open_num
6269,2327,685.6575,4.752819548872187,15.016917293233117,-12.125499999999988,1
2344,1477,225.23400000000004,2.6328389830508536,8.9762711864407,-0.715999999999994,1
