stock1,stock2,trade_capital,open,loss,reward,open_num
9938,2313,269.55,4.000000000000004,12.500000000000034,1.0,1
2324,2360,259.971,2.980046948356806,13.515845070422579,1.2460000000000093,1
2324,2376,157.67880000000002,4.000000000000004,12.500000000000034,0.9538000000000011,1
