stock1,stock2,trade_capital,open,loss,reward,open_num
6269,3443,723.7355,2.980046948356806,13.515845070422579,6.035500000000013,1
9910,2345,366.002,2.6328389830508536,8.9762711864407,-2.798000000000002,1
2308,3532,1147.672,2.980046948356806,13.515845070422579,7.4220000000000255,1
2344,3532,216.332,2.980046948356806,13.515845070422579,-0.14300000000000068,1
