stock1,stock2,trade_capital,open,loss,reward,open_num
2610,2345,551.975,2.086678832116794,6.2883211678832325,3.455000000000041,1
2603,2345,546.395,2.086678832116794,6.2883211678832325,3.6050000000000466,1
2603,3532,192.91625,4.752819548872187,15.016917293233117,-0.1837500000000034,1
3231,2345,265.5011,2.086678832116794,6.2883211678832325,1.2011000000000038,1
2345,4938,706.7750000000001,2.980046948356806,13.515845070422579,3.855000000000018,1
3443,2439,994.5,2.6328389830508536,8.9762711864407,-3.0,1
