stock1,stock2,trade_capital,open,loss,reward,open_num
1536,2371,557.89775,3.693027210884357,6.0739795918367605,-4.040249999999986,1
2456,3532,409.041,2.980046948356806,13.515845070422579,2.8409999999999513,1
