stock1,stock2,trade_capital,open,loss,reward,open_num
2049,2344,279.09299999999996,3.2499999999999982,5.500000000000034,3.5929999999999893,1
6456,3481,152.79025000000001,2.193017888055368,4.018753606462444,0.7902500000000003,1
2887,3008,3287.395,2.6328389830508536,8.9762711864407,-4.204999999999927,1
