stock1,stock2,trade_capital,open,loss,reward,open_num
1605,6269,188.63240000000002,2.6328389830508536,8.9762711864407,0.7323999999999984,1
2345,2449,233.83075,4.752819548872187,15.016917293233117,0.8307499999999948,1
