stock1,stock2,trade_capital,open,loss,reward,open_num
2344,2492,359.25175,2.6328389830508536,8.9762711864407,1.2517500000000013,1
2379,6505,763.63,2.980046948356806,13.515845070422579,0.5800000000000409,1
