stock1,stock2,trade_capital,open,loss,reward,open_num
6285,2344,120.85374999999999,2.086678832116794,6.2883211678832325,-0.4762500000000003,1
2327,3406,499.523,1.749999999999973,3.4999999999998117,-4.597500000000025,1
