stock1,stock2,trade_capital,open,loss,reward,open_num
6269,3532,344.661,4.8633603238866225,7.977058029689605,1.86099999999999,1
2492,3532,1023.182,2.086678832116794,6.2883211678832325,7.432000000000016,1
