stock1,stock2,trade_capital,open,loss,reward,open_num
2888,2498,113.5694,3.453852327447829,11.505617977528125,0.6694000000000031,1
