stock1,stock2,trade_capital,open,loss,reward,open_num
2603,2317,137.8329,4.000000000000004,12.500000000000034,0.4579000000000093,1
2603,2885,24.436,3.2499999999999982,5.500000000000034,0.11100000000000065,1
