stock1,stock2,trade_capital,open,loss,reward,open_num
2347,3443,374.13,2.980046948356806,13.515845070422579,3.8999999999999915,1
2360,3443,2021.979,2.980046948356806,13.515845070422579,15.478999999999985,1
2360,1477,662.564,1.749999999999973,3.4999999999998117,2.4639999999999986,1
3443,2498,366.84000000000003,2.6328389830508536,8.9762711864407,-7.20480000000002,1
3443,3019,922.428,4.752819548872187,15.016917293233117,13.52800000000002,1
