stock1,stock2,trade_capital,open,loss,reward,open_num
3406,2492,1706.8715,2.6328389830508536,8.9762711864407,-2.378499999999974,1
