stock1,stock2,trade_capital,open,loss,reward,open_num
2376,2409,84.33940000000001,2.980046948356806,13.515845070422579,-0.0005999999999986017,1
