stock1,stock2,trade_capital,open,loss,reward,open_num
1301,4958,638.5275,2.6328389830508536,8.9762711864407,0.9474999999999909,1
