stock1,stock2,trade_capital,open,loss,reward,open_num
2606,3026,332.57725,4.752819548872187,15.016917293233117,-5.022750000000002,1
