stock1,stock2,trade_capital,open,loss,reward,open_num
2049,1301,864.887,2.980046948356806,13.515845070422579,4.8870000000000005,1
2812,6456,241.4885,3.453852327447829,11.505617977528125,0.9134999999999991,1
