stock1,stock2,trade_capital,open,loss,reward,open_num
6176,1314,130.075,2.086678832116794,6.2883211678832325,-0.3149999999999906,1
2105,2408,295.935,3.2499999999999982,5.500000000000034,-2.170400000000015,1
2308,2345,962.08,3.693027210884357,6.0739795918367605,5.380000000000052,1
2823,1314,81.7,2.980046948356806,13.515845070422579,0.08500000000000085,1
2371,3443,689.595,2.980046948356806,13.515845070422579,-5.564999999999969,1
2412,3443,566.5435,4.151949541284411,10.021788990825703,2.4435000000000002,1
