stock1,stock2,trade_capital,open,loss,reward,open_num
1536,2317,821.8271,1.4751902346226717,3.9999999999997113,2.5271000000000328,1
1536,2353,765.3470500000001,1.4751902346226717,3.9999999999997113,2.6970500000000364,1
1590,6505,992.1925,1.4751902346226717,3.9999999999997113,4.6924999999999955,1
5871,2492,790.7585,1.4751902346226717,3.9999999999997113,5.008500000000026,1
5871,3034,445.16049999999996,2.086678832116794,6.2883211678832325,-1.3395000000000152,1
5880,6505,187.875,1.749999999999973,3.4999999999998117,1.0,1
2812,2492,381.10325,3.693027210884357,6.0739795918367605,0.8532500000000098,1
2303,2883,104.36975,2.6328389830508536,8.9762711864407,0.22975000000000279,1
2303,6505,173.3783,1.749999999999973,3.4999999999998117,0.12829999999999586,1
2303,3034,217.9595,2.980046948356806,13.515845070422579,0.8344999999999914,1
2327,2884,1069.781,1.749999999999973,3.4999999999998117,15.031000000000049,1
2834,1314,51.75414,2.6328389830508536,8.9762711864407,-0.12586000000000297,1
2324,6505,203.712,2.086678832116794,6.2883211678832325,0.4620000000000033,1
1314,2492,385.291,1.749999999999973,3.4999999999998117,-1.7339999999999804,1
1314,3026,274.8975,2.6328389830508536,8.9762711864407,-0.9025000000000034,1
2345,2884,139.9204,1.4751902346226717,3.9999999999997113,0.6004000000000005,1
2357,3034,382.7875,2.6328389830508536,8.9762711864407,0.5875000000000057,1
2882,6505,495.063,2.2499999999999822,7.500000000000021,-0.3369999999999891,1
2885,2492,396.05825,2.086678832116794,6.2883211678832325,-2.441750000000013,1
2883,3034,189.208,4.752819548872187,15.016917293233117,1.3329999999999984,1
2884,2885,90.57745,1.749999999999973,3.4999999999998117,-0.522549999999999,1
2884,2492,433.44575,1.1218344155846804,3.0000000000002496,1.6957499999999754,1
6505,3034,635.5875000000001,2.086678832116794,6.2883211678832325,2.087500000000034,1
3481,3034,187.7125,2.2499999999999822,7.500000000000021,-0.4124999999999943,1
