stock1,stock2,trade_capital,open,loss,reward,open_num
1605,2892,120.78654999999999,1.749999999999973,3.4999999999998117,0.13654999999999617,1
1605,3008,3258.196,1.749999999999973,3.4999999999998117,-20.304000000000215,1
2106,2812,83.06700000000001,1.4751902346226717,3.9999999999997113,-0.8593499999999921,1
1229,2409,77.6663,2.6328389830508536,8.9762711864407,0.016300000000008197,1
5880,3443,357.52500000000003,2.980046948356806,13.515845070422579,1.75,1
5880,2439,220.725,2.6328389830508536,8.9762711864407,-0.25,1
5880,2492,206.238,2.6328389830508536,8.9762711864407,0.36299999999999955,1
2303,2881,122.309,2.980046948356806,13.515845070422579,0.2190000000000012,1
2409,3532,172.5005,2.193017888055368,4.018753606462444,0.5504999999999995,1
