stock1,stock2,trade_capital,open,loss,reward,open_num
1536,2409,190.8,2.980046948356806,13.515845070422579,0.75,1
2618,2330,277.57275000000004,2.086678832116794,6.2883211678832325,0.27275000000000205,1
2618,2356,51.4071,2.086678832116794,6.2883211678832325,0.1271000000000022,1
2618,2881,122.05275,2.2499999999999822,7.500000000000021,0.22274999999999778,1
3673,2439,587.1295,1.749999999999973,3.4999999999998117,-3.3525000000000205,1
3682,2801,39.737049999999996,3.2499999999999982,5.500000000000034,-0.14294999999999902,1
3682,3443,275.85,2.086678832116794,6.2883211678832325,-1.6499999999999986,1
2201,2801,94.82114999999999,3.453852327447829,11.505617977528125,-0.25885000000000247,1
3231,2330,317.6535,2.6328389830508536,8.9762711864407,-1.096500000000006,1
2801,2892,108.52345,2.980046948356806,13.515845070422579,-0.4765500000000067,1
2801,3443,357.17525,2.980046948356806,13.515845070422579,4.925249999999991,1
2330,2891,311.173,2.6328389830508536,8.9762711864407,-0.8269999999999982,1
3443,2439,927.6990000000001,1.4751902346226717,3.9999999999997113,5.199000000000012,1
2409,1402,85.86,2.086678832116794,6.2883211678832325,0.3000000000000007,1
