stock1,stock2,trade_capital,open,loss,reward,open_num
6176,2610,128.9838,2.980046948356806,13.515845070422579,1.7587999999999937,1
6176,3682,113.96000000000001,2.193017888055368,4.018753606462444,-0.8537000000000035,1
2049,2912,1796.594,2.086678832116794,6.2883211678832325,-13.906000000000006,1
2603,1314,76.1994,2.6328389830508536,8.9762711864407,0.37439999999999785,1
1536,2610,150.84,1.4751902346226717,3.9999999999997113,1.0,1
1536,2313,218.675,2.086678832116794,6.2883211678832325,0.625,1
1536,2888,161.63364,2.2499999999999822,7.500000000000021,0.4336399999999969,1
2610,2888,19.10716,1.749999999999973,3.4999999999998117,-0.18039000000000094,1
2610,2912,366.14825,2.086678832116794,6.2883211678832325,-0.10175000000000267,1
1605,3034,190.0478,1.749999999999973,3.4999999999998117,0.7977999999999952,1
2618,2912,390.57475,2.086678832116794,6.2883211678832325,-2.1752500000000197,1
2618,6505,292.981,2.086678832116794,6.2883211678832325,0.5809999999999889,1
2308,6456,355.0317,1.749999999999973,3.4999999999998117,-3.3683000000000334,1
2313,2912,406.111,2.980046948356806,13.515845070422579,-1.6890000000000214,1
2834,2330,268.134,4.000000000000004,12.500000000000034,0.5840000000000032,1
2327,2912,1561.8004999999998,2.086678832116794,6.2883211678832325,-11.199500000000114,1
2337,2912,366.74645,2.086678832116794,6.2883211678832325,-3.40355000000001,1
2330,1314,272.409,4.752819548872187,15.016917293233117,0.5840000000000032,1
1314,2492,211.0935,2.980046948356806,13.515845070422579,0.7684999999999889,1
2345,2912,720.2328,2.086678832116794,6.2883211678832325,-5.567200000000028,1
2344,2912,664.0020000000001,1.4751902346226717,3.9999999999997113,-4.997999999999955,1
2885,2912,366.4625,2.086678832116794,6.2883211678832325,-2.9375,1
4938,2912,875.8645,2.086678832116794,6.2883211678832325,-6.6355000000000075,1
2892,2912,410.01625,2.086678832116794,6.2883211678832325,-3.4837500000000006,1
1402,3034,264.42400000000004,1.749999999999973,3.4999999999998117,0.8240000000000123,1
1477,3532,278.8995,3.2499999999999982,5.500000000000034,1.5995000000000061,1
2492,3532,279.2685,2.6328389830508536,8.9762711864407,1.0184999999999889,1
2912,2408,864.325,2.6328389830508536,8.9762711864407,1.625,1
2912,1402,707.91985,1.749999999999973,3.4999999999998117,-3.9801499999999947,1
2912,3034,1207.8654999999999,1.749999999999973,3.4999999999998117,-7.134500000000003,1
