stock1,stock2,trade_capital,open,loss,reward,open_num
2618,6269,168.825,2.086678832116794,6.2883211678832325,0.5250000000000057,1
6269,2327,1175.85,1.749999999999973,3.4999999999998117,-17.87749999999994,1
6269,1314,252.0,1.4751902346226717,3.9999999999997113,1.25,1
6269,2474,755.79,2.086678832116794,6.2883211678832325,1.240000000000009,1
6269,3026,643.95,1.749999999999973,3.4999999999998117,-6.63300000000001,1
6269,2027,588.645,1.4751902346226717,3.9999999999997113,2.9499999999999886,1
2834,2327,744.09625,2.6328389830508536,8.9762711864407,-37.35875000000004,1
1326,2439,585.0,2.980046948356806,13.515845070422579,2.5,1
