stock1,stock2,trade_capital,open,loss,reward,open_num
2105,2801,127.4225,2.2499999999999822,7.500000000000021,-0.21249999999999858,1
3711,2801,149.51749999999998,2.6328389830508536,8.9762711864407,0.037499999999994316,1
3231,2353,133.73825,1.749999999999973,3.4999999999998117,0.163250000000005,1
9921,2002,234.235,3.453852327447829,11.505617977528125,1.3600000000000136,1
2801,2823,98.275,2.980046948356806,13.515845070422579,-0.40999999999999304,1
2801,2317,159.95749999999998,2.6328389830508536,8.9762711864407,0.08750000000000568,1
2801,2330,280.2875,2.980046948356806,13.515845070422579,-0.26250000000000284,1
2801,2882,134.3075,2.6328389830508536,8.9762711864407,-0.4624999999999986,1
2801,2376,146.45749999999998,2.6328389830508536,8.9762711864407,-1.0625,1
2801,1434,146.45749999999998,2.6328389830508536,8.9762711864407,0.08750000000000568,1
2801,2002,136.22250000000003,3.453852327447829,11.505617977528125,-0.3575000000000017,1
2801,1504,148.6625,2.6328389830508536,8.9762711864407,-0.4125000000000085,1
2308,2395,665.662,1.749999999999973,3.4999999999998117,-0.08799999999999386,1
5880,4938,142.2104,2.980046948356806,13.515845070422579,0.010400000000004184,1
2317,2015,237.7973,1.749999999999973,3.4999999999998117,0.7572999999999865,1
2344,2887,59.93084999999999,3.2499999999999982,5.500000000000034,0.07084999999998942,1
2882,4938,298.7128,3.453852327447829,11.505617977528125,-0.5572000000000017,1
2884,4938,284.0553,4.000000000000004,12.500000000000034,0.5802999999999656,1
2376,3406,762.1975,1.749999999999973,3.4999999999998117,0.597500000000025,1
2376,3532,429.19950000000006,1.749999999999973,3.4999999999998117,0.5995000000000061,1
2888,2915,88.57785,3.2499999999999982,5.500000000000034,0.3478500000000011,1
3406,2492,1724.2975000000001,2.086678832116794,6.2883211678832325,-4.902499999999975,1
3406,3532,817.3485000000001,1.2162849872773496,7.4631043256997405,2.79849999999999,1
2448,3481,57.1169,3.453852327447829,11.505617977528125,0.1869000000000014,1
