stock1,stock2,trade_capital,open,loss,reward,open_num
1590,1605,385.09125,1.1218344155846804,3.0000000000002496,-4.408750000000012,1
1605,5880,105.2832,2.6328389830508536,8.9762711864407,-0.8667999999999978,1
1605,1326,160.59840000000003,2.086678832116794,6.2883211678832325,0.49840000000000373,1
9904,2492,317.443,2.193017888055368,4.018753606462444,-2.252749999999992,1
2823,6505,246.8605,2.6328389830508536,8.9762711864407,0.5604999999999905,1
1314,2439,179.95850000000002,2.086678832116794,6.2883211678832325,-0.041499999999999204,1
2353,2881,144.76440000000002,2.086678832116794,6.2883211678832325,-1.235599999999991,1
2353,2379,208.46125,3.453852327447829,11.505617977528125,0.7112500000000068,1
2353,3481,122.44400000000002,2.980046948356806,13.515845070422579,0.2190000000000083,1
2353,2474,314.66125,2.086678832116794,6.2883211678832325,-1.2887499999999932,1
2353,2498,134.12125,2.6328389830508536,8.9762711864407,0.21125000000000682,1
1326,2353,200.14775,2.086678832116794,6.2883211678832325,-1.102249999999998,1
2881,6505,248.10674999999998,2.980046948356806,13.515845070422579,0.5567499999999939,1
2881,3034,171.39749999999998,1.4751902346226717,3.9999999999997113,0.6674999999999898,1
2371,2377,209.97,2.980046948356806,13.515845070422579,-0.4999999999999787,1
2371,3034,678.015,1.749999999999973,3.4999999999998117,-5.201200000000057,1
2891,2439,214.3825,3.693027210884357,6.0739795918367605,0.6324999999999932,1
6505,2474,987.5450000000001,2.086678832116794,6.2883211678832325,2.545000000000016,1
