stock1,stock2,trade_capital,open,loss,reward,open_num
2610,1319,77.24456,2.980046948356806,13.515845070422579,0.24455999999999278,1
2610,2356,114.64200000000001,3.453852327447829,11.505617977528125,0.4499999999999993,1
2610,2474,376.95555,2.6328389830508536,8.9762711864407,1.2055500000000023,1
2049,3481,362.236,2.086678832116794,6.2883211678832325,-0.18900000000002137,1
2049,1504,381.6,1.4751902346226717,3.9999999999997113,-5.509250000000009,1
1101,6505,545.0085,2.086678832116794,6.2883211678832325,0.4334999999999809,1
2308,4938,709.8905,2.6328389830508536,8.9762711864407,1.9904999999999973,1
2303,4958,116.3421,2.086678832116794,6.2883211678832325,-1.1158499999999947,1
2303,3481,67.67235000000001,1.749999999999973,3.4999999999998117,0.44735000000000014,1
1303,1319,201.52,2.6328389830508536,8.9762711864407,0.044999999999987494,1
1303,2356,182.38500000000002,3.453852327447829,11.505617977528125,0.7999999999999972,1
2356,3532,254.02949999999998,2.980046948356806,13.515845070422579,0.5544999999999902,1
2377,3481,152.3675,2.086678832116794,6.2883211678832325,0.19249999999999545,1
4938,3481,117.17340000000002,1.749999999999973,3.4999999999998117,0.24840000000000373,1
2382,3481,103.61420000000001,1.749999999999973,3.4999999999998117,0.289200000000001,1
4958,2474,1002.3634999999999,2.6328389830508536,8.9762711864407,-6.0364999999999895,1
6505,3026,787.3725,2.086678832116794,6.2883211678832325,1.2224999999999682,1
3532,2027,328.515,2.6328389830508536,8.9762711864407,-0.33500000000000796,1
