stock1,stock2,trade_capital,open,loss,reward,open_num
6176,2352,158.11025,2.086678832116794,6.2883211678832325,-0.1597499999999883,1
9910,9933,312.40995,1.2162849872773496,7.4631043256997405,-2.6900499999999994,1
9910,3532,390.824,1.2162849872773496,7.4631043256997405,0.32399999999999807,1
1723,3532,386.55,2.6328389830508536,8.9762711864407,2.5,1
1723,3034,805.95,1.749999999999973,3.4999999999998117,3.0,1
2801,2337,122.97425,2.6328389830508536,8.9762711864407,0.14424999999999244,1
2313,2345,421.47,2.086678832116794,6.2883211678832325,-1.1000000000000227,1
2344,2885,80.505,3.2499999999999982,5.500000000000034,0.4499999999999993,1
2498,3532,452.3086,1.1218344155846804,3.0000000000002496,1.758599999999987,1
