stock1,stock2,trade_capital,open,loss,reward,open_num
2606,3045,578.115,2.086678832116794,6.2883211678832325,2.5,1
2618,2330,308.5975,2.086678832116794,6.2883211678832325,0.022500000000007958,1
2618,2371,76.36055,1.749999999999973,3.4999999999998117,0.38054999999999595,1
2610,2883,57.06505,1.749999999999973,3.4999999999998117,0.21504999999999974,1
2633,2308,235.46249999999998,2.086678832116794,6.2883211678832325,0.9124999999999943,1
2633,2888,111.46199999999999,2.6328389830508536,8.9762711864407,0.247000000000007,1
2633,4958,227.4446,3.2499999999999982,5.500000000000034,0.7195999999999998,1
1102,3231,139.63,1.1218344155846804,3.0000000000002496,-1.4450000000000003,1
6269,3019,695.3969999999999,1.4751902346226717,3.9999999999997113,-3.1030000000000086,1
3231,2883,68.33115000000001,1.749999999999973,3.4999999999998117,0.1311499999999981,1
2801,3019,172.7095,2.6328389830508536,8.9762711864407,-1.600500000000011,1
5880,4958,122.9504,2.086678832116794,6.2883211678832325,0.31040000000000845,1
2308,2344,192.26100000000002,2.980046948356806,13.515845070422579,-0.46399999999999153,1
2308,2883,183.036,1.749999999999973,3.4999999999998117,-0.16399999999998727,1
2324,2880,121.34685000000002,2.6328389830508536,8.9762711864407,0.21684999999999377,1
2330,2883,286.2255,1.749999999999973,3.4999999999998117,-0.47450000000000614,1
2883,2891,86.1276,1.749999999999973,3.4999999999998117,0.22759999999999536,1
2892,3019,188.45375,2.6328389830508536,8.9762711864407,-1.9962500000000034,1
3034,3045,647.73,1.749999999999973,3.4999999999998117,1.3799999999999955,1
