stock1,stock2,trade_capital,open,loss,reward,open_num
1101,4938,302.355,1.749999999999973,3.4999999999998117,-2.403649999999999,1
1101,3443,412.86575000000005,4.000000000000004,12.500000000000034,4.665750000000003,1
1101,1477,304.425,3.2499999999999982,5.500000000000034,-3.0087500000000205,1
1101,2542,191.70000000000002,3.693027210884357,6.0739795918367605,0.39999999999996305,1
5880,2356,97.56,2.086678832116794,6.2883211678832325,-0.25,1
2303,2915,130.30525,2.193017888055368,4.018753606462444,0.26524999999999466,1
2915,2408,259.0944,2.2499999999999822,7.500000000000021,-0.7256000000000142,1
