stock1,stock2,trade_capital,open,loss,reward,open_num
2610,9933,90.07894999999999,2.086678832116794,6.2883211678832325,-0.5210499999999954,1
1536,4904,490.3455,1.2162849872773496,7.4631043256997405,-0.8645000000000067,1
1536,2883,192.327,2.086678832116794,6.2883211678832325,-1.9230000000000018,1
4904,2888,131.5666,2.193017888055368,4.018753606462444,-0.08340000000001169,1
2330,6505,830.0024999999999,2.6328389830508536,8.9762711864407,1.0024999999999409,1
2376,6505,677.615,2.6328389830508536,8.9762711864407,-2.3150000000000546,1
