stock1,stock2,trade_capital,open,loss,reward,open_num
3231,1434,211.9622,2.6328389830508536,8.9762711864407,-0.9877999999999929,1
2353,6505,446.54875,2.086678832116794,6.2883211678832325,0.34874999999999545,1
2353,1434,212.51055,2.6328389830508536,8.9762711864407,-1.939450000000015,1
2882,3008,3547.35,2.6328389830508536,8.9762711864407,1.0,1
2883,1434,56.97,2.6328389830508536,8.9762711864407,0.20000000000000284,1
2890,3008,3721.55175,2.6328389830508536,8.9762711864407,-10.948249999999966,1
2890,2002,51.9436,2.6328389830508536,8.9762711864407,0.12860000000000227,1
2383,3019,542.3679999999999,3.2499999999999982,5.500000000000034,4.367999999999995,1
1434,3008,3462.76925,2.193017888055368,4.018753606462444,-6.755750000000091,1
