stock1,stock2,trade_capital,open,loss,reward,open_num
1536,2231,1109.76,1.1218344155846804,3.0000000000002496,2.659999999999968,1
1536,6505,1082.2435,2.086678832116794,6.2883211678832325,2.24350000000004,1
2610,2883,70.065,2.980046948356806,13.515845070422579,0.34999999999999787,1
2049,2892,488.25,2.980046948356806,13.515845070422579,-8.5,1
1605,2883,63.675,2.086678832116794,6.2883211678832325,0.4000000000000057,1
2231,2883,382.72499999999997,2.980046948356806,13.515845070422579,1.5,1
2231,2409,392.625,0.7288428324698772,4.0090056748083995,-5.0,1
2881,4938,228.71179999999998,4.752819548872187,15.016917293233117,-1.0882000000000005,1
2882,2377,390.824,2.980046948356806,13.515845070422579,0.3240000000000265,1
2377,6505,485.0405,1.2162849872773496,7.4631043256997405,0.5405000000000229,1
2883,2377,166.67849999999999,2.980046948356806,13.515845070422579,-0.09650000000000603,1
2883,2454,348.97499999999997,2.086678832116794,6.2883211678832325,0.25,1
