stock1,stock2,trade_capital,open,loss,reward,open_num
6176,2890,114.8785,3.453852327447829,11.505617977528125,0.2985000000000042,1
2801,1909,85.76429999999999,1.749999999999973,3.4999999999998117,-0.46894999999999953,1
9938,2891,205.52,2.086678832116794,6.2883211678832325,0.9200000000000017,1
5880,2356,101.37920000000001,2.980046948356806,13.515845070422579,0.279200000000003,1
2313,2834,78.35875,2.980046948356806,13.515845070422579,-0.3812500000000014,1
1301,2890,141.44925,2.193017888055368,4.018753606462444,-1.2037499999999994,1
