stock1,stock2,trade_capital,open,loss,reward,open_num
2606,1590,430.82950000000005,4.151949541284411,10.021788990825703,-0.7704999999999984,1
2606,1477,323.028,2.086678832116794,6.2883211678832325,-2.7220000000000084,1
2606,3026,331.08175,1.749999999999973,3.4999999999998117,-2.0477500000000077,1
2603,4958,136.2431,1.4751902346226717,3.9999999999997113,0.018100000000004002,1
1590,2890,341.22325,2.980046948356806,13.515845070422579,1.7232500000000215,1
1704,2347,384.3,3.453852327447829,11.505617977528125,-0.4000000000000057,1
1229,2345,379.916,1.2162849872773496,7.4631043256997405,0.8909999999999911,1
2327,2890,723.07425,2.086678832116794,6.2883211678832325,3.0742499999999637,1
1314,1477,213.322,1.749999999999973,3.4999999999998117,0.796999999999997,1
2345,2890,144.98725000000002,2.2499999999999822,7.500000000000021,0.5872499999999974,1
2345,2409,159.2455,2.086678832116794,6.2883211678832325,0.44549999999999557,1
6456,3034,495.7455,2.980046948356806,13.515845070422579,-7.454499999999996,1
2376,1477,252.3407,2.086678832116794,6.2883211678832325,0.2407000000000039,1
2890,3034,203.13875000000002,2.086678832116794,6.2883211678832325,-2.6112499999999983,1
2492,3034,851.938,2.086678832116794,6.2883211678832325,-11.095000000000027,1
