stock1,stock2,trade_capital,open,loss,reward,open_num
2610,2330,281.926,1.2162849872773496,7.4631043256997405,-0.6739999999999995,1
2610,1326,162.1435,2.6328389830508536,8.9762711864407,0.9184999999999945,1
2610,6505,175.9705,2.086678832116794,6.2883211678832325,0.22049999999999415,1
1102,6505,143.3895,1.749999999999973,3.4999999999998117,0.6944999999999943,1
9945,2360,448.711,1.1218344155846804,3.0000000000002496,1.0109999999999957,1
9945,2888,86.45235,1.749999999999973,3.4999999999998117,-0.47690000000000765,1
2801,1909,108.855,1.749999999999973,3.4999999999998117,0.5499999999999972,1
9914,2360,557.4145,1.1218344155846804,3.0000000000002496,2.6144999999999925,1
9914,2915,360.363,2.086678832116794,6.2883211678832325,1.1129999999999995,1
1303,2915,553.5816,2.980046948356806,13.515845070422579,-1.56839999999994,1
2330,2884,321.10675000000003,2.6328389830508536,8.9762711864407,0.20674999999999955,1
2345,2360,1170.132,1.2162849872773496,7.4631043256997405,5.632000000000005,1
2360,6505,641.5335,1.749999999999973,3.4999999999998117,2.933499999999981,1
