stock1,stock2,trade_capital,open,loss,reward,open_num
6176,6269,387.93270000000007,4.000000000000004,12.500000000000034,2.1327000000000282,1
2603,2345,153.45,1.1218344155846804,3.0000000000002496,-0.5114999999999981,1
1605,6269,188.3333,2.086678832116794,6.2883211678832325,0.43329999999998847,1
1605,2345,189.675,2.086678832116794,6.2883211678832325,-2.8755000000000024,1
6269,2886,226.1365,1.749999999999973,3.4999999999998117,-1.2199999999999989,1
6269,3044,674.4725,2.086678832116794,6.2883211678832325,3.6325000000000216,1
3682,6269,144.2659,2.086678832116794,6.2883211678832325,1.1159000000000034,1
3682,3481,84.16675000000001,3.2499999999999982,5.500000000000034,0.25274999999999537,1
1301,2498,319.5385,1.749999999999973,3.4999999999998117,0.33850000000001046,1
2345,2353,205.875,2.086678832116794,6.2883211678832325,-2.680250000000001,1
2345,2409,154.56925,1.4751902346226717,3.9999999999997113,0.5692499999999967,1
2345,2449,234.28075,3.453852327447829,11.505617977528125,0.33074999999999477,1
2357,2409,317.54449999999997,3.2499999999999982,5.500000000000034,0.04449999999999932,1
2409,2454,344.46349999999995,2.086678832116794,6.2883211678832325,0.21349999999998204,1
