stock1,stock2,trade_capital,open,loss,reward,open_num
2618,1314,121.6575,2.086678832116794,6.2883211678832325,0.04749999999999943,1
2618,2353,99.3012,2.086678832116794,6.2883211678832325,0.20120000000000005,1
2618,6456,273.178,1.749999999999973,3.4999999999998117,0.9280000000000115,1
2633,1314,48.1237,2.086678832116794,6.2883211678832325,0.16870000000000474,1
9945,4938,227.19840000000002,6.071428571428564,16.47435897435901,-0.2015999999999991,1
2303,2377,189.549,2.980046948356806,13.515845070422579,-2.600999999999999,1
2353,3481,65.60770000000001,1.4751902346226717,3.9999999999997113,0.22769999999999868,1
2353,3034,642.69,1.749999999999973,3.4999999999998117,-0.20000000000000284,1
2883,2377,168.4475,2.086678832116794,6.2883211678832325,-0.10250000000000625,1
