stock1,stock2,trade_capital,open,loss,reward,open_num
2610,2881,97.04475,2.086678832116794,6.2883211678832325,0.14474999999999483,1
2610,2439,183.89475000000002,2.193017888055368,4.018753606462444,-0.6552500000000023,1
2610,1504,73.23975,2.086678832116794,6.2883211678832325,0.14474999999999838,1
2327,3532,1938.5100000000002,1.749999999999973,3.4999999999998117,-21.704000000000065,1
2360,2409,200.158,1.4751902346226717,3.9999999999997113,0.5579999999999998,1
