stock1,stock2,trade_capital,open,loss,reward,open_num
2049,2618,465.656,1.4751902346226717,3.9999999999997113,-0.9440000000000168,1
2049,3532,921.312,1.749999999999973,3.4999999999998117,-1.6879999999999882,1
2603,3532,180.525,2.086678832116794,6.2883211678832325,-1.2249999999999943,1
2313,2888,76.7142,2.193017888055368,4.018753606462444,-0.48984999999999346,1
2330,1504,330.106,5.7367647058823605,13.470588235294136,-0.6690000000000111,1
2360,4938,466.19100000000003,2.086678832116794,6.2883211678832325,1.5409999999999968,1
