stock1,stock2,trade_capital,open,loss,reward,open_num
2615,6456,274.3,2.086678832116794,6.2883211678832325,1.4500000000000028,1
1590,2352,586.7345,3.2499999999999982,5.500000000000034,-0.5155000000000314,1
2049,3532,621.0,1.749999999999973,3.4999999999998117,-4.5625,1
1605,2352,60.0194,1.749999999999973,3.4999999999998117,-0.03059999999999974,1
1722,2352,82.20265,3.2499999999999982,5.500000000000034,0.10265000000001123,1
2311,3532,297.368,2.6328389830508536,8.9762711864407,-0.5819999999999936,1
1314,3532,118.98,0.7288428324698772,4.0090056748083995,-1.9419500000000056,1
2882,6505,517.9415,2.980046948356806,13.515845070422579,0.4414999999999907,1
