stock1,stock2,trade_capital,open,loss,reward,open_num
2603,6269,177.52300000000002,1.4751902346226717,3.9999999999997113,-1.8057500000000033,1
2615,6269,197.406,2.086678832116794,6.2883211678832325,0.1560000000000059,1
3673,2345,596.16,1.749999999999973,3.4999999999998117,6.5,1
6269,1434,261.46325,2.086678832116794,6.2883211678832325,-2.286750000000012,1
1314,1326,169.43400000000003,2.193017888055368,4.018753606462444,0.284000000000006,1
1314,2882,119.41475,2.086678832116794,6.2883211678832325,0.3847499999999968,1
1314,2891,147.101,2.980046948356806,13.515845070422579,0.40100000000001046,1
2345,2409,349.09450000000004,1.1218344155846804,3.0000000000002496,2.5444999999999993,1
2345,3443,797.5999999999999,0.7288428324698772,4.0090056748083995,0.0999999999999659,1
2345,2474,864.8975,1.1218344155846804,3.0000000000002496,3.3974999999999795,1
2345,3034,712.265,1.1218344155846804,3.0000000000002496,5.264999999999986,1
2881,2409,100.53559999999999,4.000000000000004,12.500000000000034,-1.2164999999999964,1
2882,2887,109.39500000000001,2.086678832116794,6.2883211678832325,0.5,1
2454,3481,324.94675000000007,4.752819548872187,15.016917293233117,0.046750000000002956,1
