stock1,stock2,trade_capital,open,loss,reward,open_num
6269,2498,475.4625,1.749999999999973,3.4999999999998117,0.6424999999999841,1
6269,6116,164.6225,1.749999999999973,3.4999999999998117,0.39749999999999375,1
1723,6505,873.74,2.6328389830508536,8.9762711864407,4.639999999999986,1
1723,6116,191.043,1.1218344155846804,3.0000000000002496,0.818000000000012,1
1802,3532,219.56150000000002,2.6328389830508536,8.9762711864407,1.6115000000000066,1
1314,2454,380.854,4.000000000000004,12.500000000000034,-2.646000000000015,1
2356,6505,232.303,2.6328389830508536,8.9762711864407,0.6280000000000001,1
6505,3481,188.203,2.2499999999999822,7.500000000000021,0.6280000000000001,1
