stock1,stock2,trade_capital,open,loss,reward,open_num
1536,1301,392.85,2.980046948356806,13.515845070422579,1.5,1
1536,3034,570.1500000000001,2.980046948356806,13.515845070422579,3.5,1
1536,3045,663.005,2.6328389830508536,8.9762711864407,0.5050000000000381,1
1102,3045,558.8199999999999,2.193017888055368,4.018753606462444,0.8949999999999818,1
1704,3045,616.0775000000001,2.086678832116794,6.2883211678832325,3.287500000000051,1
1216,3045,494.9108,2.086678832116794,6.2883211678832325,2.6107999999999834,1
9945,3045,589.227,2.6328389830508536,8.9762711864407,0.22699999999997544,1
2801,2330,303.19575000000003,2.6328389830508536,8.9762711864407,0.745750000000001,1
2801,3532,196.875,1.4751902346226717,3.9999999999997113,-1.4039999999999964,1
2834,3034,153.22500000000002,2.193017888055368,4.018753606462444,1.0,1
2327,3034,867.6,2.980046948356806,13.515845070422579,6.0,1
2330,2883,266.625,1.1218344155846804,3.0000000000002496,2.0,1
2330,3045,754.5875000000001,2.086678832116794,6.2883211678832325,3.8875000000000455,1
1301,3443,746.55,2.6328389830508536,8.9762711864407,2.0,1
1301,3532,398.70000000000005,2.6328389830508536,8.9762711864407,2.0,1
4904,2890,118.65540000000001,1.749999999999973,3.4999999999998117,-0.5695999999999941,1
2881,2383,345.1655,2.6328389830508536,8.9762711864407,1.6654999999999944,1
2888,3532,181.61775,1.2162849872773496,7.4631043256997405,0.8177499999999966,1
2888,1504,142.74325,2.086678832116794,6.2883211678832325,0.35325000000000273,1
2915,3034,684.0,2.980046948356806,13.515845070422579,3.5,1
1504,3045,133.3986,2.6328389830508536,8.9762711864407,0.5485999999999933,1
