stock1,stock2,trade_capital,open,loss,reward,open_num
6176,2327,723.921,2.086678832116794,6.2883211678832325,6.321000000000026,1
6176,2353,123.6575,2.086678832116794,6.2883211678832325,0.4274999999999949,1
6176,2383,736.238,2.086678832116794,6.2883211678832325,1.788000000000011,1
2603,2303,78.32339999999999,3.2499999999999982,5.500000000000034,-0.3565999999999967,1
2603,2327,436.83900000000006,4.151949541284411,10.021788990825703,2.7390000000000043,1
2603,1909,49.48265,3.453852327447829,11.505617977528125,0.14764999999999873,1
2049,2303,428.38300000000004,2.6328389830508536,8.9762711864407,0.9080000000000155,1
1101,6269,303.83574999999996,1.749999999999973,3.4999999999998117,0.3357499999999902,1
2618,2345,177.2645,2.2499999999999822,7.500000000000021,-2.235500000000002,1
6269,2303,181.127,2.6328389830508536,8.9762711864407,0.902000000000001,1
6269,2884,201.55900000000003,1.749999999999973,3.4999999999998117,-0.5409999999999968,1
2327,2379,970.6975,2.980046948356806,13.515845070422579,1.1475000000000364,1
2345,2883,157.82,1.749999999999973,3.4999999999998117,-0.5799999999999983,1
2345,3008,4002.3424999999997,0.7288428324698772,4.0090056748083995,-6.657500000000027,1
2353,2883,79.37375,2.086678832116794,6.2883211678832325,0.13874999999999815,1
2353,2892,126.1185,2.086678832116794,6.2883211678832325,-1.1515000000000057,1
2884,2454,375.259,1.749999999999973,3.4999999999998117,-0.04099999999999682,1
2883,2887,58.3015,2.6328389830508536,8.9762711864407,0.1615000000000073,1
2883,2379,171.5045,2.6328389830508536,8.9762711864407,0.12949999999999307,1
2383,3406,760.885,1.1218344155846804,3.0000000000002496,0.9850000000000136,1
2888,2409,66.528,2.6328389830508536,8.9762711864407,0.13800000000000168,1
2888,2439,204.138,2.980046948356806,13.515845070422579,-2.161999999999999,1
2892,2439,251.3985,1.749999999999973,3.4999999999998117,-3.3015000000000043,1
6505,3008,4062.1625,1.749999999999973,3.4999999999998117,-28.297500000000014,1
6505,3019,594.474,1.749999999999973,3.4999999999998117,2.024000000000001,1
2454,6116,331.19025,2.6328389830508536,8.9762711864407,-3.1597500000000025,1
