stock1,stock2,trade_capital,open,loss,reward,open_num
1590,3532,995.212,1.4751902346226717,3.9999999999997113,0.9619999999999891,1
1101,3045,566.885,2.086678832116794,6.2883211678832325,3.409999999999968,1
1102,4958,156.2926,2.980046948356806,13.515845070422579,0.9425999999999988,1
3682,3045,145.01364999999998,2.980046948356806,13.515845070422579,0.5136499999999984,1
5871,3045,617.87,2.086678832116794,6.2883211678832325,3.109999999999957,1
4904,1326,656.056,2.2499999999999822,7.500000000000021,2.856000000000023,1
1326,2884,402.3,3.2499999999999982,5.500000000000034,3.25,1
2881,3045,256.814,2.086678832116794,6.2883211678832325,1.3640000000000043,1
2886,2498,72.9893,3.693027210884357,6.0739795918367605,0.06929999999999836,1
3443,3045,781.76,2.086678832116794,6.2883211678832325,3.909999999999968,1
3532,3045,602.1,2.980046948356806,13.515845070422579,3.5,1
2498,3532,360.9,1.749999999999973,3.4999999999998117,-2.6984999999999957,1
3044,3045,602.75,2.086678832116794,6.2883211678832325,3.409999999999968,1
