stock1,stock2,trade_capital,open,loss,reward,open_num
6176,2882,106.28909999999999,4.000000000000004,12.500000000000034,0.41909999999999314,1
1314,2882,110.4765,2.6328389830508536,8.9762711864407,0.606500000000004,1
1314,2449,91.87355,1.4751902346226717,3.9999999999997113,0.22354999999999947,1
1314,2492,469.08849999999995,1.749999999999973,3.4999999999998117,-0.911500000000018,1
1314,3026,318.5415,1.749999999999973,3.4999999999998117,0.541499999999985,1
1314,3045,159.25650000000002,2.086678832116794,6.2883211678832325,0.3064999999999998,1
1909,3481,81.25725,2.2499999999999822,7.500000000000021,0.3722499999999975,1
2448,3045,168.32920000000001,2.086678832116794,6.2883211678832325,1.0792000000000002,1
