stock1,stock2,trade_capital,open,loss,reward,open_num
2610,2303,54.47495000000001,2.086678832116794,6.2883211678832325,0.24494999999999578,1
2610,2885,88.2835,2.086678832116794,6.2883211678832325,0.24849999999999284,1
3682,3019,144.0775,3.2499999999999982,5.500000000000034,-0.17249999999999943,1
1102,2885,84.15950000000001,2.980046948356806,13.515845070422579,-0.000499999999995282,1
2812,2327,1163.89,1.1218344155846804,3.0000000000002496,-8.1099999999999,1
2812,2439,202.391,1.1218344155846804,3.0000000000002496,-0.8590000000000089,1
2812,2454,335.8425,2.086678832116794,6.2883211678832325,0.34250000000000114,1
2308,3019,547.588,1.4751902346226717,3.9999999999997113,2.637999999999977,1
2324,3045,169.83,2.086678832116794,6.2883211678832325,0.29999999999999716,1
1301,3019,624.7099999999999,2.6328389830508536,8.9762711864407,-1.5900000000000318,1
2353,3019,226.25625,2.980046948356806,13.515845070422579,1.3562499999999886,1
2885,2439,198.90000000000003,2.6328389830508536,8.9762711864407,1.0,1
