stock1,stock2,trade_capital,open,loss,reward,open_num
1536,1326,837.9000000000001,2.086678832116794,6.2883211678832325,4.0,1
1536,2379,481.254,1.2162849872773496,7.4631043256997405,2.1040000000000134,1
2633,3443,396.95725000000004,2.086678832116794,6.2883211678832325,2.1572500000000048,1
1605,1314,113.67,2.6328389830508536,8.9762711864407,0.14999999999999147,1
2308,1909,578.9962,1.749999999999973,3.4999999999998117,2.3962000000000003,1
2317,2352,192.37115,3.453852327447829,11.505617977528125,-0.028849999999991383,1
1326,1909,626.2348,2.086678832116794,6.2883211678832325,4.584800000000001,1
2357,3532,1746.7440000000001,1.749999999999973,3.4999999999998117,1.7440000000000282,1
2890,3019,151.2115,1.2162849872773496,7.4631043256997405,0.4364999999999952,1
3019,3045,654.5305,1.749999999999973,3.4999999999998117,-1.969500000000025,1
