stock1,stock2,trade_capital,open,loss,reward,open_num
6176,2603,129.52949999999998,2.086678832116794,6.2883211678832325,0.2295000000000016,1
2603,1605,96.02875,1.4751902346226717,3.9999999999997113,0.17875000000000085,1
2603,5871,174.32875,2.6328389830508536,8.9762711864407,0.7787500000000023,1
2603,2354,136.589,2.2499999999999822,7.500000000000021,-0.011000000000002785,1
2603,2474,422.3525,1.4751902346226717,3.9999999999997113,0.6775000000000091,1
1536,1723,1246.4825,2.086678832116794,6.2883211678832325,-0.017500000000040927,1
1536,2454,587.233,2.086678832116794,6.2883211678832325,0.2330000000000041,1
2105,2885,106.155,2.980046948356806,13.515845070422579,0.19999999999999574,1
1605,2344,105.66,2.193017888055368,4.018753606462444,0.5,1
1605,2448,153.58500000000004,1.4751902346226717,3.9999999999997113,-1.4092500000000143,1
5871,2408,942.4641,1.749999999999973,3.4999999999998117,0.06410000000005311,1
2303,2308,184.00775,2.086678832116794,6.2883211678832325,-1.5872499999999974,1
2303,2454,399.797,2.193017888055368,4.018753606462444,-1.4529999999999745,1
5880,2885,125.86824999999999,2.980046948356806,13.515845070422579,0.1382499999999851,1
2408,3481,137.34,1.4751902346226717,3.9999999999997113,0.25,1
