stock1,stock2,trade_capital,open,loss,reward,open_num
1605,1101,131.91035,1.1218344155846804,3.0000000000002496,1.0103499999999954,1
1101,2408,230.13375000000002,1.1218344155846804,3.0000000000002496,0.43375000000003183,1
1227,2377,468.9,1.749999999999973,3.4999999999998117,2.5,1
5871,6505,765.0840000000001,2.086678832116794,6.2883211678832325,2.3840000000000146,1
2352,3406,463.3105,2.6328389830508536,8.9762711864407,-0.6145000000000209,1
2353,2379,221.852,1.1218344155846804,3.0000000000002496,0.652000000000001,1
2377,6505,349.406,1.4751902346226717,3.9999999999997113,1.2560000000000002,1
2379,2408,725.1320000000001,1.1218344155846804,3.0000000000002496,3.882000000000005,1
2408,3443,1082.7,1.749999999999973,3.4999999999998117,6.0,1
