stock1,stock2,trade_capital,open,loss,reward,open_num
9910,2834,218.59325,2.086678832116794,6.2883211678832325,0.5932499999999976,1
9910,2352,249.3,1.749999999999973,3.4999999999998117,1.0,1
9910,2888,238.28300000000002,1.2162849872773496,7.4631043256997405,2.0330000000000013,1
5871,2890,139.8457,2.086678832116794,6.2883211678832325,0.4706999999999937,1
2308,2888,167.8955,1.2162849872773496,7.4631043256997405,0.09550000000000125,1
2308,2890,176.1365,2.086678832116794,6.2883211678832325,0.1115000000000066,1
2308,3532,699.143,2.086678832116794,6.2883211678832325,2.6430000000000007,1
2308,2002,239.3615,3.453852327447829,11.505617977528125,-0.8884999999999934,1
2303,2891,115.60215,1.749999999999973,3.4999999999998117,0.15215000000000245,1
2330,1314,287.267,2.6328389830508536,8.9762711864407,0.7920000000000016,1
2330,2885,304.3185,2.193017888055368,4.018753606462444,0.29349999999999454,1
2337,6456,150.5745,2.086678832116794,6.2883211678832325,0.12450000000000472,1
2337,2888,65.2418,1.749999999999973,3.4999999999998117,0.3417999999999992,1
1314,2344,58.702200000000005,2.086678832116794,6.2883211678832325,0.16719999999999402,1
1314,2498,87.9667,2.086678832116794,6.2883211678832325,-1.33155,1
2344,2345,295.7055,0.7288428324698772,4.0090056748083995,0.18550000000003664,1
2344,2888,63.810500000000005,1.2162849872773496,7.4631043256997405,0.045500000000002316,1
2344,2890,60.8833,1.749999999999973,3.4999999999998117,0.4582999999999995,1
2327,2337,385.85825000000006,2.6328389830508536,8.9762711864407,2.7082500000000067,1
2345,2888,141.574,1.1218344155846804,3.0000000000002496,0.3739999999999952,1
2352,2353,104.4066,1.2162849872773496,7.4631043256997405,0.13159999999999883,1
2352,2891,120.97500000000001,1.749999999999973,3.4999999999998117,0.23499999999999943,1
2353,2888,68.63159999999999,2.086678832116794,6.2883211678832325,0.23160000000000025,1
2881,2890,97.0744,2.086678832116794,6.2883211678832325,0.19940000000000424,1
2884,2498,131.19095,3.693027210884357,6.0739795918367605,-1.0255500000000097,1
2890,3532,165.1695,1.1218344155846804,3.0000000000002496,-0.10550000000000637,1
