stock1,stock2,trade_capital,open,loss,reward,open_num
1605,2888,67.95,1.4751902346226717,3.9999999999997113,0.5,1
2313,2888,81.7543,1.4751902346226717,3.9999999999997113,0.2542999999999971,1
