stock1,stock2,trade_capital,open,loss,reward,open_num
1605,2890,66.35125,1.749999999999973,3.4999999999998117,0.09624999999999773,1
1536,9910,707.4,2.086678832116794,6.2883211678832325,4.5,1
1536,2885,176.85000000000002,2.086678832116794,6.2883211678832325,0.75,1
2308,2439,952.866,2.086678832116794,6.2883211678832325,2.8659999999999854,1
2313,2890,70.17625,1.749999999999973,3.4999999999998117,0.14624999999999844,1
2344,2890,55.67775,1.749999999999973,3.4999999999998117,0.15775000000000006,1
2890,2474,259.7565,1.749999999999973,3.4999999999998117,-0.8934999999999889,1
3481,2498,84.3074,1.749999999999973,3.4999999999998117,0.13239999999999696,1
2474,2492,1214.55,1.4751902346226717,3.9999999999997113,10.5,1
