stock1,stock2,trade_capital,open,loss,reward,open_num
1536,2891,223.1805,2.6328389830508536,8.9762711864407,-1.819500000000005,1
1590,2303,593.1,2.6328389830508536,8.9762711864407,-13.941000000000031,1
1590,2313,669.5142500000001,1.1218344155846804,3.0000000000002496,-4.925750000000022,1
1590,2379,2226.416,1.1218344155846804,3.0000000000002496,-19.844000000000037,1
1590,2888,578.22,5.7367647058823605,13.470588235294136,-3.6799999999999997,1
1590,1476,3293.1,2.6328389830508536,8.9762711864407,-60.82700000000011,1
1605,2313,45.7506,2.2499999999999822,7.500000000000021,0.14059999999999917,1
1605,2379,181.3045,1.749999999999973,3.4999999999998117,-1.5114499999999964,1
2618,2379,196.01600000000002,1.749999999999973,3.4999999999998117,-1.8612499999999983,1
2308,4938,897.28,2.980046948356806,13.515845070422579,3.080000000000041,1
2308,2888,150.34155,1.749999999999973,3.4999999999998117,0.541550000000008,1
2303,1319,124.2603,1.749999999999973,3.4999999999998117,-0.06470000000000198,1
2834,2891,114.79458000000001,2.6328389830508536,8.9762711864407,-1.6054199999999934,1
2881,2888,111.2652,1.2162849872773496,7.4631043256997405,0.2652000000000001,1
2376,1476,508.14149999999995,2.086678832116794,6.2883211678832325,1.461500000000001,1
2887,2382,123.3055,2.980046948356806,13.515845070422579,-0.5144999999999982,1
