stock1,stock2,trade_capital,open,loss,reward,open_num
1101,2344,74.66040000000001,2.6328389830508536,8.9762711864407,0.32039999999999935,1
6269,2327,685.6575,4.752819548872187,15.016917293233117,-12.125499999999988,1
6269,2344,143.424,2.086678832116794,6.2883211678832325,-1.30149999999999,1
9921,2379,1283.3200000000002,1.749999999999973,3.4999999999998117,2.7200000000000273,1
9921,1434,309.87649999999996,1.749999999999973,3.4999999999998117,0.9764999999999873,1
9921,3532,277.094,1.749999999999973,3.4999999999998117,-2.368499999999983,1
1722,2867,96.84,1.749999999999973,3.4999999999998117,0.29999999999999716,1
2308,2313,227.12,2.086678832116794,6.2883211678832325,0.6700000000000017,1
5871,2344,159.174,2.2499999999999822,7.500000000000021,-0.21599999999999397,1
1303,2327,655.0065,2.6328389830508536,8.9762711864407,-8.545999999999992,1
1301,3034,321.4066,2.6328389830508536,8.9762711864407,-0.9933999999999799,1
2327,2352,377.32500000000005,4.752819548872187,15.016917293233117,-13.969500000000025,1
2344,2347,168.84900000000002,2.6328389830508536,8.9762711864407,0.4339999999999975,1
2344,2882,158.18400000000003,2.6328389830508536,8.9762711864407,0.6340000000000003,1
2344,2382,117.684,3.693027210884357,6.0739795918367605,-0.11599999999999255,1
2379,3406,1493.498,2.980046948356806,13.515845070422579,-1.7519999999999527,1
2379,2474,1333.7069999999999,2.2499999999999822,7.500000000000021,-14.702999999999975,1
2382,2385,402.3655,4.000000000000004,12.500000000000034,-3.2345000000000113,1
