stock1,stock2,trade_capital,open,loss,reward,open_num
1605,2474,397.7565,1.749999999999973,3.4999999999998117,-2.4170999999999765,1
2201,6505,222.8005,2.193017888055368,4.018753606462444,-1.2050000000000125,1
2379,3019,686.3204000000001,1.749999999999973,3.4999999999998117,-6.456099999999992,1
2439,6269,1152.532,1.1218344155846804,3.0000000000002496,-1.9680000000000746,1
2383,3532,520.434,1.2162849872773496,7.4631043256997405,-3.5660000000000167,1
2385,4904,634.7596000000001,2.980046948356806,13.515845070422579,1.9096000000000117,1
3231,4938,208.81879999999998,2.980046948356806,13.515845070422579,-0.3861999999999739,1
3532,6269,740.2724999999999,1.4751902346226717,3.9999999999997113,-10.227500000000049,1
6269,6505,531.543,2.6328389830508536,8.9762711864407,2.8429999999999893,1
