stock1,stock2,trade_capital,open,loss,reward,open_num
2603,2379,178.81900000000002,2.2499999999999822,7.500000000000021,0.3689999999999998,1
2823,2027,223.38000000000002,5.7367647058823605,13.470588235294136,1.4999999999999858,1
2337,4938,136.2217,2.193017888055368,4.018753606462444,-0.6868000000000052,1
2324,3034,212.61025,2.6328389830508536,8.9762711864407,-1.6397500000000065,1
1314,2448,78.28875,2.086678832116794,6.2883211678832325,0.24875000000000114,1
2884,3034,218.7235,3.453852327447829,11.505617977528125,0.12349999999999284,1
