stock1,stock2,trade_capital,open,loss,reward,open_num
6176,2353,93.00189999999999,4.752819548872187,15.016917293233117,-0.01810000000000045,1
6176,2915,479.49929999999995,2.980046948356806,13.515845070422579,-6.125200000000035,1
6176,1477,270.7644,2.2499999999999822,7.500000000000021,-2.455600000000004,1
1605,2915,283.43925,1.749999999999973,3.4999999999998117,-1.436749999999975,1
2345,2890,131.321,1.4751902346226717,3.9999999999997113,0.09100000000000108,1
2915,2492,393.85699999999997,2.6328389830508536,8.9762711864407,1.1069999999999993,1
3443,2492,1507.737,2.980046948356806,13.515845070422579,-19.263000000000034,1
2492,1477,1019.571,2.086678832116794,6.2883211678832325,3.8210000000000264,1
