stock1,stock2,trade_capital,open,loss,reward,open_num
2610,2371,81.6147,2.6328389830508536,8.9762711864407,-0.05530000000000257,1
2610,2439,237.03675,2.086678832116794,6.2883211678832325,-0.963249999999995,1
1326,2887,161.32500000000002,2.086678832116794,6.2883211678832325,1.0,1
2885,2383,170.0185,2.086678832116794,6.2883211678832325,0.9184999999999945,1
2886,3034,190.87365,3.453852327447829,11.505617977528125,0.5736499999999864,1
