stock1,stock2,trade_capital,open,loss,reward,open_num
6239,6505,744.5695000000001,2.6328389830508536,8.9762711864407,1.669499999999971,1
2610,2317,117.4422,3.2499999999999982,5.500000000000034,-0.16280000000000427,1
2610,2885,105.4435,2.6328389830508536,8.9762711864407,0.2534999999999954,1
2610,6505,156.88125,2.086678832116794,6.2883211678832325,1.0812499999999972,1
1722,6505,316.1526,2.086678832116794,6.2883211678832325,1.5026000000000295,1
5880,1476,359.148,2.086678832116794,6.2883211678832325,2.7480000000000047,1
9945,2303,98.83575,2.6328389830508536,8.9762711864407,-0.00924999999999443,1
2823,6505,246.16125,3.453852327447829,11.505617977528125,0.8112500000000011,1
2317,2887,137.8369,4.752819548872187,15.016917293233117,-0.36309999999998865,1
2886,6505,224.4765,3.453852327447829,11.505617977528125,0.626499999999993,1
6505,1476,835.3125,1.4751902346226717,3.9999999999997113,1.3125,1
6505,1477,439.1345,1.4751902346226717,3.9999999999997113,2.5844999999999914,1
1476,1477,1233.158,2.086678832116794,6.2883211678832325,3.1580000000000155,1
