stock1,stock2,trade_capital,open,loss,reward,open_num
2049,2448,541.9945,2.086678832116794,6.2883211678832325,-3.4322500000000105,1
2105,2308,229.6986,2.086678832116794,6.2883211678832325,-0.5513999999999726,1
1605,2409,81.48949999999999,2.980046948356806,13.515845070422579,0.3094999999999999,1
1605,2474,398.84625000000005,2.980046948356806,13.515845070422579,0.6962500000000063,1
1102,1909,192.03435000000002,4.752819548872187,15.016917293233117,-1.7456499999999835,1
3702,2409,99.87010000000001,2.086678832116794,6.2883211678832325,0.12010000000000076,1
3702,1402,123.8535,2.6328389830508536,8.9762711864407,0.44350000000000733,1
2308,2891,204.973,2.6328389830508536,8.9762711864407,0.4230000000000018,1
2324,2492,472.111,4.000000000000004,12.500000000000034,-3.1639999999999873,1
2337,2379,416.409,2.086678832116794,6.2883211678832325,1.3340000000000032,1
2347,2408,519.13725,2.6328389830508536,8.9762711864407,1.7272500000000264,1
2347,1402,172.29045000000002,1.1218344155846804,3.0000000000002496,0.3654500000000027,1
2347,2448,219.01500000000001,2.086678832116794,6.2883211678832325,-2.5595,1
2344,3034,323.775,1.1218344155846804,3.0000000000002496,1.25,1
2353,2474,439.357,2.980046948356806,13.515845070422579,-4.242999999999995,1
1326,2884,167.96144999999999,2.086678832116794,6.2883211678832325,0.661449999999995,1
1326,2376,177.586,2.086678832116794,6.2883211678832325,0.34600000000000364,1
1326,2409,174.346,2.6328389830508536,8.9762711864407,0.3960000000000008,1
1326,3532,653.4,2.980046948356806,13.515845070422579,4.5,1
2882,2379,570.0509999999999,2.086678832116794,6.2883211678832325,-4.792500000000018,1
2379,3044,819.512,2.980046948356806,13.515845070422579,2.6619999999999777,1
2890,6116,65.1099,2.086678832116794,6.2883211678832325,0.12189999999999657,1
1909,2492,498.079,2.086678832116794,6.2883211678832325,-6.786000000000001,1
2409,3019,145.3895,2.086678832116794,6.2883211678832325,0.3094999999999999,1
2915,2409,118.2405,2.086678832116794,6.2883211678832325,-0.4344999999999999,1
3532,3034,606.15,1.4751902346226717,3.9999999999997113,3.5,1
