stock1,stock2,trade_capital,open,loss,reward,open_num
1590,5871,759.4095,1.749999999999973,3.4999999999998117,3.059500000000014,1
2618,2867,90.57745,1.4751902346226717,3.9999999999997113,-0.2225499999999947,1
5264,1326,793.62,2.2499999999999822,7.500000000000021,-6.334299999999985,1
5871,1326,586.185,1.4751902346226717,3.9999999999997113,-2.920000000000016,1
5871,2383,383.2835,1.4751902346226717,3.9999999999997113,1.6834999999999951,1
2867,2383,171.5115,2.193017888055368,4.018753606462444,0.7614999999999981,1
1326,3019,286.2,2.086678832116794,6.2883211678832325,2.0,1
2880,2885,71.21940000000001,3.453852327447829,11.505617977528125,0.27939999999999543,1
2383,3019,467.55000000000007,1.4751902346226717,3.9999999999997113,1.0,1
