stock1,stock2,trade_capital,open,loss,reward,open_num
1536,9945,303.024,2.193017888055368,4.018753606462444,0.6239999999999952,1
1536,2867,178.10125,1.1218344155846804,3.0000000000002496,-1.5707500000000039,1
1536,2492,1265.87,2.193017888055368,4.018753606462444,6.8700000000000045,1
1102,5880,112.42705000000001,2.2499999999999822,7.500000000000021,0.2520500000000041,1
1102,2324,111.62675000000002,2.086678832116794,6.2883211678832325,0.35175000000000267,1
1102,3443,333.1095,1.1218344155846804,3.0000000000002496,-2.5575000000000045,1
1605,2356,37.373850000000004,2.086678832116794,6.2883211678832325,-0.3677500000000009,1
1605,2492,243.19350000000003,1.749999999999973,3.4999999999998117,1.2434999999999974,1
6239,2454,578.4445000000001,2.193017888055368,4.018753606462444,-3.3089999999999975,1
9945,2324,126.83100000000002,1.749999999999973,3.4999999999998117,0.10600000000000165,1
9945,2356,196.4785,3.453852327447829,11.505617977528125,-0.0315000000000083,1
2303,2356,118.677,2.193017888055368,4.018753606462444,0.05200000000000671,1
5880,2303,59.689600000000006,2.2499999999999822,7.500000000000021,0.26460000000000505,1
5880,2492,256.8425,2.2499999999999822,7.500000000000021,1.2175000000000011,1
2834,2356,59.96385000000001,2.086678832116794,6.2883211678832325,0.18384999999999962,1
2327,2344,389.12425,2.086678832116794,6.2883211678832325,0.274249999999995,1
2344,6456,162.9385,2.193017888055368,4.018753606462444,-1.0614999999999952,1
2337,2344,46.98015,2.6328389830508536,8.9762711864407,-0.05985000000000085,1
