stock1,stock2,trade_capital,open,loss,reward,open_num
1605,2439,776.8368,1.2162849872773496,7.4631043256997405,2.386800000000008,1
1301,2352,202.2865,2.6328389830508536,8.9762711864407,-0.3135000000000048,1
1326,2888,164.7185,3.453852327447829,11.505617977528125,-0.9314999999999998,1
3406,6505,1072.2735,2.086678832116794,6.2883211678832325,-0.2265000000000441,1
