stock1,stock2,trade_capital,open,loss,reward,open_num
2603,3406,416.34525,3.2499999999999982,5.500000000000034,3.045249999999996,1
1101,2883,87.84,2.086678832116794,6.2883211678832325,0.25,1
1301,1402,675.4300000000001,2.086678832116794,6.2883211678832325,1.0500000000000398,1
2337,2883,79.065,2.086678832116794,6.2883211678832325,0.29999999999999716,1
1326,3406,1299.9925,2.2499999999999822,7.500000000000021,3.6924999999999955,1
2360,3026,1497.9450000000002,4.000000000000004,12.500000000000034,10.845000000000027,1
2357,2360,1796.41,2.086678832116794,6.2883211678832325,3.910000000000082,1
2885,3532,181.961,2.980046948356806,13.515845070422579,0.6610000000000014,1
