stock1,stock2,trade_capital,open,loss,reward,open_num
6239,2884,159.12310000000002,2.086678832116794,6.2883211678832325,0.1980999999999966,1
2812,2492,207.41400000000002,2.6328389830508536,8.9762711864407,0.76400000000001,1
2313,2884,113.36080000000001,1.749999999999973,3.4999999999998117,0.3857999999999997,1
2324,2409,96.9084,1.749999999999973,3.4999999999998117,0.0583999999999989,1
2324,6116,56.549839999999996,2.6328389830508536,8.9762711864407,0.05983999999999412,1
2884,3406,288.9325,2.086678832116794,6.2883211678832325,-0.09250000000000114,1
2884,3443,291.425,1.749999999999973,3.4999999999998117,-1.5999999999999943,1
