stock1,stock2,trade_capital,open,loss,reward,open_num
1590,2344,402.81949999999995,2.086678832116794,6.2883211678832325,-2.455500000000029,1
1216,3026,550.4755,1.749999999999973,3.4999999999998117,1.9254999999999995,1
2812,2313,73.35,2.086678832116794,6.2883211678832325,0.25,1
2812,2353,75.49674999999999,1.4751902346226717,3.9999999999997113,0.09174999999999756,1
2812,2383,122.4,2.6328389830508536,8.9762711864407,0.3499999999999943,1
2327,2344,896.833,2.086678832116794,6.2883211678832325,-30.942000000000007,1
2344,2371,118.71000000000001,2.086678832116794,6.2883211678832325,0.5500000000000043,1
2344,3045,190.45850000000002,2.193017888055368,4.018753606462444,0.4334999999999951,1
2371,2888,91.17099999999999,1.749999999999973,3.4999999999998117,-0.4354499999999959,1
2371,2890,87.61234999999999,2.086678832116794,6.2883211678832325,-0.21265000000000356,1
2377,2890,152.866,2.6328389830508536,8.9762711864407,0.1910000000000025,1
2888,3044,139.8791,2.193017888055368,4.018753606462444,0.029100000000006787,1
2888,3045,139.38060000000002,2.086678832116794,6.2883211678832325,-0.919399999999996,1
2408,3044,222.53339999999997,2.6328389830508536,8.9762711864407,0.7534000000000134,1
