stock1,stock2,trade_capital,open,loss,reward,open_num
2603,6505,173.9765,2.086678832116794,6.2883211678832325,0.22649999999999437,1
2603,2439,168.879,2.6328389830508536,8.9762711864407,-1.4209999999999994,1
2603,3034,180.91000000000003,1.749999999999973,3.4999999999998117,-0.8899999999999864,1
1101,2439,253.6752,2.2499999999999822,7.500000000000021,-3.224800000000016,1
9904,2439,257.40000000000003,4.000000000000004,12.500000000000034,-1.75,1
9914,1314,180.70625,1.2162849872773496,7.4631043256997405,0.7062499999999972,1
9914,3034,775.1675,1.1218344155846804,3.0000000000002496,0.6675000000000182,1
9914,2027,314.55,2.086678832116794,6.2883211678832325,-3.2917500000000217,1
2308,1314,171.93200000000002,1.4751902346226717,3.9999999999997113,0.08200000000000074,1
2308,2867,177.525,2.086678832116794,6.2883211678832325,0.25,1
2317,2867,130.365,1.1218344155846804,3.0000000000002496,0.3500000000000085,1
1314,2344,46.173300000000005,2.980046948356806,13.515845070422579,0.19830000000001036,1
2347,2439,282.68925,2.086678832116794,6.2883211678832325,-2.6312500000000085,1
2867,2377,135.75300000000001,1.749999999999973,3.4999999999998117,0.44299999999999784,1
2867,1477,211.5,1.749999999999973,3.4999999999998117,-1.4527499999999947,1
2353,6505,453.38575000000003,2.6328389830508536,8.9762711864407,2.1357500000000016,1
2356,2439,189.2178,4.000000000000004,12.500000000000034,-1.732200000000006,1
2887,2027,65.25,2.6328389830508536,8.9762711864407,-0.6661500000000053,1
6505,1477,647.2515000000001,1.749999999999973,3.4999999999998117,-4.541499999999985,1
2412,1477,630.0,1.749999999999973,3.4999999999998117,3.0,1
2439,2454,434.7,2.6328389830508536,8.9762711864407,-2.5,1
