stock1,stock2,trade_capital,open,loss,reward,open_num
3231,2360,261.2335,2.6328389830508536,8.9762711864407,1.2835000000000036,1
9945,1301,459.969,2.6328389830508536,8.9762711864407,2.468999999999994,1
2303,1301,108.63,2.086678832116794,6.2883211678832325,0.5,1
2313,2330,364.5,2.980046948356806,13.515845070422579,-0.17500000000001137,1
1301,2382,242.2398,2.6328389830508536,8.9762711864407,0.9397999999999982,1
2330,2492,1340.5325,2.2499999999999822,7.500000000000021,5.132499999999936,1
2882,6505,357.14300000000003,2.6328389830508536,8.9762711864407,0.14300000000000068,1
2882,3443,489.15,2.6328389830508536,8.9762711864407,2.0,1
3406,3443,2795.892,1.749999999999973,3.4999999999998117,-21.807999999999993,1
