stock1,stock2,trade_capital,open,loss,reward,open_num
2618,2303,118.23474999999999,1.749999999999973,3.4999999999998117,0.019750000000001933,1
2618,2377,166.47125,1.749999999999973,3.4999999999998117,-0.4787500000000051,1
2618,2892,55.78215,2.980046948356806,13.515845070422579,0.032150000000001455,1
2610,1101,87.29025,2.086678832116794,6.2883211678832325,0.39024999999999466,1
2610,5871,148.49025,2.086678832116794,6.2883211678832325,0.3402499999999975,1
3702,2448,154.88395,4.752819548872187,15.016917293233117,-0.8660500000000226,1
1101,1314,91.17,2.6328389830508536,8.9762711864407,0.30000000000000426,1
2201,3231,125.7277,2.086678832116794,6.2883211678832325,0.47770000000000223,1
9904,1314,84.35374999999999,2.086678832116794,6.2883211678832325,0.1837500000000034,1
2231,1314,507.794,2.086678832116794,6.2883211678832325,-8.355999999999995,1
2812,2303,92.67625000000001,2.086678832116794,6.2883211678832325,0.2462499999999892,1
2812,6456,200.04625000000001,1.749999999999973,3.4999999999998117,1.0962499999999977,1
2812,2891,49.96275,1.749999999999973,3.4999999999998117,-0.14225000000000065,1
2812,2892,87.54625,1.749999999999973,3.4999999999998117,0.04625000000000057,1
2303,1314,91.75094999999999,2.6328389830508536,8.9762711864407,0.4109499999999926,1
2327,1314,606.497,2.086678832116794,6.2883211678832325,-2.65300000000002,1
2330,4904,531.5640000000001,3.453852327447829,11.505617977528125,-1.73599999999999,1
1314,6456,206.55,2.086678832116794,6.2883211678832325,0.75,1
1314,2881,102.96000000000001,2.086678832116794,6.2883211678832325,0.10000000000000142,1
1314,2882,110.19040000000001,2.086678832116794,6.2883211678832325,-0.25959999999999184,1
1314,2884,42.66015,2.6328389830508536,8.9762711864407,-0.10985000000000511,1
1314,2891,44.2055,2.980046948356806,13.515845070422579,0.1855000000000011,1
1314,2492,185.763,2.086678832116794,6.2883211678832325,0.6129999999999995,1
