stock1,stock2,trade_capital,open,loss,reward,open_num
2603,3532,208.8,2.086678832116794,6.2883211678832325,0.5,1
5871,3481,158.429,2.086678832116794,6.2883211678832325,0.42900000000000205,1
5871,3532,460.88699999999994,1.749999999999973,3.4999999999998117,-1.9310000000000116,1
1314,3045,307.35665,1.749999999999973,3.4999999999998117,-2.51534999999998,1
6456,3045,666.0,1.749999999999973,3.4999999999998117,-5.709499999999991,1
2412,3045,207.8185,2.6328389830508536,8.9762711864407,0.6684999999999945,1
3532,3045,644.2805,1.749999999999973,3.4999999999998117,-4.589500000000015,1
