stock1,stock2,trade_capital,open,loss,reward,open_num
2049,2888,349.44849999999997,1.749999999999973,3.4999999999998117,-0.8015000000000185,1
2308,3026,700.0325,2.6328389830508536,8.9762711864407,1.9325000000000045,1
2327,2377,1338.8274999999999,2.6328389830508536,8.9762711864407,6.827499999999986,1
2345,2888,156.21,1.749999999999973,3.4999999999998117,-0.5649999999999977,1
2371,2454,421.727,1.4751902346226717,3.9999999999997113,-3.345499999999987,1
2371,2492,568.29,1.2162849872773496,7.4631043256997405,-11.95999999999998,1
6456,2888,231.9275,1.749999999999973,3.4999999999998117,0.5775000000000006,1
6456,2454,986.4000000000001,2.086678832116794,6.2883211678832325,3.5,1
