stock1,stock2,trade_capital,open,loss,reward,open_num
3231,3532,266.1875,1.749999999999973,3.4999999999998117,-3.834750000000014,1
9904,2377,289.872,2.2499999999999822,7.500000000000021,1.3719999999999999,1
2308,2377,624.15,1.2162849872773496,7.4631043256997405,2.0,1
4904,2377,933.4911,1.2162849872773496,7.4631043256997405,-0.308900000000051,1
