stock1,stock2,trade_capital,open,loss,reward,open_num
1802,3406,355.11400000000003,2.6328389830508536,8.9762711864407,9.664000000000001,1
2371,4938,150.66000000000003,1.2162849872773496,7.4631043256997405,0.6999999999999886,1
1402,3481,64.3065,3.453852327447829,11.505617977528125,0.05650000000001043,1
