stock1,stock2,trade_capital,open,loss,reward,open_num
1536,1210,698.4275,0.7288428324698772,4.0090056748083995,5.232499999999959,1
1536,2303,187.695,1.749999999999973,3.4999999999998117,-1.3312500000000043,1
1536,2409,187.9685,2.980046948356806,13.515845070422579,0.3435000000000059,1
1536,2412,928.207,1.1218344155846804,3.0000000000002496,-5.793000000000006,1
1536,3008,3738.9975,0.5000000000002669,2.500000000000112,15.497499999999945,1
1536,1504,215.54649999999998,1.749999999999973,3.4999999999998117,0.8464999999999918,1
2633,3711,171.33159999999998,2.086678832116794,6.2883211678832325,0.5116000000000014,1
2633,1301,180.2673,1.749999999999973,3.4999999999998117,-1.1714999999999947,1
2633,2880,117.1475,2.980046948356806,13.515845070422579,0.047499999999992326,1
2633,3045,295.895,2.6328389830508536,8.9762711864407,0.6550000000000011,1
1102,2409,83.295,2.2499999999999822,7.500000000000021,0.05000000000000426,1
1102,1504,111.78,1.749999999999973,3.4999999999998117,0.3999999999999986,1
1210,2360,232.47680000000003,2.086678832116794,6.2883211678832325,1.3268000000000058,1
1210,2880,114.93324999999999,2.980046948356806,13.515845070422579,0.0882499999999915,1
1210,3443,353.48350000000005,1.1218344155846804,3.0000000000002496,1.2835000000000036,1
1210,3532,256.235,2.6328389830508536,8.9762711864407,-1.4650000000000034,1
2303,1477,198.45,1.1218344155846804,3.0000000000002496,0.75,1
1301,2412,284.6435,2.980046948356806,13.515845070422579,1.2834999999999894,1
1301,1477,609.2155,2.086678832116794,6.2883211678832325,3.515500000000003,1
2360,3481,164.4325,4.000000000000004,12.500000000000034,-1.9675000000000011,1
2360,3532,771.56,2.193017888055368,4.018753606462444,5.810000000000002,1
2884,2408,153.38175,2.086678832116794,6.2883211678832325,-1.3262500000000017,1
2379,1477,402.576,1.749999999999973,3.4999999999998117,1.725999999999999,1
3406,2409,276.203,1.749999999999973,3.4999999999998117,0.578000000000003,1
2409,2449,60.545100000000005,2.193017888055368,4.018753606462444,-0.3453000000000017,1
3008,1477,4166.4,0.5000000000002669,2.500000000000112,19.65000000000009,1
