stock1,stock2,trade_capital,open,loss,reward,open_num
2105,2377,335.24125,2.980046948356806,13.515845070422579,0.24124999999999375,1
2633,1102,165.8695,2.6328389830508536,8.9762711864407,-0.1355000000000075,1
3702,2345,247.7575,5.7367647058823605,13.470588235294136,-0.7224999999999824,1
3702,3481,90.2827,2.086678832116794,6.2883211678832325,0.0326999999999984,1
1102,9904,189.04500000000002,3.2499999999999982,5.500000000000034,0.8000000000000043,1
3231,5871,200.6145,2.6328389830508536,8.9762711864407,-0.5605000000000047,1
1229,5871,135.99450000000002,2.6328389830508536,8.9762711864407,-0.8105000000000047,1
1229,2377,657.1375,2.2499999999999822,7.500000000000021,3.417500000000018,1
9914,2356,270.18100000000004,3.453852327447829,11.505617977528125,0.8060000000000116,1
5871,2308,623.9475,2.980046948356806,13.515845070422579,-3.052500000000009,1
5871,2881,142.69819999999999,1.4751902346226717,3.9999999999997113,0.44819999999999993,1
2308,2382,346.95000000000005,1.4751902346226717,3.9999999999997113,1.5,1
2313,2379,292.6195,2.086678832116794,6.2883211678832325,0.36949999999998795,1
2845,2379,198.6795,2.6328389830508536,8.9762711864407,0.8044999999999902,1
2354,2492,626.6145,1.1218344155846804,3.0000000000002496,0.11450000000002092,1
2345,1326,228.313,3.2499999999999982,5.500000000000034,-1.6869999999999976,1
2345,2888,166.24975,1.749999999999973,3.4999999999998117,-1.0002500000000012,1
2377,2492,808.9675,2.086678832116794,6.2883211678832325,1.9175000000000182,1
2885,2377,182.451,2.086678832116794,6.2883211678832325,0.2009999999999934,1
2382,3406,605.25,2.086678832116794,6.2883211678832325,-6.5,1
2888,1504,126.07065,2.6328389830508536,8.9762711864407,0.02064999999998207,1
2912,3045,805.7674999999999,2.193017888055368,4.018753606462444,-0.4825000000000159,1
