stock1,stock2,trade_capital,open,loss,reward,open_num
2603,2002,90.00255,1.1218344155846804,3.0000000000002496,-0.49144999999999683,1
2049,2327,2312.3325,0.7288428324698772,4.0090056748083995,-23.667500000000018,1
2354,2356,151.19504999999998,3.693027210884357,6.0739795918367605,-0.6049500000000165,1
2412,2002,141.93,2.6328389830508536,8.9762711864407,0.5999999999999943,1
