stock1,stock2,trade_capital,open,loss,reward,open_num
1605,2492,310.70825,1.4751902346226717,3.9999999999997113,0.7082500000000067,1
2618,6285,140.82530000000003,2.6328389830508536,8.9762711864407,0.62530000000001,1
2618,9910,246.77875,2.980046948356806,13.515845070422579,-0.4712499999999977,1
2618,2303,121.45500000000001,2.086678832116794,6.2883211678832325,-0.25,1
2603,2834,98.07679999999999,1.749999999999973,3.4999999999998117,0.30179999999999296,1
1101,2834,89.50225,1.749999999999973,3.4999999999998117,-0.0627500000000012,1
1101,6456,316.206,1.1218344155846804,3.0000000000002496,-1.593999999999994,1
1101,1909,96.9912,2.086678832116794,6.2883211678832325,0.08119999999998129,1
6285,2834,123.50030000000001,1.749999999999973,3.4999999999998117,0.22530000000000427,1
6285,2885,143.3744,2.086678832116794,6.2883211678832325,0.22440000000000282,1
5264,1301,389.4282,1.1218344155846804,3.0000000000002496,0.428200000000011,1
9910,2885,249.5205,2.193017888055368,4.018753606462444,0.2704999999999984,1
2301,3443,452.4375,4.151949541284411,10.021788990825703,-1.9490000000000123,1
2301,2439,322.8375,3.693027210884357,6.0739795918367605,-1.516999999999996,1
1301,2885,180.5625,2.086678832116794,6.2883211678832325,0.4124999999999943,1
1314,2354,126.405,2.086678832116794,6.2883211678832325,0.3499999999999943,1
1314,6456,179.325,2.980046948356806,13.515845070422579,-0.25,1
1314,2376,105.61500000000001,2.980046948356806,13.515845070422579,0.14999999999999858,1
1314,4938,124.73179999999999,1.1218344155846804,3.0000000000002496,0.3067999999999955,1
1314,2439,195.97500000000002,2.980046948356806,13.515845070422579,1.5,1
6456,1909,228.1775,2.6328389830508536,8.9762711864407,0.602499999999992,1
6456,1504,227.00400000000002,1.4751902346226717,3.9999999999997113,0.3540000000000134,1
2885,2377,154.2105,1.749999999999973,3.4999999999998117,0.2704999999999984,1
2885,1909,95.53049999999999,2.086678832116794,6.2883211678832325,0.22050000000000125,1
2439,1477,973.844,2.6328389830508536,8.9762711864407,5.593999999999994,1
2439,3044,310.84400000000005,1.749999999999973,3.4999999999998117,0.8440000000000225,1
