stock1,stock2,trade_capital,open,loss,reward,open_num
2618,2352,114.1565,2.086678832116794,6.2883211678832325,-0.09350000000000058,1
2618,2360,203.378,2.086678832116794,6.2883211678832325,0.5280000000000058,1
2618,3034,256.97675,1.1218344155846804,3.0000000000002496,-1.7732500000000133,1
2603,2371,88.65,3.2499999999999982,5.500000000000034,0.14999999999999858,1
2603,2498,73.8441,1.749999999999973,3.4999999999998117,-0.08090000000000686,1
2603,3045,175.3525,2.086678832116794,6.2883211678832325,-0.5725000000000051,1
2633,2382,167.74525,1.749999999999973,3.4999999999998117,-0.2047500000000042,1
6239,2887,157.67555,2.086678832116794,6.2883211678832325,-0.0744499999999988,1
1722,2353,100.697,4.000000000000004,12.500000000000034,-0.0030000000000001137,1
1722,4938,264.15515,5.7367647058823605,13.470588235294136,0.35514999999999475,1
2303,2360,206.6165,1.4751902346226717,3.9999999999997113,0.3164999999999907,1
1314,2352,112.05075,2.086678832116794,6.2883211678832325,-0.04925000000000068,1
2330,2887,281.39375,1.749999999999973,3.4999999999998117,0.04375000000000284,1
2345,2353,212.041,1.4751902346226717,3.9999999999997113,-1.4197499999999934,1
2345,2439,247.591,1.749999999999973,3.4999999999998117,1.1910000000000025,1
2352,2360,243.01875,2.193017888055368,4.018753606462444,-0.48124999999998863,1
2352,6456,265.45124999999996,2.086678832116794,6.2883211678832325,-0.048750000000012506,1
2352,3045,196.45,2.086678832116794,6.2883211678832325,0.7000000000000028,1
4915,2439,658.1915,2.086678832116794,6.2883211678832325,1.3915000000000077,1
2887,6505,171.39300000000003,2.086678832116794,6.2883211678832325,0.043000000000006366,1
2891,2498,136.73160000000001,2.980046948356806,13.515845070422579,-0.14840000000001652,1
2454,3034,622.752,2.6328389830508536,8.9762711864407,0.4019999999999868,1
