stock1,stock2,trade_capital,open,loss,reward,open_num
2618,2385,142.95350000000002,2.980046948356806,13.515845070422579,-0.7764999999999986,1
2105,1303,462.05075,6.071428571428564,16.47435897435901,0.9807500000000289,1
9904,2882,220.03789999999998,3.693027210884357,6.0739795918367605,-1.012100000000018,1
2330,1477,915.7445,1.1218344155846804,3.0000000000002496,-2.2555000000000405,1
2360,3034,289.97950000000003,2.2499999999999822,7.500000000000021,1.4795000000000016,1
2890,3034,176.957,2.086678832116794,6.2883211678832325,-0.14300000000000068,1
2498,2002,110.8839,2.6328389830508536,8.9762711864407,0.09389999999999077,1
2474,2498,666.4155000000001,2.980046948356806,13.515845070422579,-8.079000000000008,1
