stock1,stock2,trade_capital,open,loss,reward,open_num
2603,2823,71.8702,2.6328389830508536,8.9762711864407,0.15520000000001488,1
2603,2344,75.7585,2.6328389830508536,8.9762711864407,0.29350000000001586,1
5264,2439,272.61400000000003,1.749999999999973,3.4999999999998117,-1.95799999999997,1
3702,2412,260.0694,3.2499999999999982,5.500000000000034,-1.415100000000038,1
3231,3008,3838.20075,1.749999999999973,3.4999999999998117,8.950749999999942,1
2231,3045,927.7085,2.6328389830508536,8.9762711864407,-1.291499999999985,1
1229,2492,393.815,1.749999999999973,3.4999999999998117,-3.6850000000000023,1
9933,2492,433.618,2.6328389830508536,8.9762711864407,-2.617999999999995,1
5871,2492,957.1199999999999,2.6328389830508536,8.9762711864407,-14.380000000000052,1
5871,3045,426.95099999999996,2.980046948356806,13.515845070422579,1.0009999999999764,1
2303,3034,174.0068,1.4751902346226717,3.9999999999997113,0.5067999999999984,1
2823,3034,204.46515,2.193017888055368,4.018753606462444,0.5151499999999771,1
2317,2492,612.158,1.749999999999973,3.4999999999998117,-3.8419999999999845,1
2344,2492,302.091,2.086678832116794,6.2883211678832325,-11.408999999999992,1
2344,2498,147.00765,1.1218344155846804,3.0000000000002496,0.10765000000000668,1
2345,2408,402.82390000000004,1.749999999999973,3.4999999999998117,1.3639000000000294,1
2882,2376,120.4376,1.749999999999973,3.4999999999998117,0.8376000000000019,1
2360,1402,277.52925000000005,2.193017888055368,4.018753606462444,-1.3797500000000014,1
2379,2492,777.66,1.4751902346226717,3.9999999999997113,-9.34000000000006,1
2379,3019,674.969,1.749999999999973,3.4999999999998117,0.9689999999999941,1
2888,2498,119.3409,1.4751902346226717,3.9999999999997113,0.34090000000000487,1
2376,2383,133.2966,1.1218344155846804,3.0000000000002496,0.8965999999999923,1
2492,2002,318.433,2.193017888055368,4.018753606462444,-3.241500000000002,1
2492,3034,577.2629999999999,1.1218344155846804,3.0000000000002496,-5.237000000000023,1
2492,1504,333.24725,2.980046948356806,13.515845070422579,-12.002749999999992,1
