stock1,stock2,trade_capital,open,loss,reward,open_num
1536,2308,239.77100000000002,2.086678832116794,6.2883211678832325,-1.429000000000002,1
3231,2344,39.05315,3.453852327447829,11.505617977528125,0.09314999999999785,1
3231,2885,81.5958,2.2499999999999822,7.500000000000021,0.12580000000000524,1
2303,6116,94.85640000000001,1.749999999999973,3.4999999999998117,0.10940000000000083,1
2324,2344,113.01625000000001,2.086678832116794,6.2883211678832325,-0.3387499999999939,1
2324,2354,161.03125,1.749999999999973,3.4999999999998117,-0.08874999999999034,1
2353,2887,89.92439999999999,3.453852327447829,11.505617977528125,-0.12560000000000215,1
2353,3406,556.11975,6.408839779005503,10.95488029465933,9.619749999999996,1
1326,2884,175.478,2.193017888055368,4.018753606462444,0.44299999999999073,1
2882,2887,117.9401,2.2499999999999822,7.500000000000021,0.19009999999999394,1
2883,6116,30.812200000000004,1.749999999999973,3.4999999999998117,0.2222000000000044,1
2884,2887,128.05964999999998,3.2499999999999982,5.500000000000034,-0.040350000000010766,1
