stock1,stock2,trade_capital,open,loss,reward,open_num
3706,2409,79.45045,1.749999999999973,3.4999999999998117,0.22545000000000215,1
2327,2337,381.08075,3.453852327447829,11.505617977528125,-2.5192499999999995,1
