stock1,stock2,trade_capital,open,loss,reward,open_num
2610,2376,112.815,1.4751902346226717,3.9999999999997113,-0.8246999999999929,1
1605,5880,32.654,3.2499999999999982,5.500000000000034,-0.05099999999999838,1
9914,3443,1007.4685,1.4751902346226717,3.9999999999997113,0.4685000000000059,1
5880,2823,111.565,2.086678832116794,6.2883211678832325,-0.30499999999999616,1
2834,2409,79.60555000000002,2.2499999999999822,7.500000000000021,0.12055000000000149,1
2327,2356,482.55425,2.6328389830508536,8.9762711864407,0.9042500000000047,1
2883,2408,135.4923,2.086678832116794,6.2883211678832325,-0.057699999999996976,1
2883,3481,33.9977,2.086678832116794,6.2883211678832325,-0.0022999999999981924,1
2883,2492,136.3125,2.086678832116794,6.2883211678832325,0.09250000000000114,1
