stock1,stock2,trade_capital,open,loss,reward,open_num
2618,1216,143.5738,1.749999999999973,3.4999999999998117,-0.7527000000000044,1
2618,2379,205.98600000000002,1.749999999999973,3.4999999999998117,1.3360000000000127,1
2618,4958,144.9696,1.749999999999973,3.4999999999998117,0.4195999999999884,1
1605,1301,145.4555,2.086678832116794,6.2883211678832325,-0.7345000000000041,1
3711,1909,228.04089999999997,2.086678832116794,6.2883211678832325,-1.5190999999999946,1
1722,1326,343.71575,1.4751902346226717,3.9999999999997113,0.2157500000000141,1
9914,1229,761.092,1.1218344155846804,3.0000000000002496,4.792000000000002,1
9914,2371,753.3675000000001,1.1218344155846804,3.0000000000002496,-5.284199999999977,1
9914,1909,414.9806,1.1218344155846804,3.0000000000002496,2.1805999999999983,1
9945,2002,132.3155,2.980046948356806,13.515845070422579,0.45050000000001944,1
1229,5871,355.166,2.086678832116794,6.2883211678832325,1.6409999999999911,1
1229,2324,127.36675,1.4751902346226717,3.9999999999997113,-0.0832499999999996,1
5871,1326,733.391,2.6328389830508536,8.9762711864407,3.890999999999991,1
5871,1909,256.256,1.749999999999973,3.4999999999998117,1.091000000000001,1
1301,1909,498.80150000000003,2.086678832116794,6.2883211678832325,-0.048500000000004206,1
2344,2356,94.0452,2.980046948356806,13.515845070422579,0.20519999999999072,1
2867,4958,147.19400000000002,2.6328389830508536,8.9762711864407,0.9190000000000111,1
2867,2002,82.07290000000002,2.086678832116794,6.2883211678832325,-0.047100000000000364,1
1314,4958,135.7702,1.1218344155846804,3.0000000000002496,-0.8277999999999963,1
6456,2882,373.712,3.453852327447829,11.505617977528125,3.562000000000012,1
6456,4958,773.2055,2.086678832116794,6.2883211678832325,-12.422500000000014,1
2371,2891,134.73125000000002,2.086678832116794,6.2883211678832325,-1.1687499999999957,1
2371,4958,495.957,1.1218344155846804,3.0000000000002496,-4.928800000000024,1
2371,2439,183.515,1.749999999999973,3.4999999999998117,0.6349999999999945,1
2887,1909,88.10849999999999,1.749999999999973,3.4999999999998117,0.0884999999999998,1
4938,3026,424.0715,2.086678832116794,6.2883211678832325,1.5215000000000032,1
2385,3034,446.135,1.4751902346226717,3.9999999999997113,1.5349999999999966,1
2891,2915,156.24125,2.193017888055368,4.018753606462444,-1.135249999999992,1
2395,3026,1268.028,1.4751902346226717,3.9999999999997113,4.02800000000002,1
1909,3034,790.5849999999999,1.4751902346226717,3.9999999999997113,-9.475000000000044,1
