stock1,stock2,trade_capital,open,loss,reward,open_num
2615,2103,197.51425,2.6328389830508536,8.9762711864407,0.3542500000000146,1
2615,2618,46.4894,2.086678832116794,6.2883211678832325,0.15940000000000154,1
2615,2313,143.10000000000002,2.193017888055368,4.018753606462444,-1.1250500000000017,1
2615,2015,94.2846,4.000000000000004,12.500000000000034,-3.394600000000004,1
2610,1590,527.625,1.2162849872773496,7.4631043256997405,-0.5,1
2610,2412,159.79649999999998,2.6328389830508536,8.9762711864407,0.42149999999999466,1
6269,9945,173.245,2.6328389830508536,8.9762711864407,0.6550000000000011,1
