stock1,stock2,trade_capital,open,loss,reward,open_num
2049,1504,525.4847500000001,2.086678832116794,6.2883211678832325,-2.615250000000003,1
2308,3044,302.459,2.2499999999999822,7.500000000000021,1.718999999999994,1
2347,2883,100.23675,1.1218344155846804,3.0000000000002496,0.37675000000000125,1
4904,2379,651.2225000000001,1.4751902346226717,3.9999999999997113,3.1525000000000603,1
4904,2890,124.64725,1.4751902346226717,3.9999999999997113,-0.012750000000011141,1
2379,1909,263.52549999999997,1.749999999999973,3.4999999999998117,0.40049999999999386,1
2890,3406,459.08725,2.086678832116794,6.2883211678832325,1.0872499999999974,1
2890,3443,297.08725,2.086678832116794,6.2883211678832325,1.5872499999999974,1
2890,3532,191.33724999999998,2.086678832116794,6.2883211678832325,0.5872499999999974,1
