stock1,stock2,trade_capital,open,loss,reward,open_num
6285,2439,325.1709,1.4751902346226717,3.9999999999997113,-1.0290999999999997,1
9904,3406,505.30175,3.2499999999999982,5.500000000000034,-4.6162499999999795,1
1216,2439,697.25,1.1218344155846804,3.0000000000002496,-5.550000000000011,1
2801,2412,184.89425,1.749999999999973,3.4999999999998117,0.49424999999999386,1
1303,2439,196.75730000000001,1.1218344155846804,3.0000000000002496,-1.2426999999999992,1
1303,3019,594.2146,1.1218344155846804,3.0000000000002496,-6.4853999999999985,1
2344,2882,129.49190000000002,1.1218344155846804,3.0000000000002496,-0.7080999999999946,1
2344,2439,206.11,2.086678832116794,6.2883211678832325,1.1100000000000136,1
2352,2887,90.59049999999999,2.086678832116794,6.2883211678832325,0.08549999999999969,1
2867,2449,102.35865,1.749999999999973,3.4999999999998117,0.20865000000000222,1
2354,2439,262.7102,1.2162849872773496,7.4631043256997405,0.4602000000000146,1
2347,2439,288.4328,1.749999999999973,3.4999999999998117,-1.905699999999996,1
2882,3406,586.308,2.6328389830508536,8.9762711864407,-7.291999999999973,1
3406,1477,744.8445,1.749999999999973,3.4999999999998117,-5.832499999999982,1
