stock1,stock2,trade_capital,open,loss,reward,open_num
2812,2888,39.603699999999996,1.749999999999973,3.4999999999998117,0.1637000000000004,1
