stock1,stock2,trade_capital,open,loss,reward,open_num
2633,5871,622.5268,2.086678832116794,6.2883211678832325,-9.373200000000026,1
1722,1301,666.4024999999999,2.980046948356806,13.515845070422579,4.092499999999973,1
5871,4904,418.641,2.086678832116794,6.2883211678832325,-3.6257000000000517,1
1802,2002,132.894,4.000000000000004,12.500000000000034,-1.1509999999999998,1
1301,1303,704.7425,3.453852327447829,11.505617977528125,9.742499999999978,1
1301,1326,547.774,3.693027210884357,6.0739795918367605,-3.683000000000021,1
