stock1,stock2,trade_capital,open,loss,reward,open_num
1605,2408,223.77665000000002,3.2499999999999982,5.500000000000034,0.22665000000000646,1
2801,2377,212.8595,2.6328389830508536,8.9762711864407,-0.14050000000000296,1
1326,2377,631.35,2.980046948356806,13.515845070422579,2.5,1
2888,3019,140.445,2.193017888055368,4.018753606462444,0.4000000000000057,1
2379,2474,1619.724,3.2499999999999982,5.500000000000034,-9.038500000000113,1
2892,3443,357.28725,2.6328389830508536,8.9762711864407,2.937250000000006,1
3443,2448,440.55,1.4751902346226717,3.9999999999997113,-1.0,1
1476,3034,1034.4299999999998,2.2499999999999822,7.500000000000021,4.92999999999995,1
