stock1,stock2,trade_capital,open,loss,reward,open_num
6176,1326,504.08320000000003,2.086678832116794,6.2883211678832325,-1.0167999999999893,1
2603,2888,71.457,2.086678832116794,6.2883211678832325,0.3470000000000013,1
2610,2888,39.553200000000004,1.749999999999973,3.4999999999998117,0.2082000000000015,1
5880,6505,190.433,2.193017888055368,4.018753606462444,-1.1045000000000016,1
5880,1434,181.2699,3.453852327447829,11.505617977528125,-0.6051000000000073,1
2303,2439,439.56640000000004,0.7288428324698772,4.0090056748083995,4.016399999999999,1
2344,1326,120.68685,2.086678832116794,6.2883211678832325,0.236850000000004,1
2354,2439,592.2900000000001,1.1218344155846804,3.0000000000002496,3.6999999999999886,1
1326,1434,527.5127,2.6328389830508536,8.9762711864407,-0.33729999999999905,1
2888,6505,152.997,2.2499999999999822,7.500000000000021,0.3470000000000013,1
