stock1,stock2,trade_capital,open,loss,reward,open_num
2618,2382,137.1553,2.086678832116794,6.2883211678832325,-0.0946999999999889,1
2618,2395,310.0095,2.086678832116794,6.2883211678832325,0.03450000000000841,1
1605,2812,66.8705,1.749999999999973,3.4999999999998117,-0.45449999999999946,1
1101,1102,225.89980000000003,4.8633603238866225,7.977058029689605,-0.7201999999999913,1
6269,1802,342.8243,1.1218344155846804,3.0000000000002496,-1.625700000000002,1
1216,2812,112.4555,1.749999999999973,3.4999999999998117,0.24549999999999272,1
1216,1326,429.539,2.2499999999999822,7.500000000000021,1.0889999999999986,1
2809,1326,549.577,2.086678832116794,6.2883211678832325,0.6920000000000073,1
2812,1802,64.935,2.6328389830508536,8.9762711864407,-0.4499999999999993,1
2360,2371,285.89200000000005,1.749999999999973,3.4999999999998117,1.092000000000013,1
2395,2439,1377.854,2.6328389830508536,8.9762711864407,2.853999999999985,1
