stock1,stock2,trade_capital,open,loss,reward,open_num
2618,2002,36.4712,2.980046948356806,13.515845070422579,0.15619999999999834,1
1605,2356,110.025,1.749999999999973,3.4999999999998117,0.6499999999999986,1
9910,2912,1954.9875,2.6328389830508536,8.9762711864407,3.2374999999999545,1
3231,2344,75.42304999999999,2.086678832116794,6.2883211678832325,-0.026949999999999363,1
3231,2352,119.694,2.086678832116794,6.2883211678832325,-0.4059999999999988,1
1229,2834,80.595,1.749999999999973,3.4999999999998117,-0.25,1
2834,2344,61.650000000000006,1.749999999999973,3.4999999999998117,0.3000000000000007,1
2834,2385,110.04650000000001,2.086678832116794,6.2883211678832325,0.08650000000000091,1
2330,1477,1214.92,2.086678832116794,6.2883211678832325,2.7200000000000273,1
2337,1909,115.11,1.4751902346226717,3.9999999999997113,0.5,1
2344,2382,157.005,2.086678832116794,6.2883211678832325,-0.04999999999999716,1
2344,3008,3734.2855,4.752819548872187,15.016917293233117,30.5355,1
1326,1402,246.7615,2.980046948356806,13.515845070422579,0.9414999999999765,1
2352,3443,349.65000000000003,1.4751902346226717,3.9999999999997113,1.5,1
2382,1477,503.55,3.453852327447829,11.505617977528125,3.0,1
2382,2542,131.4,2.2499999999999822,7.500000000000021,0.5,1
1434,2002,141.615,2.086678832116794,6.2883211678832325,0.6000000000000014,1
2002,3026,258.884,2.6328389830508536,8.9762711864407,0.8840000000000003,1
