stock1,stock2,trade_capital,open,loss,reward,open_num
2606,2327,1141.6399999999999,2.193017888055368,4.018753606462444,-13.733000000000004,1
1590,2357,1834.48,3.693027210884357,6.0739795918367605,-7.519999999999925,1
2633,1326,219.49825,2.086678832116794,6.2883211678832325,-0.10174999999999557,1
2633,2884,174.54325,2.086678832116794,6.2883211678832325,0.14825000000000443,1
2633,2409,132.3187,2.086678832116794,6.2883211678832325,0.7187000000000019,1
2633,3481,76.81559999999999,2.6328389830508536,8.9762711864407,-0.7944999999999922,1
9910,3019,572.1536,1.1218344155846804,3.0000000000002496,-4.538399999999996,1
9921,2327,1538.078,1.749999999999973,3.4999999999998117,-40.81200000000001,1
9921,2377,673.679,2.086678832116794,6.2883211678832325,2.679000000000002,1
9921,2382,646.5545,2.086678832116794,6.2883211678832325,-0.4455000000000382,1
2823,1326,262.41775,2.6328389830508536,8.9762711864407,0.7677500000000066,1
2303,3443,355.23,2.6328389830508536,8.9762711864407,4.730000000000004,1
2303,3019,179.34924999999998,2.086678832116794,6.2883211678832325,0.8292500000000018,1
1301,1326,730.1325,1.1218344155846804,3.0000000000002496,-4.467499999999973,1
2327,3045,1477.301,1.749999999999973,3.4999999999998117,-31.606499999999983,1
2884,2408,129.1667,1.749999999999973,3.4999999999998117,-0.8014000000000081,1
2888,1909,84.13374999999999,2.193017888055368,4.018753606462444,-0.4262500000000031,1
2890,6505,171.0855,1.4751902346226717,3.9999999999997113,-0.11450000000000671,1
2890,2451,136.68900000000002,2.086678832116794,6.2883211678832325,-0.36099999999999,1
2377,3532,326.8905,2.2499999999999822,7.500000000000021,-1.9095000000000084,1
4958,3034,445.677,2.086678832116794,6.2883211678832325,1.5769999999999982,1
6505,3481,166.97525000000002,3.453852327447829,11.505617977528125,-0.9247500000000031,1
