stock1,stock2,trade_capital,open,loss,reward,open_num
2610,2823,66.81,1.749999999999973,3.4999999999998117,0.2100000000000044,1
2610,2324,67.47975,2.193017888055368,4.018753606462444,0.34474999999999767,1
2610,4904,119.7036,2.193017888055368,4.018753606462444,0.22860000000000014,1
2610,1326,148.34475,1.4751902346226717,3.9999999999997113,0.5947499999999977,1
2610,2492,201.89475000000002,2.086678832116794,6.2883211678832325,-0.15525000000000233,1
2610,2002,52.96185,2.193017888055368,4.018753606462444,0.15684999999999505,1
2308,2379,239.472,2.6328389830508536,8.9762711864407,0.6219999999999999,1
1301,2344,160.44075,3.2499999999999982,5.500000000000034,0.7907500000000027,1
2884,2492,245.475,2.6328389830508536,8.9762711864407,-0.5,1
