stock1,stock2,trade_capital,open,loss,reward,open_num
2618,6505,179.775,2.2499999999999822,7.500000000000021,0.75,1
6456,2890,227.28875000000002,2.086678832116794,6.2883211678832325,0.08874999999999744,1
6456,2439,768.886,2.086678832116794,6.2883211678832325,1.8360000000000127,1
6456,2448,337.95000000000005,2.086678832116794,6.2883211678832325,-1.25,1
2883,3034,194.415,2.086678832116794,6.2883211678832325,0.16499999999999915,1
6505,3443,821.72,1.749999999999973,3.4999999999998117,-4.647499999999923,1
2448,1434,194.715,2.086678832116794,6.2883211678832325,0.04999999999999716,1
