stock1,stock2,trade_capital,open,loss,reward,open_num
1536,1590,745.6500000000001,1.4751902346226717,3.9999999999997113,-6.971999999999923,1
1536,2201,216.22500000000002,2.980046948356806,13.515845070422579,0.25,1
1536,2313,207.18,1.749999999999973,3.4999999999998117,-1.488199999999992,1
1536,2845,168.075,2.2499999999999822,7.500000000000021,-0.75,1
1536,2337,234.675,2.193017888055368,4.018753606462444,-1.529999999999987,1
1536,2371,559.24775,1.749999999999973,3.4999999999998117,-3.2947499999999934,1
1605,2376,145.3475,1.749999999999973,3.4999999999998117,0.1424999999999912,1
2201,3481,50.2902,2.2499999999999822,7.500000000000021,0.13519999999999044,1
2801,3034,244.01574999999997,1.749999999999973,3.4999999999998117,0.015749999999982833,1
2303,3406,365.26075000000003,2.193017888055368,4.018753606462444,2.0107500000000016,1
2313,2834,73.45224999999999,2.193017888055368,4.018753606462444,0.1772500000000008,1
2313,3481,75.50375,2.2499999999999822,7.500000000000021,0.33874999999999744,1
2834,2882,101.8169,2.086678832116794,6.2883211678832325,0.44190000000000396,1
2834,2884,109.88999999999999,2.6328389830508536,8.9762711864407,0.4000000000000057,1
2834,2892,51.72555000000001,3.453852327447829,11.505617977528125,-0.19944999999998814,1
2834,3532,201.3175,1.4751902346226717,3.9999999999997113,1.0424999999999898,1
2327,3532,710.85,0.7288428324698772,4.0090056748083995,4.600000000000023,1
1301,3026,717.84,1.749999999999973,3.4999999999998117,1.3400000000000034,1
1301,3034,582.3,2.6328389830508536,8.9762711864407,4.0,1
2845,2439,186.958,1.4751902346226717,3.9999999999997113,-0.1670000000000016,1
2344,3532,216.7455,0.7288428324698772,4.0090056748083995,0.5455000000000041,1
2880,3034,233.0735,1.749999999999973,3.4999999999998117,0.29849999999999,1
2883,3034,201.12349999999998,1.749999999999973,3.4999999999998117,0.79849999999999,1
3406,2915,589.1424999999999,1.749999999999973,3.4999999999998117,-2.8660000000000423,1
1909,3481,61.816,2.980046948356806,13.515845070422579,0.3210000000000015,1
2456,3532,408.58400000000006,1.749999999999973,3.4999999999998117,-3.1074000000000694,1
2456,3034,876.7455,0.7288428324698772,4.0090056748083995,2.645500000000027,1
2492,3026,461.34000000000003,2.6328389830508536,8.9762711864407,-5.949000000000012,1
