stock1,stock2,trade_capital,open,loss,reward,open_num
2610,1314,62.8113,2.086678832116794,6.2883211678832325,-0.33869999999999933,1
1605,2360,246.793,1.749999999999973,3.4999999999998117,-2.507000000000005,1
1102,2890,69.88499999999999,1.4751902346226717,3.9999999999997113,0.25,1
6269,2382,362.70000000000005,2.086678832116794,6.2883211678832325,0.5,1
9904,2330,390.15,4.752819548872187,15.016917293233117,-2.25,1
9904,2376,236.20780000000002,4.752819548872187,15.016917293233117,-0.7172000000000054,1
2317,3044,595.2090000000001,0.7288428324698772,4.0090056748083995,3.3090000000000117,1
6414,3044,924.75,1.4751902346226717,3.9999999999997113,4.5,1
1326,2890,145.04925,1.4751902346226717,3.9999999999997113,-0.40075000000000216,1
2886,3481,81.0,1.1218344155846804,3.0000000000002496,0.3000000000000007,1
2439,3019,534.114,1.4751902346226717,3.9999999999997113,2.01400000000001,1
