stock1,stock2,trade_capital,open,loss,reward,open_num
1536,1101,263.904,1.749999999999973,3.4999999999998117,-1.4381999999999948,1
1536,1102,209.7275,2.193017888055368,4.018753606462444,-1.4553500000000241,1
1536,3673,258.504,2.086678832116794,6.2883211678832325,-1.695999999999998,1
1536,2360,824.7625,1.4751902346226717,3.9999999999997113,-15.487499999999955,1
1536,4958,638.892,2.086678832116794,6.2883211678832325,-9.887999999999977,1
6176,9904,325.75924999999995,2.6328389830508536,8.9762711864407,0.3292500000000018,1
1605,4958,146.9905,3.693027210884357,6.0739795918367605,0.5904999999999916,1
1101,1301,235.84949999999998,2.086678832116794,6.2883211678832325,0.18949999999999534,1
3673,2345,423.8805,2.6328389830508536,8.9762711864407,1.680499999999995,1
3702,1802,120.97409999999999,2.2499999999999822,7.500000000000021,0.37410000000000565,1
9904,2344,260.10075,1.749999999999973,3.4999999999998117,0.23074999999998624,1
1802,2345,182.18200000000002,1.749999999999973,3.4999999999998117,1.1820000000000022,1
1802,2409,99.738,2.6328389830508536,8.9762711864407,0.1880000000000095,1
1301,3034,776.552,2.6328389830508536,8.9762711864407,1.2520000000000095,1
1314,1909,92.556,1.2162849872773496,7.4631043256997405,-0.43900000000000006,1
2344,2439,250.6625,2.6328389830508536,8.9762711864407,0.5124999999999886,1
2344,3034,539.6722500000001,1.2162849872773496,7.4631043256997405,1.8222499999999968,1
2345,2409,166.207,1.749999999999973,3.4999999999998117,0.18200000000000216,1
2345,2492,421.446,1.2162849872773496,7.4631043256997405,-1.4540000000000077,1
2360,2882,419.601,1.749999999999973,3.4999999999998117,-2.3334999999999866,1
2360,2887,235.28625,2.086678832116794,6.2883211678832325,-0.9637500000000045,1
2882,2883,99.02475000000001,2.980046948356806,13.515845070422579,0.19474999999999199,1
2883,4958,112.79475,2.086678832116794,6.2883211678832325,0.04475000000000051,1
2884,2492,203.2255,2.193017888055368,4.018753606462444,2.150499999999994,1
4958,3034,569.9490000000001,4.000000000000004,12.500000000000034,0.19900000000001228,1
