stock1,stock2,trade_capital,open,loss,reward,open_num
6269,2353,225.0155,2.6328389830508536,8.9762711864407,0.9154999999999944,1
6269,3034,1063.4275,2.086678832116794,6.2883211678832325,5.327499999999986,1
6269,2027,413.131,3.693027210884357,6.0739795918367605,1.8309999999999889,1
1216,2303,146.34,2.6328389830508536,8.9762711864407,0.6000000000000085,1
1216,2345,164.1454,2.6328389830508536,8.9762711864407,0.10540000000001726,1
2308,2377,639.077,2.193017888055368,4.018753606462444,0.5769999999999982,1
2308,3026,723.822,2.086678832116794,6.2883211678832325,-5.177999999999969,1
2303,2347,124.81545000000001,1.749999999999973,3.4999999999998117,0.3654500000000027,1
2834,2345,143.70569999999998,1.749999999999973,3.4999999999998117,-0.04430000000000689,1
2834,2347,95.9114,1.749999999999973,3.4999999999998117,-0.23859999999999815,1
2834,2353,68.94,1.749999999999973,3.4999999999998117,-0.20000000000000284,1
2885,2377,163.13400000000001,1.749999999999973,3.4999999999998117,-1.0204999999999984,1
2885,3026,242.334,1.749999999999973,3.4999999999998117,-1.215999999999994,1
2377,3034,481.89549999999997,1.4751902346226717,3.9999999999997113,3.1954999999999956,1
6505,3044,694.6044,1.749999999999973,3.4999999999998117,-4.823599999999885,1
2439,2474,839.563,1.749999999999973,3.4999999999998117,1.8629999999999995,1
2439,3034,1320.4360000000001,2.086678832116794,6.2883211678832325,4.4360000000000355,1
3026,3034,825.6815,1.1218344155846804,3.0000000000002496,2.9314999999999998,1
