stock1,stock2,trade_capital,open,loss,reward,open_num
2498,3406,377.0085,2.6328389830508536,8.9762711864407,0.38349999999999795,1
