stock1,stock2,trade_capital,open,loss,reward,open_num
2492,5871,595.8,1.749999999999973,3.4999999999998117,0.5,1
3406,5871,831.6,2.086678832116794,6.2883211678832325,3.0,1
