stock1,stock2,trade_capital,open,loss,reward,open_num
2383,2448,179.00220000000002,2.6328389830508536,8.9762711864407,-0.01279999999999859,1
3026,3406,1157.7285000000002,2.980046948356806,13.515845070422579,2.028500000000008,1
