stock1,stock2,trade_capital,open,loss,reward,open_num
1326,3406,1298.1925,3.2499999999999982,5.500000000000034,0.6924999999999955,1
