stock1,stock2,trade_capital,open,loss,reward,open_num
2377,2834,145.5515,2.6328389830508536,8.9762711864407,-0.048500000000004206,1
