stock1,stock2,trade_capital,open,loss,reward,open_num
1326,2610,151.07975,2.980046948356806,13.515845070422579,0.5797499999999971,1
2885,6505,172.93,3.2499999999999982,5.500000000000034,0.40500000000000114,1
