stock1,stock2,trade_capital,open,loss,reward,open_num
1326,2327,1096.665,2.086678832116794,6.2883211678832325,13.065000000000055,1
