stock1,stock2,trade_capital,open,loss,reward,open_num
2049,2303,317.8935,2.980046948356806,13.515845070422579,0.24349999999999739,1
2327,3702,728.7750000000001,2.086678832116794,6.2883211678832325,0.25,1
2409,4958,132.09724999999997,2.6328389830508536,8.9762711864407,-0.09274999999999523,1
2439,3443,1880.7,1.749999999999973,3.4999999999998117,0.20000000000004547,1
