stock1,stock2,trade_capital,open,loss,reward,open_num
2439,6505,612.9,2.980046948356806,13.515845070422579,6.0,1
4938,6505,549.99,2.980046948356806,13.515845070422579,5.199999999999996,1
