stock1,stock2,trade_capital,open,loss,reward,open_num
2448,5871,198.27,4.151949541284411,10.021788990825703,0.14999999999997726,1
