stock1,stock2,trade_capital,open,loss,reward,open_num
2449,3044,191.07,4.752819548872187,15.016917293233117,-0.7000000000000028,1
2890,2915,112.816,3.2499999999999982,5.500000000000034,-0.12400000000000233,1
