stock1,stock2,trade_capital,open,loss,reward,open_num
1536,9921,528.9085,3.453852327447829,11.505617977528125,1.9084999999999752,1
2327,2606,1141.6399999999999,2.6328389830508536,8.9762711864407,-17.235000000000014,1
2327,9921,1557.021,2.6328389830508536,8.9762711864407,-19.979000000000042,1
2377,3532,326.8905,2.086678832116794,6.2883211678832325,-0.4095000000000084,1
