stock1,stock2,trade_capital,open,loss,reward,open_num
1210,1536,700.9200000000001,1.1218344155846804,3.0000000000002496,0.425000000000022,1
1210,3532,255.33499999999998,2.980046948356806,13.515845070422579,0.03499999999999659,1
