stock1,stock2,trade_capital,open,loss,reward,open_num
5871,6116,127.71000000000001,3.693027210884357,6.0739795918367605,0.5500000000000043,1
