stock1,stock2,trade_capital,open,loss,reward,open_num
2345,2377,952.6335,2.6328389830508536,8.9762711864407,-2.8664999999999736,1
