stock1,stock2,trade_capital,open,loss,reward,open_num
3044,3443,672.788,1.1218344155846804,3.0000000000002496,2.288000000000011,1
