stock1,stock2,trade_capital,open,loss,reward,open_num
1476,1536,645.7560000000001,0.7288428324698772,4.0090056748083995,-4.043999999999983,1
2201,9910,394.05525,0.7288428324698772,4.0090056748083995,-0.2947499999999934,1
2352,2915,132.7874,3.453852327447829,11.505617977528125,-0.012599999999991951,1
