stock1,stock2,trade_capital,open,loss,reward,open_num
1301,2360,663.428,1.749999999999973,3.4999999999998117,0.32800000000000296,1
1301,2603,145.18825,4.752819548872187,15.016917293233117,-0.4717500000000143,1
1504,2603,87.58824999999999,4.752819548872187,15.016917293233117,-0.17175000000000296,1
1536,2408,340.8615,3.2499999999999982,5.500000000000034,-0.4385000000000048,1
1476,2327,2819.148,3.2499999999999982,5.500000000000034,1.6479999999999109,1
2317,2360,583.548,3.2499999999999982,5.500000000000034,-1.1519999999999868,1
5880,9914,187.14425,3.453852327447829,11.505617977528125,-0.005750000000006139,1
