stock1,stock2,trade_capital,open,loss,reward,open_num
1101,2049,413.37775,4.752819548872187,15.016917293233117,-0.3222499999999968,1
2408,2449,151.29075,3.2499999999999982,5.500000000000034,-0.722050000000003,1
2408,4943,511.7345,4.752819548872187,15.016917293233117,-5.365499999999997,1
