stock1,stock2,trade_capital,open,loss,reward,open_num
1590,2379,2208.416,2.980046948356806,13.515845070422579,11.116,1
1590,4943,1823.763,3.2499999999999982,5.500000000000034,-3.2369999999999663,1
