stock1,stock2,trade_capital,open,loss,reward,open_num
1301,3019,624.7099999999999,2.6328389830508536,8.9762711864407,-1.5900000000000318,1
