stock1,stock2,trade_capital,open,loss,reward,open_num
1802,3673,187.15325,4.000000000000004,12.500000000000034,1.2632500000000135,1
