stock1,stock2,trade_capital,open,loss,reward,open_num
1590,2603,502.98900000000003,4.151949541284411,10.021788990825703,-0.7609999999999957,1
2303,6269,181.127,2.6328389830508536,8.9762711864407,0.402000000000001,1
2618,3008,3472.2,2.6328389830508536,8.9762711864407,10.25,1
2618,6176,128.7422,4.151949541284411,10.021788990825703,-0.3877999999999986,1
