stock1,stock2,trade_capital,open,loss,reward,open_num
1504,2474,390.2465,2.086678832116794,6.2883211678832325,-0.9284999999999854,1
1605,2360,147.60520000000002,2.193017888055368,4.018753606462444,-1.3787999999999982,1
2027,3532,659.3892000000001,1.4751902346226717,3.9999999999997113,-1.460800000000006,1
2337,9910,260.218,1.749999999999973,3.4999999999998117,-0.5319999999999965,1
2379,2474,1844.8425,2.086678832116794,6.2883211678832325,2.8424999999999727,1
2360,2834,167.044,3.2499999999999982,5.500000000000034,-1.0385000000000062,1
2603,3532,162.517,2.086678832116794,6.2883211678832325,0.5670000000000002,1
