stock1,stock2,trade_capital,open,loss,reward,open_num
2412,2492,643.065,3.693027210884357,6.0739795918367605,0.5649999999999977,1
2498,2915,274.9266,1.1218344155846804,3.0000000000002496,0.6015999999999906,1
2498,3406,380.93600000000004,1.1218344155846804,3.0000000000002496,-1.063999999999993,1
