stock1,stock2,trade_capital,open,loss,reward,open_num
2313,3026,243.4815,4.000000000000004,12.500000000000034,1.3315000000000055,1
