stock1,stock2,trade_capital,open,loss,reward,open_num
1909,2498,235.66965000000002,4.752819548872187,15.016917293233117,1.149649999999994,1
2377,6285,280.891,2.980046948356806,13.515845070422579,-0.3089999999999975,1
2498,5871,250.29000000000002,2.6328389830508536,8.9762711864407,0.39999999999997726,1
