stock1,stock2,trade_capital,open,loss,reward,open_num
1314,2371,107.101,2.193017888055368,4.018753606462444,-1.7485999999999944,1
2337,2371,158.85,2.193017888055368,4.018753606462444,-1.6262000000000043,1
2337,2439,352.513,3.2499999999999982,5.500000000000034,-2.350999999999999,1
2371,2834,73.71981,2.086678832116794,6.2883211678832325,-1.7025900000000043,1
2371,3019,206.505,2.086678832116794,6.2883211678832325,-4.626500000000007,1
2371,6505,224.325,2.086678832116794,6.2883211678832325,-4.486500000000007,1
