stock1,stock2,trade_capital,open,loss,reward,open_num
2448,2474,319.725,2.6328389830508536,8.9762711864407,-0.5,1
3406,3532,488.33549999999997,2.980046948356806,13.515845070422579,-1.8645000000000067,1
3532,6456,528.3,1.749999999999973,3.4999999999998117,0.5,1
