stock1,stock2,trade_capital,open,loss,reward,open_num
2308,3702,521.72895,2.6328389830508536,8.9762711864407,-0.17104999999999393,1
2308,6456,691.3685,2.6328389830508536,8.9762711864407,-1.1314999999999884,1
