stock1,stock2,trade_capital,open,loss,reward,open_num
2327,9910,1647.4675,2.2499999999999822,7.500000000000021,2.9674999999999727,1
