stock1,stock2,trade_capital,open,loss,reward,open_num
1326,2379,333.161,2.6328389830508536,8.9762711864407,0.16100000000000136,1
2439,2618,205.63299999999998,4.151949541284411,10.021788990825703,0.3329999999999984,1
3026,3532,925.5,2.086678832116794,6.2883211678832325,-0.25,1
3481,3532,191.37900000000002,2.6328389830508536,8.9762711864407,-0.4209999999999994,1
