stock1,stock2,trade_capital,open,loss,reward,open_num
3008,3481,3173.8065,2.6328389830508536,8.9762711864407,0.05649999999999977,1
