stock1,stock2,trade_capital,open,loss,reward,open_num
1314,1723,197.55,2.980046948356806,13.515845070422579,1.25,1
