stock1,stock2,trade_capital,open,loss,reward,open_num
1303,3019,593.3146,1.2162849872773496,7.4631043256997405,-0.4853999999999985,1
