stock1,stock2,trade_capital,open,loss,reward,open_num
3443,5880,410.0935,3.453852327447829,11.505617977528125,-2.256500000000017,1
