stock1,stock2,trade_capital,open,loss,reward,open_num
1605,3443,338.74025,3.693027210884357,6.0739795918367605,2.940250000000006,1
