stock1,stock2,trade_capital,open,loss,reward,open_num
2492,6176,361.7799,1.4751902346226717,3.9999999999997113,0.47989999999998645,1
