stock1,stock2,trade_capital,open,loss,reward,open_num
1314,3406,245.47500000000002,2.6328389830508536,8.9762711864407,5.5,1
2498,3443,416.73225,2.980046948356806,13.515845070422579,1.5322500000000048,1
