stock1,stock2,trade_capital,open,loss,reward,open_num
1802,2049,419.755,1.749999999999973,3.4999999999998117,-1.8449999999999989,1
2360,3706,854.1,2.086678832116794,6.2883211678832325,0.3550000000000182,1
6505,9938,731.798,4.000000000000004,12.500000000000034,-0.20200000000005502,1
