stock1,stock2,trade_capital,open,loss,reward,open_num
1319,3026,404.8505,2.6328389830508536,8.9762711864407,-1.149499999999989,1
1504,2049,376.875,5.7367647058823605,13.470588235294136,-1.25,1
2027,3532,328.515,4.000000000000004,12.500000000000034,-1.835000000000008,1
2049,2204,400.95000000000005,7.837962962962951,12.745370370370392,1.75,1
2377,3481,152.3675,2.6328389830508536,8.9762711864407,0.44249999999999545,1
