stock1,stock2,trade_capital,open,loss,reward,open_num
5871,6505,632.559,1.749999999999973,3.4999999999998117,3.5589999999999975,1
