stock1,stock2,trade_capital,open,loss,reward,open_num
2379,2834,163.95665,5.7367647058823605,13.470588235294136,0.7066499999999962,1
2379,3532,725.6875,4.000000000000004,12.500000000000034,0.23749999999995453,1
2379,6239,676.4645,4.000000000000004,12.500000000000034,2.864500000000021,1
2448,3532,322.45625,3.453852327447829,11.505617977528125,-1.2937499999999886,1
