stock1,stock2,trade_capital,open,loss,reward,open_num
1101,6505,478.8825,2.086678832116794,6.2883211678832325,-0.8574999999999875,1
1477,2867,210.375,4.151949541284411,10.021788990825703,1.75,1
2317,6505,654.2275,2.086678832116794,6.2883211678832325,-1.662500000000037,1
2356,2439,188.46735,5.7367647058823605,13.470588235294136,0.2673499999999933,1
