stock1,stock2,trade_capital,open,loss,reward,open_num
2049,2308,805.5,2.086678832116794,6.2883211678832325,4.0,1
