stock1,stock2,trade_capital,open,loss,reward,open_num
1536,2049,1344.202,2.086678832116794,6.2883211678832325,1.7019999999999982,1
2105,2344,84.209,4.151949541284411,10.021788990825703,0.059000000000004604,1
