stock1,stock2,trade_capital,open,loss,reward,open_num
1314,2603,35.28,3.453852327447829,11.505617977528125,-0.5163999999999973,1
1301,2049,864.3885,3.2499999999999982,5.500000000000034,1.8885000000000218,1
1605,2603,103.88525,2.6328389830508536,8.9762711864407,0.21025000000000027,1
