stock1,stock2,trade_capital,open,loss,reward,open_num
2345,2353,212.3145,2.6328389830508536,8.9762711864407,0.18949999999999534,1
2383,2603,170.86599999999999,3.2499999999999982,5.500000000000034,0.4410000000000025,1
2454,6505,460.8,3.2499999999999982,5.500000000000034,-4.028500000000008,1
