stock1,stock2,trade_capital,open,loss,reward,open_num
1303,1434,183.00870000000003,2.086678832116794,6.2883211678832325,0.028700000000014825,1
1909,2353,45.026799999999994,4.752819548872187,15.016917293233117,0.026799999999997937,1
2379,3532,828.644,3.693027210884357,6.0739795918367605,0.6440000000000055,1
