stock1,stock2,trade_capital,open,loss,reward,open_num
1216,3532,566.2629999999999,3.2499999999999982,5.500000000000034,-4.314999999999998,1
1477,3711,264.32980000000003,4.151949541284411,10.021788990825703,-0.370199999999997,1
2301,3532,597.145,1.1218344155846804,3.0000000000002496,-4.145000000000053,1
2330,2492,1161.846,1.4751902346226717,3.9999999999997113,0.09600000000000364,1
2360,3532,689.924,1.4751902346226717,3.9999999999997113,0.4240000000000066,1
2890,9910,209.794,2.086678832116794,6.2883211678832325,-0.1559999999999988,1
3406,3532,417.825,4.752819548872187,15.016917293233117,-2.1750000000000114,1
