stock1,stock2,trade_capital,open,loss,reward,open_num
2303,2308,220.1285,2.2499999999999822,7.500000000000021,0.003500000000002501,1
2303,2454,278.453,2.086678832116794,6.2883211678832325,0.07800000000000296,1
2303,2880,95.61075,2.086678832116794,6.2883211678832325,0.1957500000000021,1
2303,2379,163.2995,2.086678832116794,6.2883211678832325,0.6744999999999948,1
2303,2383,170.91475,1.749999999999973,3.4999999999998117,-2.045250000000003,1
2303,3673,153.36475,1.4751902346226717,3.9999999999997113,0.31474999999999653,1
2303,6116,47.8189,2.193017888055368,4.018753606462444,-0.24114000000000146,1
2303,6176,118.62475,1.749999999999973,3.4999999999998117,0.16474999999999795,1
2308,9910,774.5675,1.4751902346226717,3.9999999999997113,3.11749999999995,1
2880,2881,135.94095,2.086678832116794,6.2883211678832325,-0.009050000000002001,1
2880,1504,115.00395,2.086678832116794,6.2883211678832325,0.20395000000000252,1
3481,2383,163.125,1.749999999999973,3.4999999999998117,-1.5407500000000027,1
2023,2498,138.1199,2.086678832116794,6.2883211678832325,-0.2301000000000073,1
2376,6176,254.2592,3.693027210884357,6.0739795918367605,-1.4177999999999855,1
2377,2383,400.07520000000005,2.086678832116794,6.2883211678832325,-2.574799999999982,1
2379,2888,572.1564999999999,1.749999999999973,3.4999999999998117,3.292499999999947,1
2449,5871,364.5,2.193017888055368,4.018753606462444,-2.2120000000000246,1
2383,2888,151.8195,2.980046948356806,13.515845070422579,-1.430499999999995,1
2383,6116,159.7005,2.980046948356806,13.515845070422579,0.30904999999999205,1
2383,6176,298.07939999999996,2.980046948356806,13.515845070422579,-0.8706000000000245,1
2603,3673,171.98250000000002,1.749999999999973,3.4999999999998117,-0.2674999999999983,1
2603,6116,32.742,3.453852327447829,11.505617977528125,-0.1999999999999975,1
3673,5871,417.1925,2.193017888055368,4.018753606462444,1.6924999999999955,1
