stock1,stock2,trade_capital,open,loss,reward,open_num
2408,2885,138.33,2.6328389830508536,8.9762711864407,0.45000000000000284,1
6116,6269,176.58249999999998,1.4751902346226717,3.9999999999997113,-0.11750000000000682,1
