stock1,stock2,trade_capital,open,loss,reward,open_num
1326,2801,166.41000000000003,3.2499999999999982,5.500000000000034,0.5999999999999943,1
1326,2884,179.27325,2.6328389830508536,8.9762711864407,0.22324999999999307,1
1326,5880,160.08100000000002,2.086678832116794,6.2883211678832325,0.2810000000000059,1
1326,6505,624.15,2.086678832116794,6.2883211678832325,2.5,1
1326,9914,581.7270000000001,3.2499999999999982,5.500000000000034,1.827000000000055,1
2303,1802,33.345,2.193017888055368,4.018753606462444,0.15000000000000036,1
2801,1262,252.17950000000002,1.749999999999973,3.4999999999998117,-0.02049999999999841,1
2801,1605,92.3604,2.086678832116794,6.2883211678832325,0.4603999999999999,1
2891,1262,238.05,1.4751902346226717,3.9999999999997113,0.5,1
2891,2103,114.61500000000001,1.4751902346226717,3.9999999999997113,0.5499999999999972,1
2891,2615,124.97395,1.4751902346226717,3.9999999999997113,-0.026050000000005014,1
5880,2377,139.20100000000002,2.086678832116794,6.2883211678832325,0.38100000000001444,1
1477,1723,1054.9099999999999,2.6328389830508536,8.9762711864407,-4.090000000000032,1
1477,2201,244.88,2.6328389830508536,8.9762711864407,-1.1699999999999875,1
1605,1723,408.84220000000005,1.4751902346226717,3.9999999999997113,1.1422000000000025,1
1802,2615,80.62400000000001,1.2162849872773496,7.4631043256997405,0.19900000000000162,1
1802,2888,20.186999999999998,1.4751902346226717,3.9999999999997113,0.08999999999999986,1
2049,2888,192.69,2.086678832116794,6.2883211678832325,-1.7389999999999972,1
2049,6176,1019.1192,2.086678832116794,6.2883211678832325,3.8692000000000064,1
2049,9914,1356.3000000000002,2.6328389830508536,8.9762711864407,-15.487999999999943,1
2023,2103,91.53,2.086678832116794,6.2883211678832325,0.3999999999999986,1
2023,2313,75.06,1.2162849872773496,7.4631043256997405,0.25,1
2023,6285,141.07500000000002,2.086678832116794,6.2883211678832325,0.25,1
2103,3231,153.585,2.086678832116794,6.2883211678832325,-1.2098499999999888,1
2103,9914,829.53,2.980046948356806,13.515845070422579,0.1500000000000199,1
2344,8150,57.44969999999999,1.4751902346226717,3.9999999999997113,0.19469999999999743,1
2615,9914,222.52500000000003,2.086678832116794,6.2883211678832325,1.0,1
6285,9914,766.8000000000001,3.2499999999999982,5.500000000000034,4.5,1
