stock1,stock2,trade_capital,open,loss,reward,open_num
2308,2355,1028.262,2.6328389830508536,8.9762711864407,5.062000000000012,1
1102,2023,144.7644,2.193017888055368,4.018753606462444,-0.6856000000000009,1
2382,2023,113.391,1.749999999999973,3.4999999999998117,0.21099999999999852,1
2474,1704,429.52500000000003,2.6328389830508536,8.9762711864407,-1.0,1
2881,6505,669.4749999999999,2.086678832116794,6.2883211678832325,-4.40500000000003,1
2823,6505,162.126,2.086678832116794,6.2883211678832325,0.6760000000000019,1
2885,2355,113.625,1.749999999999973,3.4999999999998117,0.3500000000000014,1
6505,1704,626.291,2.086678832116794,6.2883211678832325,-3.283999999999992,1
6505,1909,136.53915,1.4751902346226717,3.9999999999997113,0.5891500000000036,1
6505,2204,453.303,2.086678832116794,6.2883211678832325,2.02800000000002,1
2344,2353,24.745350000000002,2.6328389830508536,8.9762711864407,0.11535000000000295,1
