stock1,stock2,trade_capital,open,loss,reward,open_num
2303,4943,414.13025000000005,2.6328389830508536,8.9762711864407,-4.719750000000005,1
2454,1909,1026.3465,1.1218344155846804,3.0000000000002496,-8.893999999999977,1
2344,3443,396.742,1.749999999999973,3.4999999999998117,0.1419999999999959,1
2344,3706,148.36505,1.2162849872773496,7.4631043256997405,-1.2099499999999992,1
2344,6456,319.973,2.193017888055368,4.018753606462444,0.37299999999999045,1
2376,3706,202.8297,1.2162849872773496,7.4631043256997405,0.31970000000001164,1
2376,4943,611.51,2.193017888055368,4.018753606462444,3.8600000000000136,1
4943,6116,425.75699999999995,1.2162849872773496,7.4631043256997405,-1.393000000000029,1
