stock1,stock2,trade_capital,open,loss,reward,open_num
2303,4958,237.4764,4.000000000000004,12.500000000000034,0.4664000000000179,1
2409,2347,77.42755,2.6328389830508536,8.9762711864407,0.09754999999999825,1
2409,2610,56.8971,2.086678832116794,6.2883211678832325,0.02710000000000079,1
2912,1504,351.225,2.6328389830508536,8.9762711864407,1.5,1
2912,4958,599.6955,2.6328389830508536,8.9762711864407,1.1955000000000098,1
2880,2352,87.8357,3.693027210884357,6.0739795918367605,0.03569999999999496,1
2313,4958,272.4801,2.6328389830508536,8.9762711864407,1.0801000000000371,1
3034,6285,480.87,1.2162849872773496,7.4631043256997405,1.7999999999999972,1
6176,6285,629.711,2.980046948356806,13.515845070422579,1.2509999999999764,1
