stock1,stock2,trade_capital,open,loss,reward,open_num
2105,1605,121.5185,1.749999999999973,3.4999999999998117,-0.9840000000000018,1
2308,6269,454.63200000000006,2.086678832116794,6.2883211678832325,0.13200000000003342,1
2885,6269,195.16275000000002,1.4751902346226717,3.9999999999997113,-0.8372499999999974,1
1319,1536,659.6524999999999,2.2499999999999822,7.500000000000021,-2.847500000000025,1
1319,3189,464.515,1.749999999999973,3.4999999999998117,0.15499999999999403,1
1605,2603,63.81,1.749999999999973,3.4999999999998117,-0.46194999999999453,1
1909,2371,130.98925,1.749999999999973,3.4999999999998117,-0.8159500000000008,1
1909,3189,453.1365,1.749999999999973,3.4999999999998117,0.3365000000000009,1
