stock1,stock2,trade_capital,open,loss,reward,open_num
2002,3481,98.55345,1.749999999999973,3.4999999999998117,-0.5465500000000034,1
2409,2610,59.765699999999995,1.749999999999973,3.4999999999998117,-0.4366000000000021,1
2409,6269,174.84449999999998,2.980046948356806,13.515845070422579,0.39449999999999363,1
2886,3532,203.4,1.749999999999973,3.4999999999998117,2.0,1
3481,3673,173.678,2.086678832116794,6.2883211678832325,0.5280000000000058,1
1477,1909,171.7488,1.749999999999973,3.4999999999998117,0.44879999999999853,1
1477,2347,368.737,1.749999999999973,3.4999999999998117,1.1870000000000118,1
1477,3532,512.458,1.749999999999973,3.4999999999998117,0.9580000000000126,1
1477,6269,388.3315,1.749999999999973,3.4999999999998117,0.8315000000000055,1
1605,3532,171.0775,1.749999999999973,3.4999999999998117,-0.3225000000000051,1
2360,2618,177.79649999999998,1.749999999999973,3.4999999999998117,0.42149999999999466,1
2360,4958,285.4815,2.086678832116794,6.2883211678832325,0.6714999999999947,1
2610,2618,89.1423,1.749999999999973,3.4999999999998117,0.4123000000000019,1
2610,3673,160.46775,2.086678832116794,6.2883211678832325,0.5677499999999966,1
3231,6269,230.6445,2.6328389830508536,8.9762711864407,0.8944999999999936,1
