stock1,stock2,trade_capital,open,loss,reward,open_num
2885,3532,175.25575,2.086678832116794,6.2883211678832325,0.5557500000000033,1
2880,2383,195.465,2.980046948356806,13.515845070422579,1.1400000000000006,1
2880,3532,186.525,3.693027210884357,6.0739795918367605,2.0,1
2887,5264,151.1452,2.6328389830508536,8.9762711864407,0.7452000000000041,1
6505,3034,956.395,2.086678832116794,6.2883211678832325,2.894999999999982,1
6505,3532,645.895,2.086678832116794,6.2883211678832325,-2.605000000000018,1
6505,3673,628.345,2.086678832116794,6.2883211678832325,2.394999999999982,1
3673,9938,579.15,1.1218344155846804,3.0000000000002496,2.5,1
3532,9938,595.8,1.1218344155846804,3.0000000000002496,3.0,1
