stock1,stock2,trade_capital,open,loss,reward,open_num
1301,2313,165.572,2.6328389830508536,8.9762711864407,0.4420000000000073,1
2324,1314,103.566,2.6328389830508536,8.9762711864407,0.07100000000000328,1
2324,1605,79.61085000000001,2.6328389830508536,8.9762711864407,0.46085000000000775,1
2324,1789,127.596,2.086678832116794,6.2883211678832325,0.22100000000000364,1
2324,6285,172.64100000000002,2.086678832116794,6.2883211678832325,0.3710000000000093,1
2409,6505,151.388,2.2499999999999822,7.500000000000021,-0.5120000000000005,1
2409,1605,36.6213,2.980046948356806,13.515845070422579,-0.08869999999999756,1
2409,2313,98.96519999999998,2.980046948356806,13.515845070422579,0.3451999999999913,1
2884,2204,120.3379,2.6328389830508536,8.9762711864407,-0.012100000000000222,1
2474,2023,294.45050000000003,1.4751902346226717,3.9999999999997113,0.5504999999999995,1
2474,2356,331.875,2.6328389830508536,8.9762711864407,0.75,1
2474,2383,798.399,1.4751902346226717,3.9999999999997113,3.649000000000001,1
6505,1536,766.396,2.086678832116794,6.2883211678832325,2.245999999999981,1
3481,6505,269.926,2.086678832116794,6.2883211678832325,-0.8739999999999952,1
3481,2313,135.602,2.6328389830508536,8.9762711864407,0.4420000000000073,1
1504,2313,162.15200000000002,2.6328389830508536,8.9762711864407,0.44199999999999307,1
1605,2201,37.5663,2.6328389830508536,8.9762711864407,0.36130000000000173,1
1605,2345,101.68459999999999,2.980046948356806,13.515845070422579,0.644599999999997,1
1605,2353,104.2839,2.980046948356806,13.515845070422579,0.2839000000000027,1
1605,3034,261.65575,3.2499999999999982,5.500000000000034,1.5557500000000033,1
1605,6456,168.24375,2.086678832116794,6.2883211678832325,0.9937500000000057,1
1605,9945,47.06615,2.980046948356806,13.515845070422579,0.061149999999999594,1
1722,2618,103.86,6.408839779005503,10.95488029465933,0.5,1
2313,2618,83.69855000000001,4.8633603238866225,7.977058029689605,-0.5226999999999968,1
2313,3034,149.99519999999998,2.6328389830508536,8.9762711864407,0.6451999999999884,1
2313,3706,115.7606,2.086678832116794,6.2883211678832325,0.24059999999998638,1
2356,5264,208.41000000000003,2.6328389830508536,8.9762711864407,1.1850000000000023,1
2376,2618,103.635,3.693027210884357,6.0739795918367605,-0.594699999999996,1
2603,2633,51.5449,1.749999999999973,3.4999999999998117,-0.005100000000002325,1
2618,5871,117.72,5.7367647058823605,13.470588235294136,0.10000000000000142,1
