stock1,stock2,trade_capital,open,loss,reward,open_num
2454,1605,412.2595,1.4751902346226717,3.9999999999997113,-3.7405000000000115,1
2603,6269,208.519,2.086678832116794,6.2883211678832325,-2.1525000000000034,1
3044,9910,711.0,1.2162849872773496,7.4631043256997405,2.5,1
