stock1,stock2,trade_capital,open,loss,reward,open_num
2409,2344,117.94290000000001,3.453852327447829,11.505617977528125,0.542900000000003,1
2474,2344,464.201,3.453852327447829,11.505617977528125,-1.149000000000001,1
2474,2352,461.74375000000003,1.4751902346226717,3.9999999999997113,2.393749999999997,1
2474,3034,898.0350000000001,2.6328389830508536,8.9762711864407,1.8350000000000364,1
2891,2352,110.57860000000001,2.6328389830508536,8.9762711864407,0.27860000000000085,1
1477,2352,319.43625,2.086678832116794,6.2883211678832325,0.9362500000000011,1
1477,3189,543.6394,1.749999999999973,3.4999999999998117,-4.652600000000035,1
1909,6269,429.85525,2.086678832116794,6.2883211678832325,-0.8447500000000048,1
3034,6269,449.001,2.6328389830508536,8.9762711864407,1.5009999999999764,1
