stock1,stock2,trade_capital,open,loss,reward,open_num
1301,2885,148.48059999999998,2.086678832116794,6.2883211678832325,0.28059999999999263,1
1216,3034,226.7815,2.086678832116794,6.2883211678832325,-0.25849999999999795,1
1102,3034,193.3915,2.6328389830508536,8.9762711864407,0.7414999999999878,1
1102,3682,99.7585,2.086678832116794,6.2883211678832325,0.34850000000000136,1
2382,3034,181.0615,2.980046948356806,13.515845070422579,-0.4585000000000008,1
2382,3682,112.51775,1.749999999999973,3.4999999999998117,0.4477500000000063,1
2408,3034,541.0245,3.2499999999999982,5.500000000000034,2.0245000000000175,1
2801,2379,179.994,3.2499999999999982,5.500000000000034,0.9440000000000026,1
3481,3034,174.69525,2.086678832116794,6.2883211678832325,0.7952499999999958,1
1536,3034,467.506,2.086678832116794,6.2883211678832325,1.5560000000000116,1
2615,3034,297.54650000000004,2.086678832116794,6.2883211678832325,0.9964999999999975,1
2345,2449,146.9413,4.752819548872187,15.016917293233117,0.4462999999999937,1
3034,5871,693.767,2.086678832116794,6.2883211678832325,4.317000000000007,1
