stock1,stock2,trade_capital,open,loss,reward,open_num
2002,1314,121.7337,1.749999999999973,3.4999999999998117,-0.6163000000000025,1
2002,6285,191.7231,4.151949541284411,10.021788990825703,0.023099999999985243,1
2308,1314,215.3825,2.6328389830508536,8.9762711864407,0.7824999999999989,1
2382,1536,327.8325,3.2499999999999982,5.500000000000034,1.072499999999991,1
2885,2439,264.15000000000003,2.6328389830508536,8.9762711864407,1.0,1
1314,2618,87.8357,2.6328389830508536,8.9762711864407,0.5356999999999985,1
1314,6116,114.55160000000001,1.749999999999973,3.4999999999998117,-0.7631500000000102,1
1536,2344,216.9,1.2162849872773496,7.4631043256997405,0.9000000000000057,1
2371,4958,126.87400000000001,2.193017888055368,4.018753606462444,-0.7504999999999882,1
2371,9921,210.36700000000002,1.749999999999973,3.4999999999998117,0.11700000000000443,1
2355,9907,122.177,1.749999999999973,3.4999999999998117,0.18700000000000472,1
2377,2618,122.4605,2.6328389830508536,8.9762711864407,0.30049999999999955,1
2377,9907,130.007,1.749999999999973,3.4999999999998117,0.7870000000000061,1
2439,2618,306.5775,2.086678832116794,6.2883211678832325,-5.922499999999999,1
2439,9907,276.887,1.749999999999973,3.4999999999998117,0.7870000000000061,1
8150,9907,82.1446,1.749999999999973,3.4999999999998117,0.2295999999999978,1
