stock1,stock2,trade_capital,open,loss,reward,open_num
2002,2377,191.42399999999998,2.6328389830508536,8.9762711864407,-0.9760000000000133,1
2382,1717,229.64425,2.086678832116794,6.2883211678832325,0.004250000000013188,1
2382,2377,481.001,2.086678832116794,6.2883211678832325,1.1409999999999627,1
1314,3706,48.4645,2.6328389830508536,8.9762711864407,-0.06549999999999301,1
1723,3706,306.5775,2.6328389830508536,8.9762711864407,-3.172499999999985,1
