stock1,stock2,trade_capital,open,loss,reward,open_num
2633,6269,513.6750000000001,1.4751902346226717,3.9999999999997113,2.75,1
2885,2344,26.730000000000004,2.193017888055368,4.018753606462444,0.15000000000000036,1
1314,9910,162.93200000000002,1.749999999999973,3.4999999999998117,0.5820000000000007,1
