stock1,stock2,trade_capital,open,loss,reward,open_num
2308,1434,232.38,2.6328389830508536,8.9762711864407,0.7000000000000028,1
2308,3019,804.0805,3.2499999999999982,5.500000000000034,-6.919499999999957,1
2409,2371,39.0824,2.980046948356806,13.515845070422579,0.03240000000000087,1
1319,2371,109.0996,2.6328389830508536,8.9762711864407,-1.5453000000000046,1
2439,3019,518.1324999999999,1.4751902346226717,3.9999999999997113,-5.6784999999999854,1
