stock1,stock2,trade_capital,open,loss,reward,open_num
2884,2439,286.0425,3.2499999999999982,5.500000000000034,0.3925000000000125,1
1802,2603,152.1642,2.086678832116794,6.2883211678832325,0.21419999999999106,1
1802,2618,113.7577,1.749999999999973,3.4999999999998117,-0.6422999999999934,1
2344,2439,875.579,1.4751902346226717,3.9999999999997113,1.7139999999999702,1
2344,6269,200.0025,2.086678832116794,6.2883211678832325,0.8624999999999972,1
2439,2492,1112.305,2.6328389830508536,8.9762711864407,-1.544999999999959,1
