stock1,stock2,trade_capital,open,loss,reward,open_num
1402,2105,313.5936,1.4751902346226717,3.9999999999997113,-0.18139999999999645,1
1402,2884,105.705,2.980046948356806,13.515845070422579,0.3000000000000007,1
1402,2353,91.91975,1.4751902346226717,3.9999999999997113,-0.2802499999999988,1
2301,2884,132.4223,2.980046948356806,13.515845070422579,-0.10270000000000579,1
2317,5880,146.34,1.749999999999973,3.4999999999998117,0.4000000000000057,1
2324,5880,72.41135,2.980046948356806,13.515845070422579,0.3913500000000063,1
2454,2383,1152.5275000000001,1.749999999999973,3.4999999999998117,-6.652500000000032,1
2801,4958,156.8259,2.086678832116794,6.2883211678832325,-0.5241000000000042,1
2823,2383,248.64049999999997,3.2499999999999982,5.500000000000034,0.6654999999999944,1
2885,2618,88.732,2.086678832116794,6.2883211678832325,-0.09299999999999997,1
5880,1477,190.003,2.086678832116794,6.2883211678832325,0.6280000000000001,1
2379,2385,464.99600000000004,1.749999999999973,3.4999999999998117,-0.103999999999985,1
2379,6176,219.373,2.086678832116794,6.2883211678832325,0.7729999999999961,1
2449,2542,309.3516,2.6328389830508536,8.9762711864407,0.7515999999999963,1
2383,2449,630.4825,1.4751902346226717,3.9999999999997113,3.3274999999999864,1
3702,5871,241.84900000000002,3.453852327447829,11.505617977528125,-0.7509999999999906,1
