stock1,stock2,trade_capital,open,loss,reward,open_num
2324,1536,240.52625,2.6328389830508536,8.9762711864407,0.27625000000001876,1
1536,2352,210.99800000000002,1.4751902346226717,3.9999999999997113,-0.4019999999999868,1
1536,2615,224.82350000000002,1.749999999999973,3.4999999999998117,-0.4264999999999901,1
1789,2376,342.38775,1.4751902346226717,3.9999999999997113,1.5077500000000157,1
2379,3706,577.8,1.1218344155846804,3.0000000000002496,2.75,1
2379,6269,222.6415,2.086678832116794,6.2883211678832325,1.1414999999999935,1
