stock1,stock2,trade_capital,open,loss,reward,open_num
2311,2498,253.53680000000003,1.749999999999973,3.4999999999998117,-2.030400000000057,1
2330,8150,435.29019999999997,2.6328389830508536,8.9762711864407,-0.00980000000004111,1
2409,2498,137.54575,2.6328389830508536,8.9762711864407,0.35575000000001467,1
1477,2103,321.71565,1.749999999999973,3.4999999999998117,1.8156499999999767,1
1477,2377,173.88,1.749999999999973,3.4999999999998117,0.5999999999999943,1
1477,2449,343.45025,1.749999999999973,3.4999999999998117,1.3502499999999884,1
2345,8150,372.77830000000006,2.6328389830508536,8.9762711864407,-3.021699999999967,1
8150,9938,298.602,1.749999999999973,3.4999999999998117,-0.32799999999998875,1
