stock1,stock2,trade_capital,open,loss,reward,open_num
2105,3702,169.5897,3.453852327447829,11.505617977528125,-0.11029999999999518,1
2301,2633,275.49,2.6328389830508536,8.9762711864407,-1.5,1
2301,2885,117.69585000000001,2.086678832116794,6.2883211678832325,-0.004150000000002763,1
2301,2345,303.21000000000004,2.086678832116794,6.2883211678832325,-1.3000000000000114,1
2317,2357,894.8075,4.8633603238866225,7.977058029689605,-7.1924999999999955,1
2317,1707,428.121,2.193017888055368,4.018753606462444,-1.8470000000000084,1
2317,3673,698.9265,4.752819548872187,15.016917293233117,-3.8935000000000173,1
2317,9933,492.51800000000003,3.2499999999999982,5.500000000000034,-3.9819999999999993,1
2880,4958,159.2209,4.151949541284411,10.021788990825703,-0.7291000000000025,1
2885,2448,94.715,1.749999999999973,3.4999999999998117,0.015000000000004121,1
6505,2337,288.00625,3.2499999999999982,5.500000000000034,1.0062499999999943,1
4904,5264,418.05,2.6328389830508536,8.9762711864407,-0.4000000000000057,1
1319,9933,250.94279999999998,5.7367647058823605,13.470588235294136,0.642799999999994,1
1707,2439,375.827,2.6328389830508536,8.9762711864407,1.4269999999999925,1
1605,9933,74.21790000000001,4.752819548872187,15.016917293233117,0.14790000000000703,1
2327,2356,212.85,2.086678832116794,6.2883211678832325,1.25,1
2352,6176,227.52,2.980046948356806,13.515845070422579,-0.5,1
2915,9933,298.103,4.752819548872187,15.016917293233117,1.703000000000003,1
