stock1,stock2,trade_capital,open,loss,reward,open_num
2357,2885,343.46549999999996,2.6328389830508536,8.9762711864407,-0.6095000000000255,1
2412,3481,371.36400000000003,1.749999999999973,3.4999999999998117,0.8140000000000214,1
2412,6505,408.71400000000006,1.749999999999973,3.4999999999998117,0.5640000000000214,1
2412,1536,636.7900000000001,1.749999999999973,3.4999999999998117,1.4400000000000546,1
2412,3673,611.1400000000001,2.086678832116794,6.2883211678832325,0.9400000000000546,1
2412,6285,590.8000000000001,2.086678832116794,6.2883211678832325,1.0400000000000489,1
2885,1909,72.6002,2.6328389830508536,8.9762711864407,0.1701999999999977,1
2885,3044,140.7754,2.086678832116794,6.2883211678832325,-0.5495999999999981,1
2885,3673,161.288,2.086678832116794,6.2883211678832325,0.9380000000000024,1
2885,6285,138.3826,2.086678832116794,6.2883211678832325,0.15759999999998797,1
3481,2371,35.18965,2.086678832116794,6.2883211678832325,0.10965000000000025,1
6505,2352,192.365,1.749999999999973,3.4999999999998117,0.7150000000000034,1
1605,6456,197.24200000000002,3.2499999999999982,5.500000000000034,0.592000000000013,1
2542,3673,333.541,4.000000000000004,12.500000000000034,1.1910000000000025,1
2542,6414,554.778,2.6328389830508536,8.9762711864407,-4.236999999999995,1
3673,6285,807.1600000000001,2.086678832116794,6.2883211678832325,4.240000000000066,1
3673,6456,413.692,2.193017888055368,4.018753606462444,3.592000000000013,1
