stock1,stock2,trade_capital,open,loss,reward,open_num
2301,2882,191.32485000000003,4.000000000000004,12.500000000000034,0.21484999999999843,1
2317,2337,477.81000000000006,3.2499999999999982,5.500000000000034,1.8999999999999915,1
2912,2352,346.392,2.980046948356806,13.515845070422579,-2.0330000000000155,1
5880,2603,95.3446,2.6328389830508536,8.9762711864407,0.2696000000000005,1
5880,3034,172.125,2.6328389830508536,8.9762711864407,0.75,1
3034,3532,680.04,2.086678832116794,6.2883211678832325,3.5,1
