stock1,stock2,trade_capital,open,loss,reward,open_num
2352,2834,58.28215,3.2499999999999982,5.500000000000034,-0.28735000000000355,1
2448,3443,788.6030000000001,2.6328389830508536,8.9762711864407,2.6030000000000086,1
