stock1,stock2,trade_capital,open,loss,reward,open_num
2303,1605,83.17224999999999,1.749999999999973,3.4999999999998117,-0.4550000000000036,1
2890,1605,87.32723,1.749999999999973,3.4999999999998117,-0.5127700000000033,1
1319,9914,752.4359,2.086678832116794,6.2883211678832325,2.735899999999944,1
6505,3019,617.5905,2.086678832116794,6.2883211678832325,2.0904999999999916,1
6505,9914,905.4000000000001,2.086678832116794,6.2883211678832325,4.0,1
1605,2353,82.90225,1.4751902346226717,3.9999999999997113,0.04224999999999568,1
2353,2371,72.90395000000001,1.4751902346226717,3.9999999999997113,0.20395000000000074,1
2360,3231,229.32549999999998,2.6328389830508536,8.9762711864407,-1.0995000000000061,1
2498,3019,497.0045,1.4751902346226717,3.9999999999997113,0.004499999999978854,1
