stock1,stock2,trade_capital,open,loss,reward,open_num
2354,2884,170.7354,4.000000000000004,12.500000000000034,0.5353999999999957,1
2409,2377,133.0729,2.2499999999999822,7.500000000000021,0.37290000000000134,1
2881,2885,101.295,2.6328389830508536,8.9762711864407,0.4000000000000057,1
2885,1536,294.26325,2.980046948356806,13.515845070422579,2.3132499999999965,1
2885,2345,118.29405,2.086678832116794,6.2883211678832325,-0.1059500000000071,1
1536,3682,166.947,1.4751902346226717,3.9999999999997113,0.5970000000000013,1
