stock1,stock2,trade_capital,open,loss,reward,open_num
1402,2880,85.35245,2.6328389830508536,8.9762711864407,0.12245000000000417,1
1326,2308,718.92,1.4751902346226717,3.9999999999997113,2.4000000000000057,1
1326,6505,752.443,2.086678832116794,6.2883211678832325,1.0930000000000177,1
2308,2360,1322.174,2.086678832116794,6.2883211678832325,4.423999999999978,1
2308,2606,189.81,4.151949541284411,10.021788990825703,1.2999999999999972,1
2308,2610,172.312,2.086678832116794,6.2883211678832325,0.8620000000000019,1
2409,3532,162.80124999999998,2.193017888055368,4.018753606462444,0.551249999999996,1
2882,6505,345.432,2.193017888055368,4.018753606462444,1.431999999999988,1
3481,2345,167.526,2.086678832116794,6.2883211678832325,0.42600000000000193,1
3481,2353,85.17975,2.086678832116794,6.2883211678832325,0.1497500000000045,1
3481,2610,82.9804,2.086678832116794,6.2883211678832325,0.3803999999999981,1
6505,1722,288.11875,2.980046948356806,13.515845070422579,0.6687499999999886,1
6505,3682,143.70465000000002,2.086678832116794,6.2883211678832325,-0.2953500000000062,1
