stock1,stock2,trade_capital,open,loss,reward,open_num
2880,2353,134.43800000000002,2.086678832116794,6.2883211678832325,0.22799999999999443,1
2880,2355,137.8384,2.086678832116794,6.2883211678832325,0.8134000000000015,1
2880,2610,35.9476,2.086678832116794,6.2883211678832325,-0.012399999999999523,1
4938,2610,130.774,2.086678832116794,6.2883211678832325,-0.35600000000000165,1
2345,2353,131.30875,1.749999999999973,3.4999999999998117,-0.021249999999994884,1
2353,2501,93.80300000000001,2.086678832116794,6.2883211678832325,0.07800000000000651,1
2353,8150,99.74985000000001,1.4751902346226717,3.9999999999997113,-0.00014999999999432134,1
2542,2603,119.7055,1.2162849872773496,7.4631043256997405,0.23550000000000182,1
6269,9910,730.8009999999999,1.749999999999973,3.4999999999998117,3.300999999999945,1
