stock1,stock2,trade_capital,open,loss,reward,open_num
2412,1802,354.64000000000004,3.2499999999999982,5.500000000000034,1.2900000000000063,1
6505,1802,165.19,2.980046948356806,13.515845070422579,0.04000000000000625,1
2448,3673,532.3065,1.2162849872773496,7.4631043256997405,-8.293499999999995,1
2498,9938,432.3876,0.7288428324698772,4.0090056748083995,-2.112400000000008,1
3673,6239,830.1020000000001,2.086678832116794,6.2883211678832325,1.7520000000000095,1
2888,6269,133.613,1.4751902346226717,3.9999999999997113,-0.8389999999999986,1
3231,6269,252.6398,1.4751902346226717,3.9999999999997113,-1.8101999999999983,1
