stock1,stock2,trade_capital,open,loss,reward,open_num
1216,2023,106.71379999999999,1.749999999999973,3.4999999999998117,0.33379999999999654,1
1402,1319,136.6331,2.193017888055368,4.018753606462444,0.36309999999998155,1
2303,2884,29.572699999999998,4.000000000000004,12.500000000000034,0.09270000000000067,1
2303,9933,104.1464,2.086678832116794,6.2883211678832325,-0.45359999999999445,1
2308,3532,618.3394,2.6328389830508536,8.9762711864407,0.739399999999975,1
2409,2352,69.22715,1.749999999999973,3.4999999999998117,0.2021499999999996,1
2885,3034,174.4255,2.6328389830508536,8.9762711864407,0.15049999999999386,1
2880,1707,254.0145,1.749999999999973,3.4999999999998117,-2.539750000000012,1
2887,2888,71.884,2.6328389830508536,8.9762711864407,-0.46699999999999875,1
1319,2603,126.2685,1.4751902346226717,3.9999999999997113,0.1384999999999934,1
1536,3532,778.7567,1.749999999999973,3.4999999999998117,-4.8433000000000135,1
1707,1802,732.9739999999999,2.980046948356806,13.515845070422579,-2.2160000000000526,1
1707,2448,257.5584,1.749999999999973,3.4999999999998117,1.9084000000000003,1
1707,3702,283.763,2.086678832116794,6.2883211678832325,-2.7384500000000145,1
2023,2352,65.97,2.6328389830508536,8.9762711864407,-0.4499999999999993,1
2023,2448,50.0571,1.749999999999973,3.4999999999998117,-0.2586999999999975,1
2023,3034,169.20000000000002,2.6328389830508536,8.9762711864407,-0.25,1
2344,3532,149.8804,1.1218344155846804,3.0000000000002496,-0.04460000000000264,1
2352,2603,86.19065,1.4751902346226717,3.9999999999997113,-0.9593500000000024,1
2352,3034,136.1046,2.6328389830508536,8.9762711864407,0.9045999999999985,1
2352,3682,65.112,1.4751902346226717,3.9999999999997113,0.14700000000000202,1
2888,3034,154.94400000000002,2.6328389830508536,8.9762711864407,0.049000000000006594,1
2888,3682,27.988799999999998,1.749999999999973,3.4999999999998117,0.04879999999999818,1
