stock1,stock2,trade_capital,open,loss,reward,open_num
2308,9910,1068.5700000000002,1.749999999999973,3.4999999999998117,1.07000000000005,1
2801,6269,200.60250000000002,2.086678832116794,6.2883211678832325,1.0024999999999977,1
2883,2603,46.08522,2.980046948356806,13.515845070422579,0.015220000000002898,1
2885,2376,136.7645,3.693027210884357,6.0739795918367605,-0.930499999999995,1
1504,2603,143.235,2.086678832116794,6.2883211678832325,-0.3999999999999986,1
1504,2610,95.93260000000001,2.193017888055368,4.018753606462444,-0.5130499999999927,1
2383,6269,501.96200000000005,1.4751902346226717,3.9999999999997113,2.562000000000012,1
2603,6269,218.5,2.086678832116794,6.2883211678832325,0.7000000000000028,1
