stock1,stock2,trade_capital,open,loss,reward,open_num
2002,1319,166.86,4.151949541284411,10.021788990825703,0.20000000000000284,1
2354,2337,196.5554,4.000000000000004,12.500000000000034,0.15039999999999765,1
3045,2327,588.6775,1.749999999999973,3.4999999999998117,2.177499999999995,1
2313,9938,475.00800000000004,1.1218344155846804,3.0000000000002496,-4.658599999999993,1
2377,9938,661.5435,1.4751902346226717,3.9999999999997113,1.9435000000000286,1
