stock1,stock2,trade_capital,open,loss,reward,open_num
2301,2474,489.6,2.193017888055368,4.018753606462444,1.0,1
2301,3673,322.2,2.6328389830508536,8.9762711864407,1.5,1
2354,2883,117.13500000000002,2.980046948356806,13.515845070422579,-0.25,1
2892,9933,143.41845,2.6328389830508536,8.9762711864407,-0.58155,1
2352,9933,145.31275,2.086678832116794,6.2883211678832325,-0.03725000000000023,1
2337,2344,41.8749,1.4751902346226717,3.9999999999997113,0.06989999999999696,1
5871,9933,396.376,2.6328389830508536,8.9762711864407,-1.1239999999999952,1
