stock1,stock2,trade_capital,open,loss,reward,open_num
2311,9910,803.582,1.4751902346226717,3.9999999999997113,-7.567999999999998,1
1326,2603,164.3505,2.086678832116794,6.2883211678832325,-0.22450000000000614,1
1216,2618,131.28825,2.193017888055368,4.018753606462444,0.3682499999999962,1
2324,3673,196.291,1.749999999999973,3.4999999999998117,0.9410000000000025,1
2412,2823,271.93174999999997,3.2499999999999982,5.500000000000034,0.43174999999999386,1
2412,2371,157.3245,2.086678832116794,6.2883211678832325,0.5745000000000005,1
2412,5264,424.251,2.980046948356806,13.515845070422579,2.5009999999999764,1
2412,6269,785.636,3.693027210884357,6.0739795918367605,3.636000000000024,1
2474,1477,1691.909,3.453852327447829,11.505617977528125,0.4090000000001055,1
2884,2371,110.0295,2.2499999999999822,7.500000000000021,0.32450000000000045,1
3045,2337,165.7014,2.086678832116794,6.2883211678832325,0.0014000000000038426,1
1605,1722,100.41024999999999,2.086678832116794,6.2883211678832325,-0.43975000000000364,1
1605,6269,167.7095,2.086678832116794,6.2883211678832325,-0.1905000000000001,1
2313,2371,57.314699999999995,2.086678832116794,6.2883211678832325,0.14469999999998961,1
2337,2618,91.67415,2.086678832116794,6.2883211678832325,0.1741499999999938,1
2352,2371,81.90355,1.1218344155846804,3.0000000000002496,0.2035499999999999,1
2356,2371,101.61449999999999,1.749999999999973,3.4999999999998117,-0.2255000000000038,1
2356,5264,210.466,2.193017888055368,4.018753606462444,0.4410000000000025,1
2371,2603,102.3345,2.6328389830508536,8.9762711864407,0.32450000000000045,1
2371,2618,100.14864999999999,2.086678832116794,6.2883211678832325,0.09864999999999213,1
2371,9921,202.77450000000002,1.749999999999973,3.4999999999998117,-0.17549999999999955,1
2371,9933,103.8446,1.2162849872773496,7.4631043256997405,0.1945999999999941,1
2448,5264,235.52024999999998,3.693027210884357,6.0739795918367605,-1.9857500000000101,1
2618,2915,121.3349,2.6328389830508536,8.9762711864407,0.1348999999999947,1
2618,6176,148.70255,2.6328389830508536,8.9762711864407,-0.24745000000000061,1
2618,6269,193.16875,2.086678832116794,6.2883211678832325,0.41874999999998863,1
3034,9933,259.4585,2.086678832116794,6.2883211678832325,-0.3615000000000066,1
3673,5264,882.455,2.2499999999999822,7.500000000000021,2.955000000000041,1
