stock1,stock2,trade_capital,open,loss,reward,open_num
2474,2439,1183.2225,2.6328389830508536,8.9762711864407,-8.177500000000009,1
