stock1,stock2,trade_capital,open,loss,reward,open_num
2303,3443,340.9675,2.6328389830508536,8.9762711864407,-9.088999999999984,1
2301,1605,100.5582,2.086678832116794,6.2883211678832325,0.018200000000000216,1
2357,2610,286.97975,2.086678832116794,6.2883211678832325,-0.1702500000000029,1
2371,3443,352.56649999999996,1.749999999999973,3.4999999999998117,3.3664999999999736,1
2610,2888,67.06784999999999,2.086678832116794,6.2883211678832325,0.23785000000000167,1
