stock1,stock2,trade_capital,open,loss,reward,open_num
2105,3682,108.9387,1.2162849872773496,7.4631043256997405,-0.5363000000000042,1
2105,5264,204.03,1.4751902346226717,3.9999999999997113,-1.3780000000000001,1
2354,2409,145.73575,2.086678832116794,6.2883211678832325,0.005750000000006139,1
2354,2371,148.97910000000002,1.4751902346226717,3.9999999999997113,0.17910000000000537,1
2354,5264,182.2791,3.2499999999999982,5.500000000000034,-0.07089999999999463,1
2882,5264,429.41575,1.4751902346226717,3.9999999999997113,-3.3462499999999977,1
2633,5871,197.3474,4.000000000000004,12.500000000000034,-0.9025999999999925,1
2891,5880,47.56165,2.980046948356806,13.515845070422579,0.14164999999999495,1
2823,5880,99.88635,2.6328389830508536,8.9762711864407,0.2613500000000002,1
1314,3682,60.03,1.1218344155846804,3.0000000000002496,-0.34999999999999964,1
5880,3231,98.955,2.086678832116794,6.2883211678832325,0.25,1
3045,2371,373.60200000000003,2.086678832116794,6.2883211678832325,1.3020000000000067,1
3045,3231,233.73000000000002,1.4751902346226717,3.9999999999997113,0.9499999999999993,1
1789,2618,113.72425,2.086678832116794,6.2883211678832325,-0.17575000000000784,1
2327,3682,153.2055,1.2162849872773496,7.4631043256997405,-1.069500000000005,1
2371,5264,158.05200000000002,1.749999999999973,3.4999999999998117,0.3020000000000067,1
2344,2610,58.230000000000004,2.086678832116794,6.2883211678832325,0.19999999999999574,1
2344,3682,72.91664999999999,2.6328389830508536,8.9762711864407,-0.013350000000009743,1
2344,5264,183.17775,1.4751902346226717,3.9999999999997113,-1.578249999999997,1
5264,6456,497.44000000000005,1.4751902346226717,3.9999999999997113,1.3400000000000034,1
