stock1,stock2,trade_capital,open,loss,reward,open_num
1216,2357,534.76,3.2499999999999982,5.500000000000034,-2.690499999999986,1
1216,2603,77.9296,2.980046948356806,13.515845070422579,0.2195999999999998,1
2303,2379,146.7,2.193017888055368,4.018753606462444,0.75,1
1102,1216,182.379,4.000000000000004,12.500000000000034,0.3290000000000006,1
1102,3231,150.525,4.000000000000004,12.500000000000034,0.5500000000000007,1
1102,6116,32.129999999999995,4.000000000000004,12.500000000000034,0.10000000000000142,1
1102,6176,190.7538,4.000000000000004,12.500000000000034,0.2038000000000011,1
2357,2049,1118.217,2.086678832116794,6.2883211678832325,3.3170000000000073,1
2382,6505,594.7180000000001,3.2499999999999982,5.500000000000034,1.3279999999999745,1
6505,2603,383.845,3.2499999999999982,5.500000000000034,2.094999999999999,1
1314,1909,69.6336,1.4751902346226717,3.9999999999997113,0.1185999999999936,1
1314,2353,58.57375,1.4751902346226717,3.9999999999997113,0.0737499999999951,1
1314,2356,75.46575,1.4751902346226717,3.9999999999997113,0.08574999999999733,1
1314,2371,20.187150000000003,1.1218344155846804,3.0000000000002496,0.06714999999999804,1
2371,3231,64.79660000000001,1.2162849872773496,7.4631043256997405,0.16659999999999542,1
2379,6285,597.6,2.086678832116794,6.2883211678832325,2.3000000000000114,1
