stock1,stock2,trade_capital,open,loss,reward,open_num
1301,3673,507.6,4.752819548872187,15.016917293233117,2.5,1
2301,2371,157.1612,2.6328389830508536,8.9762711864407,0.3861999999999881,1
2301,3673,438.738,2.6328389830508536,8.9762711864407,1.3880000000000052,1
2330,2618,244.704,3.453852327447829,11.505617977528125,-0.27599999999999625,1
2409,6505,389.0055,1.749999999999973,3.4999999999998117,0.5054999999999836,1
2409,1314,94.785,1.4751902346226717,3.9999999999997113,-0.02999999999999403,1
2887,2049,227.9125,1.749999999999973,3.4999999999998117,0.3125,1
3481,2439,371.651,1.4751902346226717,3.9999999999997113,0.32600000000002183,1
5880,1909,102.84055,1.749999999999973,3.4999999999998117,-0.009450000000008174,1
1314,2352,40.81270000000001,2.086678832116794,6.2883211678832325,0.17770000000000508,1
1536,2371,182.485,1.4751902346226717,3.9999999999997113,0.8600000000000136,1
2352,9938,188.61950000000002,1.4751902346226717,3.9999999999997113,-0.7805000000000035,1
2371,2448,72.90790000000001,2.193017888055368,4.018753606462444,0.2079000000000022,1
2618,3673,154.4755,2.2499999999999822,7.500000000000021,0.6954999999999956,1
2448,3532,248.36700000000002,1.4751902346226717,3.9999999999997113,0.4170000000000016,1
2439,3673,922.92,2.6328389830508536,8.9762711864407,4.96999999999997,1
2439,6269,678.957,2.086678832116794,6.2883211678832325,6.457000000000022,1
3673,6116,139.9405,1.1218344155846804,3.0000000000002496,-0.9336500000000072,1
6269,6456,648.3175,1.4751902346226717,3.9999999999997113,6.917500000000018,1
6269,9938,631.101,1.4751902346226717,3.9999999999997113,4.601000000000013,1
