stock1,stock2,trade_capital,open,loss,reward,open_num
1303,2448,132.2022,2.980046948356806,13.515845070422579,0.1021999999999963,1
2002,6269,233.54725,3.693027210884357,6.0739795918367605,0.5472499999999911,1
2317,2408,370.89,2.980046948356806,13.515845070422579,1.5,1
2317,2371,138.375,2.086678832116794,6.2883211678832325,0.75,1
2317,2610,134.37,2.086678832116794,6.2883211678832325,-0.946399999999997,1
2408,1314,88.7273,1.4751902346226717,3.9999999999997113,0.44729999999999137,1
2880,2371,35.773799999999994,1.749999999999973,3.4999999999998117,-0.2624999999999993,1
2823,2371,66.9576,1.4751902346226717,3.9999999999997113,-0.459850000000003,1
2887,2448,84.555,2.980046948356806,13.515845070422579,0.25,1
6505,2337,163.25875,2.086678832116794,6.2883211678832325,-1.2412500000000009,1
6505,2371,151.544,1.4751902346226717,3.9999999999997113,-1.205999999999996,1
1314,2371,60.387,1.4751902346226717,3.9999999999997113,-0.5344999999999978,1
1319,2337,112.7607,2.086678832116794,6.2883211678832325,-1.0392999999999972,1
1504,2327,232.19400000000002,2.6328389830508536,8.9762711864407,0.9440000000000026,1
1717,2371,79.737,2.086678832116794,6.2883211678832325,-1.0491500000000045,1
2327,2337,163.75725,2.086678832116794,6.2883211678832325,-1.242750000000008,1
2327,6456,385.63800000000003,2.086678832116794,6.2883211678832325,1.8880000000000052,1
2327,9938,297.791,1.1218344155846804,3.0000000000002496,0.39099999999999113,1
2337,2344,66.9975,2.086678832116794,6.2883211678832325,-0.8111999999999924,1
2337,2352,114.67175,3.2499999999999982,5.500000000000034,-0.8619500000000002,1
2337,2542,107.15325,1.4751902346226717,3.9999999999997113,-1.087050000000005,1
2337,2915,108.673,1.4751902346226717,3.9999999999997113,-0.8769999999999953,1
2371,2448,78.97200000000001,1.4751902346226717,3.9999999999997113,0.14700000000000202,1
2371,2603,53.68845,1.4751902346226717,3.9999999999997113,0.08844999999999814,1
2371,2915,97.25735,1.4751902346226717,3.9999999999997113,-0.5426500000000019,1
2371,3673,142.647,1.4751902346226717,3.9999999999997113,-1.2075000000000031,1
2371,4958,114.747,2.193017888055368,4.018753606462444,-0.7156999999999911,1
2352,2371,49.849999999999994,2.086678832116794,6.2883211678832325,-0.4000000000000057,1
2448,3673,247.38049999999998,1.4751902346226717,3.9999999999997113,0.5304999999999893,1
