stock1,stock2,trade_capital,open,loss,reward,open_num
2324,1536,141.39015,2.086678832116794,6.2883211678832325,0.04014999999999702,1
2885,2439,289.40250000000003,2.086678832116794,6.2883211678832325,0.3025000000000091,1
2885,4958,128.387,2.2499999999999822,7.500000000000021,0.28700000000000614,1
2377,6269,308.775,1.4751902346226717,3.9999999999997113,1.7750000000000057,1
