stock1,stock2,trade_capital,open,loss,reward,open_num
2105,1440,247.83029999999997,2.6328389830508536,8.9762711864407,0.28029999999995425,1
2105,2352,91.5404,2.980046948356806,13.515845070422579,0.010400000000004184,1
2409,3673,103.73519999999999,1.749999999999973,3.4999999999998117,0.24519999999999698,1
2454,2352,288.671,2.086678832116794,6.2883211678832325,0.34600000000000364,1
2885,1605,34.593,2.086678832116794,6.2883211678832325,0.07800000000000296,1
2884,1605,68.44290000000001,1.749999999999973,3.4999999999998117,0.14290000000000447,1
3481,2352,27.181,2.6328389830508536,8.9762711864407,0.11100000000000065,1
5880,1605,109.9546,2.2499999999999822,7.500000000000021,0.529599999999995,1
5880,1704,109.89200000000001,2.086678832116794,6.2883211678832325,-0.012999999999998124,1
5880,2888,92.036,2.086678832116794,6.2883211678832325,-0.022999999999996135,1
5880,8464,327.28700000000003,2.086678832116794,6.2883211678832325,3.537000000000006,1
1440,1605,79.3467,1.749999999999973,3.4999999999998117,0.2717000000000027,1
1440,2352,95.91255000000001,2.086678832116794,6.2883211678832325,0.2825500000000005,1
1440,2834,49.455999999999996,4.000000000000004,12.500000000000034,0.1610000000000067,1
1605,2376,96.29570000000001,1.1218344155846804,3.0000000000002496,0.4207000000000036,1
1605,3673,111.35040000000001,1.749999999999973,3.4999999999998117,0.2254000000000076,1
1605,9914,219.824,1.749999999999973,3.4999999999998117,0.9989999999999952,1
