stock1,stock2,trade_capital,open,loss,reward,open_num
2303,2324,86.265,1.4751902346226717,3.9999999999997113,-0.25,1
2303,2439,304.883,2.086678832116794,6.2883211678832325,-1.4375000000000142,1
2303,6269,202.6905,2.6328389830508536,8.9762711864407,0.3404999999999916,1
2408,4938,587.8195,4.752819548872187,15.016917293233117,-2.1204999999999927,1
2408,3034,491.85,2.980046948356806,13.515845070422579,2.0,1
2454,3034,572.4415,1.749999999999973,3.4999999999998117,1.191500000000019,1
2885,4938,152.6909,3.453852327447829,11.505617977528125,0.265900000000002,1
2439,3189,844.216,2.086678832116794,6.2883211678832325,1.565999999999974,1
3702,9921,655.27825,3.2499999999999982,5.500000000000034,-0.9717500000000143,1
