stock1,stock2,trade_capital,open,loss,reward,open_num
2311,2353,117.66749999999999,1.4751902346226717,3.9999999999997113,-0.0975000000000037,1
2105,2303,124.07665,2.086678832116794,6.2883211678832325,-0.023350000000000648,1
2303,2603,89.8041,2.193017888055368,4.018753606462444,0.21409999999998774,1
2633,3045,218.925,2.6328389830508536,8.9762711864407,0.75,1
3034,3706,604.4811,2.086678832116794,6.2883211678832325,2.1811000000000007,1
