stock1,stock2,trade_capital,open,loss,reward,open_num
1326,1434,249.39955,3.2499999999999982,5.500000000000034,-0.6504499999999922,1
2354,1314,146.67725000000002,2.086678832116794,6.2883211678832325,0.2572499999999991,1
2354,2376,259.785,2.6328389830508536,8.9762711864407,-2.3614499999999907,1
2412,3034,977.165,2.6328389830508536,8.9762711864407,-3.634999999999991,1
2881,1314,106.76225,2.086678832116794,6.2883211678832325,0.3572499999999934,1
2886,8150,162.6479,2.086678832116794,6.2883211678832325,-1.5308500000000151,1
1314,2439,252.60725000000002,2.086678832116794,6.2883211678832325,-0.6927500000000038,1
9904,5264,212.9301,2.6328389830508536,8.9762711864407,0.43010000000001014,1
9904,8150,173.97,2.086678832116794,6.2883211678832325,-1.4772000000000105,1
2049,2439,1818.992,1.749999999999973,3.4999999999998117,5.491999999999962,1
2352,3034,199.5246,2.086678832116794,6.2883211678832325,0.4245999999999981,1
2345,5264,431.7134,2.086678832116794,6.2883211678832325,-3.2821000000000424,1
2439,3034,642.6715,1.4751902346226717,3.9999999999997113,0.3714999999999975,1
