stock1,stock2,trade_capital,open,loss,reward,open_num
1314,2344,20.89395,1.4751902346226717,3.9999999999997113,0.06894999999999918,1
9904,2383,209.49315,1.749999999999973,3.4999999999998117,0.4431500000000028,1
1477,2371,378.0,1.2162849872773496,7.4631043256997405,0.5,1
1477,6239,285.48,1.2162849872773496,7.4631043256997405,0.7999999999999972,1
1605,2103,88.065,2.193017888055368,4.018753606462444,-0.8419000000000096,1
2344,2352,91.62625,1.4751902346226717,3.9999999999997113,0.2062499999999936,1
2313,2371,42.480000000000004,1.749999999999973,3.4999999999998117,0.19999999999999574,1
2615,2618,90.70500000000001,1.4751902346226717,3.9999999999997113,0.025000000000005684,1
