stock1,stock2,trade_capital,open,loss,reward,open_num
1303,6269,262.32500000000005,2.086678832116794,6.2883211678832325,0.025000000000005684,1
2303,2887,124.03900000000002,2.086678832116794,6.2883211678832325,-0.2009999999999934,1
2317,6116,171.03300000000002,2.086678832116794,6.2883211678832325,0.15800000000000125,1
2330,2610,273.2915,1.4751902346226717,3.9999999999997113,0.34149999999999636,1
1909,2383,333.995,1.4751902346226717,3.9999999999997113,0.9950000000000259,1
2383,3532,798.77,1.4751902346226717,3.9999999999997113,1.4699999999999989,1
2383,3673,811.37,1.4751902346226717,3.9999999999997113,2.3700000000000045,1
2610,9910,206.8775,1.2162849872773496,7.4631043256997405,-0.12250000000000938,1
3532,6116,158.072,2.086678832116794,6.2883211678832325,0.6970000000000027,1
