stock1,stock2,trade_capital,open,loss,reward,open_num
2303,2409,74.7705,1.749999999999973,3.4999999999998117,0.06550000000000011,1
2474,6269,750.8995,2.193017888055368,4.018753606462444,1.8494999999999777,1
2409,2912,287.2155,2.086678832116794,6.2883211678832325,0.5655000000000001,1
2881,9914,723.735,1.749999999999973,3.4999999999998117,2.650000000000034,1
2891,1536,218.2575,2.6328389830508536,8.9762711864407,0.707499999999996,1
1536,2379,1035.0425,2.086678832116794,6.2883211678832325,2.8424999999999727,1
1536,2615,139.365,2.086678832116794,6.2883211678832325,0.5499999999999972,1
1536,3044,707.4,2.086678832116794,6.2883211678832325,3.5,1
1536,3231,145.07999999999998,2.086678832116794,6.2883211678832325,0.5,1
2353,6269,167.5668,1.4751902346226717,3.9999999999997113,0.01680000000000348,1
2352,2379,206.9185,2.086678832116794,6.2883211678832325,0.41849999999999454,1
2379,6269,809.2239999999999,1.749999999999973,3.4999999999998117,2.173999999999978,1
2371,2379,234.3947,1.4751902346226717,3.9999999999997113,0.2946999999999882,1
2371,6269,393.66,1.4751902346226717,3.9999999999997113,1.6000000000000014,1
2371,9914,644.22,1.749999999999973,3.4999999999998117,2.5,1
3231,6269,146.835,1.749999999999973,3.4999999999998117,-0.9879499999999872,1
5264,6269,545.4009000000001,1.749999999999973,3.4999999999998117,-2.299099999999953,1
