stock1,stock2,trade_capital,open,loss,reward,open_num
1326,1605,153.68755000000002,1.4751902346226717,3.9999999999997113,0.08755000000001445,1
2301,2317,282.45009999999996,1.4751902346226717,3.9999999999997113,0.1500999999999877,1
2317,2883,139.817,2.193017888055368,4.018753606462444,0.6820000000000057,1
2354,2887,154.1514,2.980046948356806,13.515845070422579,0.3264000000000067,1
2454,2103,391.725,1.749999999999973,3.4999999999998117,1.25,1
2886,1605,85.51174999999999,1.4751902346226717,3.9999999999997113,-0.13825000000000287,1
3481,3231,209.96820000000002,3.453852327447829,11.505617977528125,-0.7817999999999898,1
1504,1605,88.25675,1.4751902346226717,3.9999999999997113,0.011749999999995708,1
1605,1722,99.73175,1.4751902346226717,3.9999999999997113,-0.0382499999999979,1
