stock1,stock2,trade_capital,open,loss,reward,open_num
1402,2344,75.52275,2.086678832116794,6.2883211678832325,0.32275000000000276,1
2301,2344,94.528,2.086678832116794,6.2883211678832325,0.10300000000000153,1
2311,2344,74.4759,3.2499999999999982,5.500000000000034,0.22589999999999577,1
2409,2353,36.54235,2.086678832116794,6.2883211678832325,0.16235,1
2409,2448,84.88175,2.086678832116794,6.2883211678832325,0.06174999999999642,1
2474,2344,251.997,2.086678832116794,6.2883211678832325,-0.6529999999999987,1
6505,2353,169.2465,2.086678832116794,6.2883211678832325,0.42149999999999466,1
2344,5871,100.977,2.086678832116794,6.2883211678832325,0.2469999999999999,1
2344,6116,53.790580000000006,1.2162849872773496,7.4631043256997405,-0.2744199999999992,1
2353,2498,140.03825,2.193017888055368,4.018753606462444,0.2982499999999959,1
2353,2542,106.08655,1.749999999999973,3.4999999999998117,0.4115499999999983,1
2618,6116,66.35740000000001,1.4751902346226717,3.9999999999997113,0.0024000000000050647,1
