stock1,stock2,trade_capital,open,loss,reward,open_num
2409,2542,106.55775,1.749999999999973,3.4999999999998117,0.06774999999999665,1
2409,5871,132.25205,1.749999999999973,3.4999999999998117,-0.2479499999999959,1
2882,9938,522.0,1.749999999999973,3.4999999999998117,3.5,1
2887,2355,115.6173,2.086678832116794,6.2883211678832325,0.317300000000003,1
2887,6176,111.06,2.2499999999999822,7.500000000000021,0.3500000000000014,1
1722,2603,215.46000000000004,2.980046948356806,13.515845070422579,0.9000000000000057,1
2344,2371,58.739799999999995,1.749999999999973,3.4999999999998117,-0.32970000000000255,1
2344,2383,166.9685,1.749999999999973,3.4999999999998117,0.5685000000000002,1
2344,6456,183.825,1.749999999999973,3.4999999999998117,0.25,1
2383,2603,173.70000000000002,1.749999999999973,3.4999999999998117,-1.326750000000004,1
