stock1,stock2,trade_capital,open,loss,reward,open_num
2801,2201,89.3115,2.086678832116794,6.2883211678832325,0.20150000000001,1
1319,2610,110.4302,2.086678832116794,6.2883211678832325,0.28020000000000067,1
2201,2610,98.3665,2.086678832116794,6.2883211678832325,0.36650000000000205,1
2610,3682,51.5424,2.980046948356806,13.515845070422579,0.26239999999999597,1
2610,4958,129.5103,1.749999999999973,3.4999999999998117,-0.039699999999996294,1
