stock1,stock2,trade_capital,open,loss,reward,open_num
2303,2357,317.046,1.749999999999973,3.4999999999998117,-0.45400000000000773,1
2303,2881,112.7235,1.4751902346226717,3.9999999999997113,0.33850000000000335,1
2303,1314,82.30234999999999,1.4751902346226717,3.9999999999997113,-0.047650000000002635,1
2454,6505,561.954,2.6328389830508536,8.9762711864407,1.1539999999999964,1
1314,2353,101.774,1.1218344155846804,3.0000000000002496,0.21399999999999153,1
2103,2383,230.1755,2.086678832116794,6.2883211678832325,0.5755000000000052,1
