stock1,stock2,trade_capital,open,loss,reward,open_num
2409,2383,174.377,1.4751902346226717,3.9999999999997113,0.652000000000001,1
4938,1314,138.07150000000001,1.1218344155846804,3.0000000000002496,0.1214999999999975,1
2352,2610,52.08789999999999,1.749999999999973,3.4999999999998117,-0.03610000000000113,1
2352,6414,402.4665,1.749999999999973,3.4999999999998117,-2.9875000000000114,1
2345,2352,154.3295,1.4751902346226717,3.9999999999997113,0.11949999999998795,1
2345,9907,121.53569999999999,0.7288428324698772,4.0090056748083995,0.195699999999988,1
