stock1,stock2,trade_capital,open,loss,reward,open_num
2308,3702,803.883,1.4751902346226717,3.9999999999997113,7.3330000000000055,1
1303,1440,136.553,1.2162849872773496,7.4631043256997405,0.17800000000001148,1
2324,2383,193.36200000000002,1.749999999999973,3.4999999999998117,0.4620000000000033,1
4938,2383,434.5773,2.086678832116794,6.2883211678832325,1.2772999999999968,1
1440,2379,266.4,1.4751902346226717,3.9999999999997113,1.0,1
1440,3034,296.84499999999997,2.086678832116794,6.2883211678832325,1.0449999999999875,1
2383,3702,148.00465,1.4751902346226717,3.9999999999997113,0.504649999999998,1
