stock1,stock2,trade_capital,open,loss,reward,open_num
2105,2409,121.98294999999999,2.086678832116794,6.2883211678832325,0.032949999999992485,1
2409,2801,97.36755000000001,2.980046948356806,13.515845070422579,0.3875500000000045,1
2409,1319,110.95429999999999,1.749999999999973,3.4999999999998117,0.1792999999999978,1
2801,2448,120.8364,3.453852327447829,11.505617977528125,-1.4135999999999953,1
3481,2439,281.475,3.2499999999999982,5.500000000000034,2.0,1
2383,6269,802.955,1.749999999999973,3.4999999999998117,2.0049999999999955,1
