stock1,stock2,trade_capital,open,loss,reward,open_num
2317,3019,680.951,2.6328389830508536,8.9762711864407,2.451000000000036,1
2324,2383,243.01875,2.193017888055368,4.018753606462444,0.26874999999999716,1
2880,1605,99.2015,2.980046948356806,13.515845070422579,0.05149999999999366,1
2881,3673,506.61,1.1218344155846804,3.0000000000002496,5.0,1
9904,2603,80.775,2.086678832116794,6.2883211678832325,-0.3500000000000014,1
9904,9914,761.3149999999999,2.086678832116794,6.2883211678832325,-9.81300000000003,1
1605,3673,153.3176,2.193017888055368,4.018753606462444,0.8175999999999988,1
1605,9914,753.5326,3.2499999999999982,5.500000000000034,-7.4674000000000404,1
2313,9938,286.80150000000003,1.4751902346226717,3.9999999999997113,-1.6620000000000061,1
2344,2371,93.51859999999999,1.2162849872773496,7.4631043256997405,-0.03140000000000498,1
2383,6176,497.4175,2.6328389830508536,8.9762711864407,-3.632499999999993,1
2360,3673,217.08800000000002,1.749999999999973,3.4999999999998117,0.6880000000000024,1
