stock1,stock2,trade_capital,open,loss,reward,open_num
1402,6176,363.47725,2.193017888055368,4.018753606462444,-0.4727499999999978,1
2002,2891,112.92425,2.980046948356806,13.515845070422579,-0.2257499999999979,1
1102,2409,88.98225,3.453852327447829,11.505617977528125,-0.46775000000000233,1
2317,2474,874.8,2.086678832116794,6.2883211678832325,-0.5,1
2317,2633,434.475,2.086678832116794,6.2883211678832325,1.75,1
2317,9904,356.8309,2.086678832116794,6.2883211678832325,-0.2190999999999974,1
2317,1314,133.3669,2.086678832116794,6.2883211678832325,0.01689999999999614,1
2317,2383,677.303,2.086678832116794,6.2883211678832325,-0.44700000000000273,1
2317,2615,339.4785,2.086678832116794,6.2883211678832325,0.4784999999999826,1
2317,2834,143.055,2.086678832116794,6.2883211678832325,0.5499999999999972,1
2317,3044,726.3,2.086678832116794,6.2883211678832325,3.5,1
2408,2884,141.525,2.6328389830508536,8.9762711864407,0.15000000000000568,1
2408,2015,328.2124,3.2499999999999982,5.500000000000034,0.3123999999999967,1
2409,9904,101.14564999999999,3.2499999999999982,5.500000000000034,-0.8543500000000037,1
2409,2449,63.03885,2.6328389830508536,8.9762711864407,-0.3111500000000085,1
2409,6269,195.91049999999998,3.693027210884357,6.0739795918367605,-0.33950000000000813,1
2884,2834,91.03500000000001,2.086678832116794,6.2883211678832325,0.2400000000000002,1
2884,6269,217.07300000000004,2.6328389830508536,8.9762711864407,-0.6519999999999868,1
1319,8150,139.82925,2.980046948356806,13.515845070422579,0.12924999999999187,1
1314,1477,199.54225,1.4751902346226717,3.9999999999997113,-1.4577500000000043,1
1314,3044,180.20774999999998,1.4751902346226717,3.9999999999997113,-0.04225000000000989,1
2615,3044,205.03500000000003,1.2162849872773496,7.4631043256997405,0.4350000000000023,1
3673,6269,382.493,1.4751902346226717,3.9999999999997113,1.6929999999999836,1
