stock1,stock2,trade_capital,open,loss,reward,open_num
1301,1909,286.707,2.086678832116794,6.2883211678832325,0.24699999999998568,1
2883,1314,92.13624999999999,2.086678832116794,6.2883211678832325,0.4962500000000034,1
3481,2103,98.65315000000001,2.193017888055368,4.018753606462444,-0.04684999999999917,1
6505,2492,1024.4175,1.1218344155846804,3.0000000000002496,-0.08249999999998181,1
2353,2492,358.1027,2.086678832116794,6.2883211678832325,-4.764299999999999,1
2618,3706,111.32225,1.1218344155846804,3.0000000000002496,-0.5377500000000026,1
