stock1,stock2,trade_capital,open,loss,reward,open_num
2311,6269,338.993,1.4751902346226717,3.9999999999997113,0.532999999999987,1
2324,2383,210.893,2.6328389830508536,8.9762711864407,0.8930000000000007,1
2881,3443,731.9250000000001,1.4751902346226717,3.9999999999997113,-7.42474999999996,1
2345,3443,469.11699999999996,2.2499999999999822,7.500000000000021,-6.969999999999999,1
2383,3019,229.77949999999998,2.086678832116794,6.2883211678832325,0.6294999999999931,1
3443,4943,873.0,2.086678832116794,6.2883211678832325,-13.87700000000001,1
3443,6269,615.2745,1.749999999999973,3.4999999999998117,-3.430499999999995,1
6116,9914,175.2985,1.749999999999973,3.4999999999998117,0.37349999999999284,1
