stock1,stock2,trade_capital,open,loss,reward,open_num
2881,3034,761.2094999999999,2.086678832116794,6.2883211678832325,-1.4904999999999973,1
2379,6456,499.05,1.749999999999973,3.4999999999998117,-3.6574999999999847,1
