stock1,stock2,trade_capital,open,loss,reward,open_num
2002,1314,72.26350000000001,2.086678832116794,6.2883211678832325,0.14849999999999852,1
2354,1314,121.95,2.086678832116794,6.2883211678832325,0.25,1
2887,3706,89.3312,1.749999999999973,3.4999999999998117,-0.5188000000000024,1
2886,1314,47.7,2.086678832116794,6.2883211678832325,0.25000000000000355,1
3481,1314,52.292649999999995,1.4751902346226717,3.9999999999997113,0.04264999999999475,1
3481,2615,86.664,1.749999999999973,3.4999999999998117,0.11400000000000077,1
6505,1314,154.67000000000002,2.086678832116794,6.2883211678832325,0.4200000000000017,1
