stock1,stock2,trade_capital,open,loss,reward,open_num
2002,2383,269.448,4.151949541284411,10.021788990825703,-2.84675,1
2382,2383,486.90600000000006,3.2499999999999982,5.500000000000034,1.9560000000000173,1
2474,2618,414.5115,1.749999999999973,3.4999999999998117,-0.23850000000000193,1
2344,2383,242.1425,1.749999999999973,3.4999999999998117,0.6924999999999955,1
2383,6116,206.80100000000002,1.4751902346226717,3.9999999999997113,-3.8889999999999887,1
2610,9941,123.48,2.086678832116794,6.2883211678832325,0.6000000000000014,1
2618,3231,103.2465,1.4751902346226717,3.9999999999997113,0.26149999999999807,1
2618,6116,89.1165,1.749999999999973,3.4999999999998117,0.3114999999999988,1
