stock1,stock2,trade_capital,open,loss,reward,open_num
2301,2324,128.07,2.086678832116794,6.2883211678832325,0.5,1
2317,2357,764.59,1.2162849872773496,7.4631043256997405,-1.0599999999999454,1
2324,6456,266.21999999999997,1.4751902346226717,3.9999999999997113,-1.8844000000000136,1
2882,6414,1464.00075,0.5000000000002669,2.500000000000112,-21.24975000000009,1
3231,3532,222.461,2.086678832116794,6.2883211678832325,0.9110000000000014,1
