stock1,stock2,trade_capital,open,loss,reward,open_num
2308,2383,1189.35,1.4751902346226717,3.9999999999997113,9.0,1
2308,2603,214.425,2.980046948356806,13.515845070422579,1.25,1
2474,2023,293.175,2.086678832116794,6.2883211678832325,1.0,1
2409,2023,83.5503,2.2499999999999822,7.500000000000021,0.02529999999999788,1
2885,2603,45.900000000000006,2.086678832116794,6.2883211678832325,0.1999999999999993,1
1536,2633,184.524,1.749999999999973,3.4999999999998117,-1.7219499999999854,1
