stock1,stock2,trade_capital,open,loss,reward,open_num
1102,2317,144.3645,4.752819548872187,15.016917293233117,0.5245000000000033,1
2002,1314,75.30345,1.4751902346226717,3.9999999999997113,-0.7418000000000013,1
2317,6505,850.934,2.6328389830508536,8.9762711864407,-0.26600000000001955,1
2357,1314,337.9375,4.151949541284411,10.021788990825703,-0.8625000000000114,1
2883,1314,70.56030000000001,4.151949541284411,10.021788990825703,-0.3696999999999946,1
2881,1314,93.6,1.4751902346226717,3.9999999999997113,-0.5114000000000019,1
2891,2618,82.215,2.086678832116794,6.2883211678832325,-0.05000000000000071,1
2885,2347,85.23,1.4751902346226717,3.9999999999997113,0.25,1
2885,2888,26.85835,2.193017888055368,4.018753606462444,0.05235000000000234,1
2885,3532,156.947,1.4751902346226717,3.9999999999997113,0.44700000000000273,1
3481,2353,81.9365,2.193017888055368,4.018753606462444,-0.15850000000000186,1
3481,2618,79.70785000000001,1.749999999999973,3.4999999999998117,-0.0921499999999984,1
2912,1314,308.751,1.4751902346226717,3.9999999999997113,-0.6950000000000003,1
2912,2618,322.4275,1.749999999999973,3.4999999999998117,-2.4914999999999736,1
6505,1802,173.58350000000002,1.749999999999973,3.4999999999998117,-0.06650000000000489,1
5880,2498,139.2635,2.6328389830508536,8.9762711864407,0.1735000000000042,1
1314,2353,82.6149,2.086678832116794,6.2883211678832325,-0.6113,1
1314,2618,84.70859999999999,2.193017888055368,4.018753606462444,0.2685999999999993,1
2313,2353,88.1465,2.193017888055368,4.018753606462444,-0.5085000000000015,1
2313,2618,86.3379,1.749999999999973,3.4999999999998117,0.13789999999999836,1
2498,2615,130.0264,2.086678832116794,6.2883211678832325,0.38640000000000896,1
2618,2888,47.356120000000004,1.749999999999973,3.4999999999998117,0.12612000000000556,1
