stock1,stock2,trade_capital,open,loss,reward,open_num
2002,2498,192.21525000000003,2.086678832116794,6.2883211678832325,-0.5347500000000025,1
2002,9910,253.41525000000001,1.749999999999973,3.4999999999998117,0.3652500000000032,1
1314,1319,94.5,1.2162849872773496,7.4631043256997405,0.3999999999999986,1
1314,2356,67.21395000000001,1.4751902346226717,3.9999999999997113,0.4239500000000014,1
1314,2603,103.39375000000001,1.749999999999973,3.4999999999998117,0.3237499999999969,1
2376,2603,115.1782,1.749999999999973,3.4999999999998117,0.37819999999999965,1
2603,9910,200.25,1.1218344155846804,3.0000000000002496,0.5,1
