stock1,stock2,trade_capital,open,loss,reward,open_num
1303,2311,205.82999999999998,3.453852327447829,11.505617977528125,1.90000000000002,1
2311,2352,150.6525,2.980046948356806,13.515845070422579,-0.04749999999999943,1
2303,2454,251.52675000000002,1.749999999999973,3.4999999999998117,-0.423250000000003,1
2303,2880,74.57560000000001,2.086678832116794,6.2883211678832325,0.07560000000000144,1
2303,2891,76.3702,2.193017888055368,4.018753606462444,0.07019999999999982,1
2303,2618,61.605599999999995,2.086678832116794,6.2883211678832325,0.14559999999999462,1
2880,1802,140.77640000000002,2.6328389830508536,8.9762711864407,0.2764000000000095,1
2454,2903,297.60450000000003,3.453852327447829,11.505617977528125,0.3545000000000016,1
2890,3481,76.1145,2.193017888055368,4.018753606462444,-0.6433,1
2887,3481,108.08775,2.193017888055368,4.018753606462444,-0.5400500000000008,1
3481,2345,118.0977,2.980046948356806,13.515845070422579,0.42269999999999897,1
3481,2610,52.473330000000004,3.453852327447829,11.505617977528125,-0.3866700000000023,1
3481,3231,113.2636,2.086678832116794,6.2883211678832325,-1.1571500000000086,1
3481,9945,86.35315,2.086678832116794,6.2883211678832325,-0.9228499999999897,1
1262,1723,817.5625,2.086678832116794,6.2883211678832325,3.0125000000000455,1
1723,2377,266.5625,2.086678832116794,6.2883211678832325,0.602499999999992,1
2347,3673,226.71000000000004,2.6328389830508536,8.9762711864407,-0.20000000000000284,1
2352,2377,148.8,2.086678832116794,6.2883211678832325,0.5750000000000028,1
2352,3702,63.9,3.453852327447829,11.505617977528125,0.29999999999999716,1
2352,9945,109.035,1.749999999999973,3.4999999999998117,0.6000000000000014,1
2610,2915,76.7552,2.086678832116794,6.2883211678832325,0.30119999999999436,1
2615,2903,98.0475,1.749999999999973,3.4999999999998117,-0.6000000000000014,1
2903,3673,164.8041,2.6328389830508536,8.9762711864407,1.5540999999999912,1
