stock1,stock2,trade_capital,open,loss,reward,open_num
1326,2409,149.81324999999998,2.086678832116794,6.2883211678832325,0.1632499999999908,1
2303,2409,39.1821,2.086678832116794,6.2883211678832325,0.03209999999999802,1
2308,6456,818.1,2.086678832116794,6.2883211678832325,2.0,1
2409,2439,236.25000000000003,2.086678832116794,6.2883211678832325,0.75,1
2409,3034,163.514,1.4751902346226717,3.9999999999997113,0.31400000000000006,1
