stock1,stock2,trade_capital,open,loss,reward,open_num
2002,2408,195.5117,4.8633603238866225,7.977058029689605,-1.0883000000000038,1
2002,1536,154.07635,1.4751902346226717,3.9999999999997113,-1.0541499999999964,1
2354,2888,127.47175000000001,2.086678832116794,6.2883211678832325,0.3917499999999947,1
2408,2882,559.317,2.980046948356806,13.515845070422579,0.3170000000000073,1
2408,2327,666.483,2.086678832116794,6.2883211678832325,0.9830000000000041,1
2408,2888,125.37275,2.086678832116794,6.2883211678832325,0.27275000000000915,1
2454,2606,453.88425,2.980046948356806,13.515845070422579,0.38425000000000864,1
2881,1536,698.2488,1.4751902346226717,3.9999999999997113,-0.1512000000000029,1
1536,1704,840.2216000000001,2.086678832116794,6.2883211678832325,-0.17839999999998213,1
1536,2888,161.00549999999998,2.086678832116794,6.2883211678832325,0.8555000000000028,1
2327,2352,440.67400000000004,2.6328389830508536,8.9762711864407,-2.325999999999979,1
2327,3406,1388.1219999999998,1.749999999999973,3.4999999999998117,-7.894999999999982,1
2353,2888,76.1708,2.086678832116794,6.2883211678832325,0.5707999999999949,1
2347,2439,390.82399999999996,2.086678832116794,6.2883211678832325,0.07399999999998386,1
2347,2888,92.62129999999999,2.086678832116794,6.2883211678832325,0.5713000000000008,1
2347,3406,417.82500000000005,2.6328389830508536,8.9762711864407,1.25,1
2606,4958,303.08799999999997,2.086678832116794,6.2883211678832325,-1.7620000000000005,1
