stock1,stock2,trade_capital,open,loss,reward,open_num
2409,2344,140.2779,1.749999999999973,3.4999999999998117,-0.7721000000000089,1
2337,9914,357.923,1.749999999999973,3.4999999999998117,0.4229999999999876,1
2603,9914,193.02100000000002,2.086678832116794,6.2883211678832325,1.1460000000000008,1
