stock1,stock2,trade_capital,open,loss,reward,open_num
2105,6505,407.70000000000005,1.2162849872773496,7.4631043256997405,1.5,1
2317,6505,878.742,1.4751902346226717,3.9999999999997113,-5.958000000000027,1
2474,6505,761.85,1.2162849872773496,7.4631043256997405,-6.0,1
2412,1314,157.238,1.4751902346226717,3.9999999999997113,0.4380000000000024,1
2412,2313,510.408,1.749999999999973,3.4999999999998117,-3.2420000000000186,1
2887,3706,90.749,2.193017888055368,4.018753606462444,-0.4859999999999971,1
1314,2327,138.4944,1.2162849872773496,7.4631043256997405,-0.00560000000000116,1
2376,2618,201.04505,3.2499999999999982,5.500000000000034,0.24504999999997779,1
