stock1,stock2,trade_capital,open,loss,reward,open_num
1216,2449,180.50490000000002,2.193017888055368,4.018753606462444,-0.7325999999999908,1
1216,3706,174.9699,2.980046948356806,13.515845070422579,-0.27009999999999224,1
2354,3706,241.04719999999998,2.980046948356806,13.515845070422579,-0.9278000000000048,1
6505,1605,160.2775,1.749999999999973,3.4999999999998117,0.17749999999999488,1
6505,2383,317.855,1.749999999999973,3.4999999999998117,0.8549999999999898,1
6505,2633,191.3243,2.086678832116794,6.2883211678832325,0.12429999999999097,1
6505,3706,387.33450000000005,1.4751902346226717,3.9999999999997113,1.834500000000034,1
5880,6505,173.5525,2.193017888055368,4.018753606462444,0.4274999999999949,1
5880,2371,80.5068,2.086678832116794,6.2883211678832325,0.5068000000000001,1
5880,6456,179.55,2.086678832116794,6.2883211678832325,0.5,1
2023,2383,169.425,2.086678832116794,6.2883211678832325,0.75,1
2327,2383,176.49,1.1218344155846804,3.0000000000002496,0.5,1
2371,3706,160.965,2.980046948356806,13.515845070422579,-0.049999999999998934,1
2383,2603,170.55,1.749999999999973,3.4999999999998117,0.75,1
2603,9914,215.5545,2.086678832116794,6.2883211678832325,0.05449999999999022,1
