stock1,stock2,trade_capital,open,loss,reward,open_num
2382,8150,160.25685000000001,5.7367647058823605,13.470588235294136,0.42685000000001594,1
2474,3034,1525.855,2.086678832116794,6.2883211678832325,-3.19500000000005,1
3045,8150,409.93580000000003,2.086678832116794,6.2883211678832325,1.9358000000000146,1
2885,3034,166.505,2.086678832116794,6.2883211678832325,0.05500000000000682,1
4938,2353,164.7304,2.980046948356806,13.515845070422579,0.1554000000000002,1
6505,2103,509.1465,1.749999999999973,3.4999999999998117,-2.5534999999999997,1
1909,3034,244.61860000000001,1.749999999999973,3.4999999999998117,0.9686000000000092,1
2352,8150,176.99685,2.6328389830508536,8.9762711864407,0.8768500000000046,1
2448,8150,55.59395000000001,4.752819548872187,15.016917293233117,0.15895000000000437,1
2353,3034,179.9845,2.2499999999999822,7.500000000000021,0.4094999999999942,1
2618,8150,127.11790000000002,2.086678832116794,6.2883211678832325,0.5679000000000016,1
