stock1,stock2,trade_capital,open,loss,reward,open_num
2301,2354,318.05775,4.752819548872187,15.016917293233117,-1.7222500000000025,1
2301,2891,184.2456,4.000000000000004,12.500000000000034,-1.1544000000000096,1
2301,1477,345.77774999999997,3.2499999999999982,5.500000000000034,-1.5732500000000016,1
2301,2449,345.70975,4.8633603238866225,7.977058029689605,-2.0402500000000003,1
2301,2615,65.6026,2.6328389830508536,8.9762711864407,-0.5474000000000068,1
2891,2371,103.2892,2.6328389830508536,8.9762711864407,0.18919999999999781,1
2313,2448,96.80869999999999,2.6328389830508536,8.9762711864407,0.1086999999999918,1
2603,2606,89.12575000000001,1.2162849872773496,7.4631043256997405,0.0557500000000033,1
