stock1,stock2,trade_capital,open,loss,reward,open_num
2303,2454,389.368,2.6328389830508536,8.9762711864407,0.5430000000000064,1
2303,2383,144.9,1.749999999999973,3.4999999999998117,0.8999999999999986,1
2317,2383,1029.5049999999999,1.4751902346226717,3.9999999999997113,0.80499999999995,1
2353,2383,377.64000000000004,1.2162849872773496,7.4631043256997405,1.5999999999999979,1
