stock1,stock2,trade_capital,open,loss,reward,open_num
2823,2360,225.675,1.4751902346226717,3.9999999999997113,1.0,1
1504,1536,271.02175,2.6328389830508536,8.9762711864407,0.5717500000000086,1
2103,2360,210.15,1.749999999999973,3.4999999999998117,0.9000000000000057,1
2360,2915,419.04425000000003,1.1218344155846804,3.0000000000002496,-3.070750000000004,1
2606,6116,96.42949999999999,3.453852327447829,11.505617977528125,-1.2404999999999973,1
2915,6116,105.76525000000001,1.1218344155846804,3.0000000000002496,-1.3812000000000069,1
