stock1,stock2,trade_capital,open,loss,reward,open_num
1314,2201,58.532399999999996,2.086678832116794,6.2883211678832325,0.09740000000000393,1
1314,2915,97.39475,1.2162849872773496,7.4631043256997405,-0.37025000000000574,1
2103,2353,103.635,1.749999999999973,3.4999999999998117,0.45000000000000284,1
2353,2501,54.835,3.2499999999999982,5.500000000000034,-0.26500000000000057,1
2377,8150,127.2655,2.6328389830508536,8.9762711864407,0.3855000000000004,1
