stock1,stock2,trade_capital,open,loss,reward,open_num
1101,2887,70.60395,2.6328389830508536,8.9762711864407,0.22894999999999754,1
2311,9938,284.625,2.086678832116794,6.2883211678832325,-0.5,1
2324,2887,86.35325,2.2499999999999822,7.500000000000021,0.3482499999999966,1
2324,2891,90.7355,3.2499999999999982,5.500000000000034,0.3355000000000068,1
2324,2892,75.3005,2.6328389830508536,8.9762711864407,0.2855000000000132,1
2324,3673,147.0575,1.1218344155846804,3.0000000000002496,0.6574999999999989,1
1434,1536,440.45550000000003,2.6328389830508536,8.9762711864407,1.1555,1
1434,3673,244.988,2.086678832116794,6.2883211678832325,0.4380000000000024,1
1536,2383,817.342,2.980046948356806,13.515845070422579,0.592000000000013,1
1536,3673,586.1595,1.4751902346226717,3.9999999999997113,2.059500000000014,1
1504,1536,671.4,2.086678832116794,6.2883211678832325,3.25,1
2347,3673,374.733,1.4751902346226717,3.9999999999997113,0.6829999999999927,1
2618,3034,181.2065,1.749999999999973,3.4999999999998117,0.4064999999999941,1
3231,3673,218.772,2.6328389830508536,8.9762711864407,0.6219999999999999,1
3673,6176,411.143,1.4751902346226717,3.9999999999997113,1.6730000000000302,1
3673,9938,206.10000000000002,2.086678832116794,6.2883211678832325,1.5,1
6269,6456,632.426,1.4751902346226717,3.9999999999997113,1.5760000000000218,1
