stock1,stock2,trade_capital,open,loss,reward,open_num
2354,3231,218.3505,2.6328389830508536,8.9762711864407,-0.07450000000000045,1
2337,2383,167.5755,2.6328389830508536,8.9762711864407,0.43549999999999045,1
6285,9938,481.05,4.151949541284411,10.021788990825703,-0.5,1
