stock1,stock2,trade_capital,open,loss,reward,open_num
1402,1704,157.23000000000002,4.151949541284411,10.021788990825703,1.1999999999999957,1
2303,2377,198.945,2.980046948356806,13.515845070422579,-1.200000000000017,1
2303,2379,169.83800000000002,2.193017888055368,4.018753606462444,0.4380000000000024,1
2324,9914,218.83275,2.6328389830508536,8.9762711864407,0.18274999999999864,1
2881,2887,117.99494999999999,1.4751902346226717,3.9999999999997113,-0.6050500000000056,1
9904,1605,114.03,2.6328389830508536,8.9762711864407,-0.5999999999999872,1
1704,6456,309.5685,2.086678832116794,6.2883211678832325,0.6684999999999945,1
2344,6456,303.52500000000003,2.980046948356806,13.515845070422579,-0.25,1
