stock1,stock2,trade_capital,open,loss,reward,open_num
1402,2308,277.4725,2.086678832116794,6.2883211678832325,0.4975000000000023,1
2354,2412,283.9866,3.2499999999999982,5.500000000000034,0.33660000000000423,1
2354,5880,165.17700000000002,2.193017888055368,4.018753606462444,0.10700000000001353,1
2354,1605,153.69330000000002,2.086678832116794,6.2883211678832325,0.5683000000000078,1
2354,5264,459.9366,2.086678832116794,6.2883211678832325,-0.3633999999999844,1
2408,2201,127.30090000000001,3.2499999999999982,5.500000000000034,0.28590000000001226,1
2313,2618,133.44845,2.086678832116794,6.2883211678832325,-0.0015499999999946112,1
2834,5264,224.12265000000002,2.086678832116794,6.2883211678832325,-0.0773500000000027,1
