stock1,stock2,trade_capital,open,loss,reward,open_num
1216,2327,659.5155,2.6328389830508536,8.9762711864407,-1.9845000000000255,1
