stock1,stock2,trade_capital,open,loss,reward,open_num
2105,2610,104.8672,2.086678832116794,6.2883211678832325,0.3421999999999983,1
1402,9945,169.99475,2.980046948356806,13.515845070422579,0.3697499999999998,1
2409,2015,111.632,2.086678832116794,6.2883211678832325,0.18200000000000216,1
2881,2883,96.04775000000001,1.749999999999973,3.4999999999998117,0.09774999999999778,1
2881,2891,106.61595,2.193017888055368,4.018753606462444,0.16595000000000226,1
2881,3532,642.3671,2.086678832116794,6.2883211678832325,1.867100000000022,1
2887,1704,105.75,1.749999999999973,3.4999999999998117,0.3500000000000014,1
3481,6239,142.9378,2.086678832116794,6.2883211678832325,0.08780000000000143,1
2015,3532,514.8507999999999,1.749999999999973,3.4999999999998117,0.15079999999989013,1
2498,3532,608.8679,1.4751902346226717,3.9999999999997113,0.8679000000000201,1
2610,3532,149.5584,1.4751902346226717,3.9999999999997113,0.15840000000000032,1
3443,3532,739.774,1.4751902346226717,3.9999999999997113,2.7740000000000293,1
3532,6239,466.0975,1.749999999999973,3.4999999999998117,0.5974999999999682,1
