stock1,stock2,trade_capital,open,loss,reward,open_num
1216,2313,354.7134,3.2499999999999982,5.500000000000034,0.9384000000000015,1
3481,3443,357.053,2.6328389830508536,8.9762711864407,2.8530000000000086,1
1802,2327,294.525,2.086678832116794,6.2883211678832325,0.5,1
1802,2337,123.8615,2.086678832116794,6.2883211678832325,0.13649999999999807,1
3443,9914,962.015,2.086678832116794,6.2883211678832325,3.9149999999999636,1
