stock1,stock2,trade_capital,open,loss,reward,open_num
2303,2439,241.24200000000002,2.6328389830508536,8.9762711864407,-0.8079999999999927,1
2303,9910,177.9325,2.6328389830508536,8.9762711864407,0.13249999999999318,1
2105,2449,315.3715,4.000000000000004,12.500000000000034,-1.3485000000000298,1
2408,2379,633.6,1.4751902346226717,3.9999999999997113,4.0,1
2409,2474,415.99825,3.2499999999999982,5.500000000000034,-2.0017500000000013,1
2474,1536,649.047,2.086678832116794,6.2883211678832325,0.5470000000000255,1
2474,2353,435.1905,2.6328389830508536,8.9762711864407,0.6905000000000001,1
2474,9910,867.6,1.4751902346226717,3.9999999999997113,7.0,1
2633,9910,240.08100000000002,1.749999999999973,3.4999999999998117,0.3810000000000002,1
1536,2618,220.08775000000003,1.4751902346226717,3.9999999999997113,-0.912249999999986,1
1723,2352,474.027,1.749999999999973,3.4999999999998117,-1.3480000000000132,1
1723,2449,260.54775,2.6328389830508536,8.9762711864407,1.0477500000000077,1
1723,2915,362.878,1.749999999999973,3.4999999999998117,-3.1306999999999903,1
2344,2449,199.81150000000002,2.980046948356806,13.515845070422579,-0.8985000000000056,1
2313,2618,97.30720000000001,1.4751902346226717,3.9999999999997113,-0.39279999999999404,1
2376,2379,238.68,2.086678832116794,6.2883211678832325,1.200000000000017,1
2449,9910,260.54775,3.453852327447829,11.505617977528125,1.5477500000000077,1
2379,2439,383.9405,1.4751902346226717,3.9999999999997113,1.440499999999986,1
2379,9910,992.5350000000001,1.749999999999973,3.4999999999998117,4.835000000000036,1
2618,9910,182.78175,1.4751902346226717,3.9999999999997113,0.2817500000000024,1
9910,9945,277.656,2.086678832116794,6.2883211678832325,0.8810000000000002,1
