stock1,stock2,trade_capital,open,loss,reward,open_num
1326,1605,125.09440000000001,2.6328389830508536,8.9762711864407,0.49439999999999884,1
1326,2015,506.1311,2.6328389830508536,8.9762711864407,2.531099999999995,1
2412,3406,555.681,2.086678832116794,6.2883211678832325,1.6809999999999832,1
6505,2371,210.8655,1.4751902346226717,3.9999999999997113,-0.13450000000000273,1
6505,3406,473.65999999999997,2.086678832116794,6.2883211678832325,-1.6899999999999977,1
1909,2371,113.55959999999999,1.4751902346226717,3.9999999999997113,0.26959999999998985,1
