stock1,stock2,trade_capital,open,loss,reward,open_num
2311,1802,129.0118,2.980046948356806,13.515845070422579,0.1618000000000066,1
2880,2049,259.74649999999997,2.980046948356806,13.515845070422579,0.9964999999999975,1
1707,2204,325.271,2.2499999999999822,7.500000000000021,1.320999999999998,1
1802,2345,138.76600000000002,1.4751902346226717,3.9999999999997113,0.5859999999999985,1
2103,2352,107.39215,2.6328389830508536,8.9762711864407,0.3921500000000009,1
2204,3682,77.539,3.2499999999999982,5.500000000000034,-0.1059999999999981,1
2352,2449,68.94,3.693027210884357,6.0739795918367605,0.34999999999999787,1
2352,2888,81.85593,2.6328389830508536,8.9762711864407,0.3259299999999996,1
2615,6116,47.917,1.4751902346226717,3.9999999999997113,-0.14299999999999713,1
5871,9933,241.02,2.086678832116794,6.2883211678832325,1.4999999999999858,1
