stock1,stock2,trade_capital,open,loss,reward,open_num
2324,2618,62.23245,2.086678832116794,6.2883211678832325,0.13745000000000474,1
2324,3682,57.867450000000005,2.086678832116794,6.2883211678832325,0.1874499999999948,1
2408,1605,111.87,1.2162849872773496,7.4631043256997405,-0.9499999999999957,1
2884,3682,65.64195000000001,1.4751902346226717,3.9999999999997113,0.1919499999999985,1
2891,9910,213.075,2.980046948356806,13.515845070422579,1.25,1
3481,2618,57.1332,2.086678832116794,6.2883211678832325,0.0031999999999996476,1
1536,3673,549.222,1.4751902346226717,3.9999999999997113,-4.732499999999959,1
1605,3673,153.711,2.086678832116794,6.2883211678832325,0.5609999999999999,1
2337,3673,167.91825,2.6328389830508536,8.9762711864407,0.7682499999999948,1
2337,6239,180.70625,1.4751902346226717,3.9999999999997113,0.45624999999999716,1
2353,6456,319.22200000000004,2.086678832116794,6.2883211678832325,-8.765500000000017,1
2355,2618,179.235,3.453852327447829,11.505617977528125,0.6499999999999915,1
3406,3682,364.50000000000006,1.749999999999973,3.4999999999998117,1.75,1
