stock1,stock2,trade_capital,open,loss,reward,open_num
1303,3673,695.992,1.749999999999973,3.4999999999998117,4.141999999999996,1
2324,1536,212.625,2.6328389830508536,8.9762711864407,0.5,1
2105,2371,126.71869999999998,1.1218344155846804,3.0000000000002496,-1.2313000000000116,1
2891,1536,191.25,2.086678832116794,6.2883211678832325,0.20000000000000284,1
2890,3231,87.82605000000001,2.6328389830508536,8.9762711864407,0.06105000000000871,1
1434,1536,510.07500000000005,1.4751902346226717,3.9999999999997113,2.0,1
1704,1802,244.03500000000003,2.086678832116794,6.2883211678832325,-2.3588000000000022,1
2344,3231,145.21305,2.6328389830508536,8.9762711864407,0.16305000000000902,1
