stock1,stock2,trade_capital,open,loss,reward,open_num
1216,3045,685.8,2.6328389830508536,8.9762711864407,0.5,1
2317,3045,513.45,2.6328389830508536,8.9762711864407,2.5,1
2317,2327,913.12,1.749999999999973,3.4999999999998117,-4.894999999999982,1
2454,9945,363.8956,3.2499999999999982,5.500000000000034,-1.8678999999999917,1
2881,2887,111.82000000000001,2.6328389830508536,8.9762711864407,0.14000000000000057,1
2880,6176,155.28275,2.193017888055368,4.018753606462444,-0.21725000000000705,1
2823,3045,564.1872500000001,2.6328389830508536,8.9762711864407,3.2872500000000002,1
2887,6505,173.9765,2.086678832116794,6.2883211678832325,-0.2734999999999985,1
2887,2356,94.86455000000001,2.086678832116794,6.2883211678832325,-0.08544999999999447,1
2887,9910,193.99,1.749999999999973,3.4999999999998117,0.5400000000000063,1
3045,9910,536.4,2.193017888055368,4.018753606462444,0.5,1
2890,3481,79.749,2.086678832116794,6.2883211678832325,0.5,1
2884,3045,158.68125,2.6328389830508536,8.9762711864407,0.48125000000000284,1
2891,1536,226.1985,3.2499999999999982,5.500000000000034,-0.05150000000000432,1
4938,1536,727.5065999999999,1.749999999999973,3.4999999999998117,4.706599999999995,1
6505,3034,520.65,2.086678832116794,6.2883211678832325,2.5,1
1722,6269,267.8002,2.086678832116794,6.2883211678832325,-0.29980000000000473,1
2327,2498,423.39549999999997,2.193017888055368,4.018753606462444,1.1954999999999956,1
