stock1,stock2,trade_capital,open,loss,reward,open_num
2347,9945,218.932,3.453852327447829,11.505617977528125,0.556999999999995,1
