stock1,stock2,trade_capital,open,loss,reward,open_num
1504,1536,232.85000000000002,4.000000000000004,12.500000000000034,0.375,1
3406,4904,586.076,4.000000000000004,12.500000000000034,-7.423999999999978,1
