stock1,stock2,trade_capital,open,loss,reward,open_num
1314,3026,250.75799999999998,3.2499999999999982,5.500000000000034,-1.8170000000000073,1
1314,3406,510.4765,3.2499999999999982,5.500000000000034,6.901499999999999,1
1909,6269,179.4025,3.2499999999999982,5.500000000000034,-0.4725000000000108,1
2439,6269,641.761,2.6328389830508536,8.9762711864407,7.510999999999996,1
