stock1,stock2,trade_capital,open,loss,reward,open_num
2308,2379,561.2955000000001,2.193017888055368,4.018753606462444,0.14550000000002683,1
2891,3532,628.11,1.749999999999973,3.4999999999998117,-4.389999999999986,1
