stock1,stock2,trade_capital,open,loss,reward,open_num
1605,2812,69.5325,2.6328389830508536,8.9762711864407,0.192499999999999,1
