stock1,stock2,trade_capital,open,loss,reward,open_num
1326,2345,228.313,3.2499999999999982,5.500000000000034,-1.1869999999999976,1
