stock1,stock2,trade_capital,open,loss,reward,open_num
2383,6285,246.981,2.980046948356806,13.515845070422579,-0.04899999999999238,1
