stock1,stock2,trade_capital,open,loss,reward,open_num
1229,2379,294.2235,2.6328389830508536,8.9762711864407,-0.026499999999998636,1
1402,2344,166.23000000000002,2.980046948356806,13.515845070422579,0.799999999999983,1
2344,3008,3761.2855,2.6328389830508536,8.9762711864407,-30.2145,1
