stock1,stock2,trade_capital,open,loss,reward,open_num
3019,3406,938.8125,3.693027210884357,6.0739795918367605,0.8125,1
