stock1,stock2,trade_capital,open,loss,reward,open_num
2371,2377,210.01500000000001,2.6328389830508536,8.9762711864407,-0.549999999999983,1
2371,3034,675.36,2.6328389830508536,8.9762711864407,10.600000000000009,1
2498,9904,190.8725,2.980046948356806,13.515845070422579,-0.027499999999996305,1
