stock1,stock2,trade_capital,open,loss,reward,open_num
3019,9938,592.56,2.980046948356806,13.515845070422579,0.6000000000000227,1
