stock1,stock2,trade_capital,open,loss,reward,open_num
2049,2345,685.28,4.000000000000004,12.500000000000034,8.180000000000007,1
2313,5880,115.4285,3.453852327447829,11.505617977528125,-0.021500000000003183,1
2344,2723,281.925,2.6328389830508536,8.9762711864407,0.5,1
