stock1,stock2,trade_capital,open,loss,reward,open_num
3532,6269,348.32949999999994,2.086678832116794,6.2883211678832325,0.1594999999999942,1
