stock1,stock2,trade_capital,open,loss,reward,open_num
2027,2492,602.188,1.4751902346226717,3.9999999999997113,1.4379999999999882,1
2492,9910,684.046,1.749999999999973,3.4999999999998117,0.2459999999999809,1
