stock1,stock2,trade_capital,open,loss,reward,open_num
2049,2448,540.6445,4.752819548872187,15.016917293233117,-0.10550000000000637,1
2308,2492,864.8465,2.6328389830508536,8.9762711864407,3.846499999999992,1
2408,2492,757.0889999999999,2.980046948356806,13.515845070422579,-0.16100000000000136,1
