stock1,stock2,trade_capital,open,loss,reward,open_num
2345,3443,390.298,2.086678832116794,6.2883211678832325,-3.3119999999999834,1
3443,3702,477.62600000000003,6.071428571428564,16.47435897435901,0.5760000000000218,1
