stock1,stock2,trade_capital,open,loss,reward,open_num
2885,6116,37.0256,3.693027210884357,6.0739795918367605,-0.0023999999999997357,1
