stock1,stock2,trade_capital,open,loss,reward,open_num
1590,2603,399.571,3.2499999999999982,5.500000000000034,-0.028999999999996362,1
2049,2887,384.2105,3.2499999999999982,5.500000000000034,-6.676749999999984,1
2371,6505,246.67325,3.2499999999999982,5.500000000000034,0.07325000000000159,1
2887,3406,521.18175,2.6328389830508536,8.9762711864407,-11.068249999999992,1
