stock1,stock2,trade_capital,open,loss,reward,open_num
2439,3443,1880.7,2.086678832116794,6.2883211678832325,0.20000000000004547,1
