stock1,stock2,trade_capital,open,loss,reward,open_num
2049,6505,861.83,3.693027210884357,6.0739795918367605,-6.178999999999974,1
