stock1,stock2,trade_capital,open,loss,reward,open_num
2204,2618,50.175,4.752819548872187,15.016917293233117,0.04999999999999716,1
2474,2618,328.275,3.2499999999999982,5.500000000000034,-0.346500000000006,1
