stock1,stock2,trade_capital,open,loss,reward,open_num
2327,2409,508.408,3.2499999999999982,5.500000000000034,-0.44200000000000017,1
2327,3443,1761.3809999999999,3.2499999999999982,5.500000000000034,-2.619000000000028,1
2492,3443,1905.3809999999999,4.752819548872187,15.016917293233117,-5.119000000000028,1
2492,9933,454.35299999999995,4.000000000000004,12.500000000000034,0.2529999999999859,1
