stock1,stock2,trade_capital,open,loss,reward,open_num
1536,2409,178.875,2.193017888055368,4.018753606462444,0.75,1
2027,2409,109.4184,2.193017888055368,4.018753606462444,0.09340000000000259,1
2049,2344,337.983,2.980046948356806,13.515845070422579,-1.7669999999999817,1
2344,6456,207.37599999999998,2.6328389830508536,8.9762711864407,-0.37400000000000944,1
