stock1,stock2,trade_capital,open,loss,reward,open_num
2492,3443,1845.546,1.749999999999973,3.4999999999998117,8.79600000000005,1
