stock1,stock2,trade_capital,open,loss,reward,open_num
1102,1301,619.4475,2.980046948356806,13.515845070422579,0.9474999999999909,1
2345,2492,738.8025,1.1218344155846804,3.0000000000002496,-0.09749999999996817,1
