stock1,stock2,trade_capital,open,loss,reward,open_num
1477,2344,225.23400000000004,2.980046948356806,13.515845070422579,-0.715999999999994,1
2308,2344,189.234,2.980046948356806,13.515845070422579,0.534000000000006,1
3443,3532,452.688,2.980046948356806,13.515845070422579,1.3880000000000052,1
