stock1,stock2,trade_capital,open,loss,reward,open_num
1326,2915,394.55699999999996,3.2499999999999982,5.500000000000034,-0.9630000000000223,1
1605,2498,89.56155000000001,1.4751902346226717,3.9999999999997113,-0.053449999999998,1
2412,2492,646.056,4.752819548872187,15.016917293233117,-0.4440000000000168,1
2492,2618,228.9345,4.752819548872187,15.016917293233117,-0.24049999999999727,1
2498,2915,274.0266,1.4751902346226717,3.9999999999997113,1.6015999999999906,1
