stock1,stock2,trade_capital,open,loss,reward,open_num
1314,6116,97.785,4.000000000000004,12.500000000000034,0.25,1
