stock1,stock2,trade_capital,open,loss,reward,open_num
1477,2337,237.26125000000002,2.6328389830508536,8.9762711864407,0.7112500000000068,1
2303,3406,261.10875,2.6328389830508536,8.9762711864407,1.5587499999999963,1
2439,3406,1608.1399999999999,3.453852327447829,11.505617977528125,-1.3600000000000136,1
2492,3406,903.0699999999999,2.980046948356806,13.515845070422579,-0.4300000000000068,1
2606,3406,336.486,2.086678832116794,6.2883211678832325,-4.813999999999993,1
2884,3443,300.1245,5.7367647058823605,13.470588235294136,0.12450000000001182,1
2882,3406,444.05825000000004,4.000000000000004,12.500000000000034,1.2582500000000039,1
