stock1,stock2,trade_capital,open,loss,reward,open_num
3532,4958,473.4815,4.000000000000004,12.500000000000034,0.9814999999999827,1
3532,5871,621.45,2.6328389830508536,8.9762711864407,3.5,1
