stock1,stock2,trade_capital,open,loss,reward,open_num
2344,2882,129.14159999999998,1.4751902346226717,3.9999999999997113,0.09159999999999968,1
2347,2883,98.25434999999999,2.086678832116794,6.2883211678832325,-0.09565000000000623,1
2347,3019,313.10785,2.086678832116794,6.2883211678832325,-0.44214999999999804,1
2347,9904,252.241,2.086678832116794,6.2883211678832325,-1.0089999999999861,1
