stock1,stock2,trade_capital,open,loss,reward,open_num
1216,3406,495.6988,2.086678832116794,6.2883211678832325,-4.401200000000017,1
1477,3532,1132.7975000000001,2.6328389830508536,8.9762711864407,0.7975000000000136,1
2301,3532,597.145,1.1218344155846804,3.0000000000002496,-4.145000000000053,1
2330,2492,1157.346,2.086678832116794,6.2883211678832325,0.09600000000000364,1
2330,3406,1191.6,1.2162849872773496,7.4631043256997405,3.0,1
2360,3532,692.4164999999999,2.086678832116794,6.2883211678832325,-4.583500000000043,1
2492,3532,474.63750000000005,2.980046948356806,13.515845070422579,-11.478999999999985,1
3406,3532,419.17499999999995,2.6328389830508536,8.9762711864407,-2.1750000000000114,1
