stock1,stock2,trade_capital,open,loss,reward,open_num
2327,3532,1938.5100000000002,1.749999999999973,3.4999999999998117,-21.704000000000065,1
