stock1,stock2,trade_capital,open,loss,reward,open_num
2371,3044,425.1084,3.453852327447829,11.505617977528125,-0.19159999999996558,1
