stock1,stock2,trade_capital,open,loss,reward,open_num
1301,2449,187.901,2.980046948356806,13.515845070422579,-0.33899999999999864,1
