stock1,stock2,trade_capital,open,loss,reward,open_num
2357,2371,346.09925,4.151949541284411,10.021788990825703,-0.30074999999999363,1
