stock1,stock2,trade_capital,open,loss,reward,open_num
2448,2454,480.9915,5.7367647058823605,13.470588235294136,-1.208500000000015,1
