stock1,stock2,trade_capital,open,loss,reward,open_num
1536,2324,200.7,6.408839779005503,10.95488029465933,-2.413749999999993,1
1605,4938,99.315,4.752819548872187,15.016917293233117,-0.30000000000000426,1
2345,2603,546.395,2.086678832116794,6.2883211678832325,5.955000000000041,1
2439,6505,1049.3049999999998,2.6328389830508536,8.9762711864407,0.30499999999995,1
2603,3532,193.36625,3.693027210884357,6.0739795918367605,-0.1837500000000034,1
