stock1,stock2,trade_capital,open,loss,reward,open_num
2603,3532,546.60525,1.1218344155846804,3.0000000000002496,-7.39475000000003,1
