stock1,stock2,trade_capital,open,loss,reward,open_num
2371,2454,423.2225,2.980046948356806,13.515845070422579,-0.07749999999998636,1
