stock1,stock2,trade_capital,open,loss,reward,open_num
1314,2439,167.9305,2.6328389830508536,8.9762711864407,0.3305000000000007,1
1477,2885,218.70000000000002,4.000000000000004,12.500000000000034,0.75,1
2439,2454,434.7,3.2499999999999982,5.500000000000034,-0.5,1
2439,2867,180.84300000000002,3.2499999999999982,5.500000000000034,0.043000000000006366,1
