stock1,stock2,trade_capital,open,loss,reward,open_num
1605,6269,188.63240000000002,2.6328389830508536,8.9762711864407,-0.7676000000000016,1
2327,6269,1525.4099999999999,2.980046948356806,13.515845070422579,20.409999999999968,1
