stock1,stock2,trade_capital,open,loss,reward,open_num
2379,3532,822.662,2.086678832116794,6.2883211678832325,-5.338000000000022,1
2439,3532,540.8725000000001,4.000000000000004,12.500000000000034,-5.1274999999999835,1
