stock1,stock2,trade_capital,open,loss,reward,open_num
2327,2633,494.8725,2.6328389830508536,8.9762711864407,11.322499999999991,1
2812,2823,79.32175,3.693027210884357,6.0739795918367605,0.14174999999999827,1
