stock1,stock2,trade_capital,open,loss,reward,open_num
1314,3443,433.575,2.086678832116794,6.2883211678832325,5.0,1
2027,3443,739.0799999999999,1.4751902346226717,3.9999999999997113,-11.935099999999949,1
2308,3443,422.492,2.086678832116794,6.2883211678832325,-0.7079999999999984,1
2337,6116,54.4362,2.6328389830508536,8.9762711864407,0.4361999999999959,1
2344,3443,250.4125,1.749999999999973,3.4999999999998117,-2.5600000000000023,1
2408,3443,545.7897,1.4751902346226717,3.9999999999997113,-5.7523000000000195,1
3532,6456,629.55,1.4751902346226717,3.9999999999997113,5.5,1
3443,9945,270.9,1.4751902346226717,3.9999999999997113,-0.09999999999999432,1
