stock1,stock2,trade_capital,open,loss,reward,open_num
2353,2371,156.153,1.749999999999973,3.4999999999998117,-0.18700000000000117,1
