stock1,stock2,trade_capital,open,loss,reward,open_num
1326,3532,748.7470000000001,4.752819548872187,15.016917293233117,0.7470000000000425,1
2371,2610,49.8313,5.7367647058823605,13.470588235294136,0.13129999999999953,1
2371,3532,264.4565,5.7367647058823605,13.470588235294136,0.4064999999999941,1
