stock1,stock2,trade_capital,open,loss,reward,open_num
3019,9910,573.35,1.749999999999973,3.4999999999998117,-2.0999999999999943,1
3443,3532,937.7760000000001,2.193017888055368,4.018753606462444,2.7760000000000105,1
