stock1,stock2,trade_capital,open,loss,reward,open_num
2498,2888,82.26625,2.086678832116794,6.2883211678832325,-0.10875000000000057,1
