stock1,stock2,trade_capital,open,loss,reward,open_num
1536,1909,306.48525,1.749999999999973,3.4999999999998117,1.4352499999999964,1
1909,2395,384.086,1.1218344155846804,3.0000000000002496,1.186000000000007,1
2105,2395,440.95000000000005,1.749999999999973,3.4999999999998117,4.75,1
2301,6414,594.18,3.2499999999999982,5.500000000000034,-7.065299999999979,1
2395,2915,478.3375,1.4751902346226717,3.9999999999997113,4.137499999999989,1
2395,6456,1679.055,1.1218344155846804,3.0000000000002496,21.754999999999995,1
2890,6414,495.641,2.6328389830508536,8.9762711864407,6.591000000000001,1
2915,3231,232.78,1.749999999999973,3.4999999999998117,-3.9297499999999985,1
3034,6414,2658.258,1.749999999999973,3.4999999999998117,-46.114499999999964,1
