stock1,stock2,trade_capital,open,loss,reward,open_num
1229,5871,221.99530000000001,3.453852327447829,11.505617977528125,0.8952999999999989,1
3481,5871,146.69025,3.2499999999999982,5.500000000000034,0.3402499999999975,1
