stock1,stock2,trade_capital,open,loss,reward,open_num
2344,3532,217.51749999999998,1.4751902346226717,3.9999999999997113,-0.45750000000001023,1
2360,6505,1198.8000000000002,1.749999999999973,3.4999999999998117,-6.0,1
3026,3532,1079.5325,1.1218344155846804,3.0000000000002496,-0.5175000000000409,1
