stock1,stock2,trade_capital,open,loss,reward,open_num
1536,6269,463.1065,4.000000000000004,12.500000000000034,-0.8934999999999889,1
2327,5264,1024.201,1.749999999999973,3.4999999999998117,4.801000000000045,1
2330,6269,792.1165,4.752819548872187,15.016917293233117,5.116499999999945,1
2352,6269,314.546,4.000000000000004,12.500000000000034,-0.40399999999999636,1
2915,6269,593.452,4.000000000000004,12.500000000000034,-0.70799999999997,1
