stock1,stock2,trade_capital,open,loss,reward,open_num
1326,3406,1298.1925,3.2499999999999982,5.500000000000034,0.6924999999999955,1
1605,3406,410.8637,1.749999999999973,3.4999999999998117,3.7637000000000107,1
2337,3532,262.51099999999997,3.2499999999999982,5.500000000000034,-0.8389999999999986,1
2360,3026,1497.9450000000002,4.000000000000004,12.500000000000034,1.8450000000000273,1
