stock1,stock2,trade_capital,open,loss,reward,open_num
2618,3406,434.44275,2.980046948356806,13.515845070422579,-4.057249999999996,1
