stock1,stock2,trade_capital,open,loss,reward,open_num
2337,3443,268.85825,2.6328389830508536,8.9762711864407,2.2082500000000067,1
