stock1,stock2,trade_capital,open,loss,reward,open_num
1590,6505,858.7705000000001,3.453852327447829,11.505617977528125,0.5205000000000268,1
6269,2439,641.2625,2.086678832116794,6.2883211678832325,7.012499999999989,1
1314,3406,510.4765,3.453852327447829,11.505617977528125,6.901499999999999,1
2352,3532,236.233,4.752819548872187,15.016917293233117,-0.4170000000000016,1
