stock1,stock2,trade_capital,open,loss,reward,open_num
3443,2439,1190.7675,2.6328389830508536,8.9762711864407,17.86749999999995,1
2439,3532,666.4945,2.980046948356806,13.515845070422579,6.9944999999999595,1
