stock1,stock2,trade_capital,open,loss,reward,open_num
1605,2492,435.218,3.2499999999999982,5.500000000000034,-1.8379999999999797,1
