stock1,stock2,trade_capital,open,loss,reward,open_num
6176,2379,578.359,3.453852327447829,11.505617977528125,-1.2410000000000139,1
2618,3008,3472.2,2.6328389830508536,8.9762711864407,10.0,1
