stock1,stock2,trade_capital,open,loss,reward,open_num
2371,2492,569.03775,1.4751902346226717,3.9999999999997113,-12.962250000000012,1
