stock1,stock2,trade_capital,open,loss,reward,open_num
2379,1477,507.15,2.086678832116794,6.2883211678832325,1.0,1
2379,3034,792.5245,2.086678832116794,6.2883211678832325,-5.975500000000011,1
2379,6116,168.6689,3.453852327447829,11.505617977528125,0.9188999999999936,1
