stock1,stock2,trade_capital,open,loss,reward,open_num
1536,2448,520.66155,1.749999999999973,3.4999999999998117,4.01155,1
