stock1,stock2,trade_capital,open,loss,reward,open_num
1605,2888,36.15915,3.453852327447829,11.505617977528125,-0.20084999999999908,1
1102,2492,240.7305,2.086678832116794,6.2883211678832325,-0.569500000000005,1
1301,2383,191.6455,2.193017888055368,4.018753606462444,0.6954999999999956,1
