stock1,stock2,trade_capital,open,loss,reward,open_num
1101,2439,503.485,5.7367647058823605,13.470588235294136,-3.015000000000015,1
2439,3532,540.8725000000001,3.693027210884357,6.0739795918367605,-4.6274999999999835,1
