stock1,stock2,trade_capital,open,loss,reward,open_num
2610,3034,165.6805,3.453852327447829,11.505617977528125,-0.6694999999999993,1
