stock1,stock2,trade_capital,open,loss,reward,open_num
2439,3034,704.038,2.980046948356806,13.515845070422579,2.0880000000000223,1
