stock1,stock2,trade_capital,open,loss,reward,open_num
2360,1504,205.42849999999999,2.980046948356806,13.515845070422579,-0.2715000000000032,1
2379,2474,1844.8425,2.193017888055368,4.018753606462444,-14.152000000000044,1
3406,3532,727.5840000000001,2.086678832116794,6.2883211678832325,-1.6659999999999968,1
