stock1,stock2,trade_capital,open,loss,reward,open_num
2449,3044,191.97,4.151949541284411,10.021788990825703,-2.2350999999999885,1
2492,3026,2041.096,2.6328389830508536,8.9762711864407,6.346000000000004,1
