stock1,stock2,trade_capital,open,loss,reward,open_num
2603,3532,544.362,1.1218344155846804,3.0000000000002496,-9.637999999999991,1
