stock1,stock2,trade_capital,open,loss,reward,open_num
2357,6505,690.3,4.000000000000004,12.500000000000034,5.5,1
2886,6505,181.89,4.151949541284411,10.021788990825703,1.1500000000000057,1
