stock1,stock2,trade_capital,open,loss,reward,open_num
2610,2395,250.63350000000003,3.453852327447829,11.505617977528125,-1.9164999999999992,1
2610,2449,76.52850000000001,2.6328389830508536,8.9762711864407,0.1335000000000015,1
2610,3532,173.8515,2.6328389830508536,8.9762711864407,-1.873500000000007,1
2379,2382,280.81100000000004,2.6328389830508536,8.9762711864407,0.6709999999999638,1
3532,3034,626.825,2.980046948356806,13.515845070422579,-3.375,1
