stock1,stock2,trade_capital,open,loss,reward,open_num
2344,3532,241.31900000000002,2.980046948356806,13.515845070422579,-3.705999999999989,1
4958,3532,476.327,6.071428571428564,16.47435897435901,4.976999999999975,1
