stock1,stock2,trade_capital,open,loss,reward,open_num
2360,6505,1198.8000000000002,1.749999999999973,3.4999999999998117,-6.0,1
2456,3532,409.041,3.453852327447829,11.505617977528125,-1.6590000000000487,1
2492,3026,460.89,3.453852327447829,11.505617977528125,-4.810000000000002,1
