stock1,stock2,trade_capital,open,loss,reward,open_num
2049,3532,921.312,1.749999999999973,3.4999999999998117,-1.6879999999999882,1
