stock1,stock2,trade_capital,open,loss,reward,open_num
1605,3443,328.671,2.6328389830508536,8.9762711864407,-0.22900000000001342,1
6269,2812,133.0661,2.086678832116794,6.2883211678832325,0.29110000000000014,1
6269,2834,134.567,2.086678832116794,6.2883211678832325,-0.25799999999999557,1
