stock1,stock2,trade_capital,open,loss,reward,open_num
5871,6505,631.562,1.749999999999973,3.4999999999998117,2.562000000000012,1
6456,3034,1157.48,2.980046948356806,13.515845070422579,-3.769999999999982,1
