stock1,stock2,trade_capital,open,loss,reward,open_num
2379,3034,642.958,1.749999999999973,3.4999999999998117,7.45799999999997,1
3406,2474,1420.848,1.1218344155846804,3.0000000000002496,-18.369500000000016,1
