stock1,stock2,trade_capital,open,loss,reward,open_num
6176,6269,387.23479999999995,2.980046948356806,13.515845070422579,1.3348000000000013,1
