stock1,stock2,trade_capital,open,loss,reward,open_num
2308,2327,751.3145,2.980046948356806,13.515845070422579,0.3645000000000209,1
2308,3532,1147.672,2.980046948356806,13.515845070422579,4.4220000000000255,1
