stock1,stock2,trade_capital,open,loss,reward,open_num
1536,6269,463.1065,3.453852327447829,11.505617977528125,1.6065000000000111,1
5264,2915,236.13629999999995,6.071428571428564,16.47435897435901,-3.5311000000000234,1
6269,2303,161.8131,6.071428571428564,16.47435897435901,0.7131000000000043,1
2303,3026,273.42725,3.2499999999999982,5.500000000000034,-3.322749999999999,1
