stock1,stock2,trade_capital,open,loss,reward,open_num
2801,2882,134.3075,3.453852327447829,11.505617977528125,-0.4624999999999986,1
