stock1,stock2,trade_capital,open,loss,reward,open_num
6456,3532,528.75,1.749999999999973,3.4999999999998117,-4.753500000000017,1
