stock1,stock2,trade_capital,open,loss,reward,open_num
5871,3532,928.87,3.453852327447829,11.505617977528125,-3.3799999999999955,1
1326,6456,697.4025,3.453852327447829,11.505617977528125,-7.097499999999968,1
2408,3532,664.9739999999999,3.2499999999999982,5.500000000000034,-4.308400000000006,1
3481,3532,169.49,2.086678832116794,6.2883211678832325,-2.509999999999998,1
