stock1,stock2,trade_capital,open,loss,reward,open_num
2231,2492,2065.05,1.1218344155846804,3.0000000000002496,32.0,1
