stock1,stock2,trade_capital,open,loss,reward,open_num
1314,3406,245.47500000000002,2.6328389830508536,8.9762711864407,5.5,1
1314,2395,263.87075,2.980046948356806,13.515845070422579,6.320749999999997,1
