stock1,stock2,trade_capital,open,loss,reward,open_num
2330,2492,691.992,2.086678832116794,6.2883211678832325,-6.958000000000027,1
2881,2498,229.761,2.086678832116794,6.2883211678832325,-0.7590000000000146,1
2915,2498,274.9266,1.4751902346226717,3.9999999999997113,0.6015999999999906,1
