stock1,stock2,trade_capital,open,loss,reward,open_num
2812,2371,70.60000000000001,3.453852327447829,11.505617977528125,-0.1750000000000007,1
2357,2371,347.5988,3.2499999999999982,5.500000000000034,1.6988000000000056,1
2371,2409,75.62245,3.2499999999999982,5.500000000000034,-0.5775500000000022,1
2371,3034,224.2253,2.193017888055368,4.018753606462444,-2.074699999999993,1
