stock1,stock2,trade_capital,open,loss,reward,open_num
2308,2327,1114.5410000000002,4.000000000000004,12.500000000000034,-11.958999999999946,1
2308,2353,200.025,3.2499999999999982,5.500000000000034,0.75,1
2308,2357,705.771,4.000000000000004,12.500000000000034,0.2709999999999866,1
2308,6456,651.933,4.000000000000004,12.500000000000034,-1.5670000000000073,1
2308,2912,782.0415,4.000000000000004,12.500000000000034,-0.458500000000015,1
