stock1,stock2,trade_capital,open,loss,reward,open_num
6176,2603,120.465,3.453852327447829,11.505617977528125,0.10000000000000853,1
1326,2371,142.0075,3.453852327447829,11.505617977528125,0.5274999999999892,1
1326,2409,132.2022,3.453852327447829,11.505617977528125,0.20219999999999771,1
