stock1,stock2,trade_capital,open,loss,reward,open_num
2345,3045,700.84,2.980046948356806,13.515845070422579,-0.6599999999999966,1
