stock1,stock2,trade_capital,open,loss,reward,open_num
2603,2337,112.7126,2.086678832116794,6.2883211678832325,-0.5374000000000052,1
2301,2371,63.57425,3.2499999999999982,5.500000000000034,-0.4481500000000018,1
1314,2371,107.461,1.4751902346226717,3.9999999999997113,-1.5504000000000087,1
2371,3019,207.27,1.749999999999973,3.4999999999998117,-2.2362499999999983,1
