stock1,stock2,trade_capital,open,loss,reward,open_num
2633,3034,243.3845,3.693027210884357,6.0739795918367605,-1.7665000000000077,1
2303,3034,218.458,3.453852327447829,11.505617977528125,1.3329999999999984,1
2317,3034,761.55,3.453852327447829,11.505617977528125,0.12999999999995282,1
2492,3034,980.1875,1.749999999999973,3.4999999999998117,-4.548000000000002,1
