stock1,stock2,open,loss,reward,open_num,action choose
2618,2886,1.4751902346226717,3.9999999999997113,0.05000000000000071,1,7
3706,2337,1.4751902346226717,3.9999999999997113,0.75,1,7
3706,2886,100,200,0,0,34
3706,2409,1.4751902346226717,3.9999999999997113,0.5500000000000007,1,7
1210,2886,1.8023648648648616,8.797297297297295,0.14999999999999858,1,10
2327,2337,100,200,0,0,34
2327,2886,1.4751902346226717,3.9999999999997113,1.75,1,7
2313,2886,0.49999999999998446,3.5000000000000355,0.15000000000000213,1,0
2313,2382,1.749999999999973,3.4999999999998117,0.3999999999999986,1,8
2313,2409,0.9999999999999694,2.9999999999995994,0.34999999999999787,1,4
2313,2002,0.8255813953488285,4.6886304909561005,0.54999999999999,1,3
2347,2002,1.4751902346226717,3.9999999999997113,0.3499999999999872,1,7
2337,2886,1.749999999999973,3.4999999999998117,0.6000000000000014,1,8
2337,2382,1.4751902346226717,3.9999999999997113,0.3999999999999986,1,7
2337,2002,0.7499999999999689,3.9999999999997025,0.45000000000000284,1,2
2886,2382,1.749999999999973,3.4999999999998117,0.19999999999999574,1,8
2886,2409,1.4751902346226717,3.9999999999997113,0.34999999999999787,1,7
2886,2002,1.4751902346226717,3.9999999999997113,0.09999999999999787,1,7
2382,2002,1.2174744897959144,7.459183673469383,0.5,1,5
2409,2002,1.24999999999997,2.9999999999996234,0.44999999999999574,1,6
