stock1,stock2,trade_capital,open,loss,reward,open_num
2327,3406,2936.25,1.749999999999973,3.4999999999998117,-42.19000000000011,1
