stock1,stock2,trade_capital,open,loss,reward,open_num
2360,2887,184.731,3.453852327447829,11.505617977528125,1.6310000000000002,1
6456,3481,152.79025000000001,2.086678832116794,6.2883211678832325,0.7902500000000003,1
2409,2439,191.17475000000002,2.6328389830508536,8.9762711864407,1.6747500000000102,1
