stock1,stock2,trade_capital,open,loss,reward,open_num
2308,2449,530.976,3.2499999999999982,5.500000000000034,-4.2239999999999895,1
