stock1,stock2,trade_capital,open,loss,reward,open_num
5264,1402,418.74,3.693027210884357,6.0739795918367605,-2.9599999999999937,1
2371,2383,204.8835,2.6328389830508536,8.9762711864407,-2.116500000000002,1
