stock1,stock2,trade_capital,open,loss,reward,open_num
1314,3443,347.4545,2.6328389830508536,8.9762711864407,0.7045000000000101,1
1314,2474,412.2595,2.6328389830508536,8.9762711864407,1.759500000000017,1
2345,2891,196.7895,2.980046948356806,13.515845070422579,1.1894999999999953,1
