stock1,stock2,trade_capital,open,loss,reward,open_num
2049,2887,384.2105,2.6328389830508536,8.9762711864407,-13.676749999999984,1
2603,1590,399.571,2.980046948356806,13.515845070422579,-10.278999999999996,1
1605,3481,73.202,4.752819548872187,15.016917293233117,0.03200000000000003,1
