stock1,stock2,trade_capital,open,loss,reward,open_num
6456,3443,628.643,2.6328389830508536,8.9762711864407,0.6929999999999836,1
