stock1,stock2,trade_capital,open,loss,reward,open_num
9938,6505,729.3054999999999,2.6328389830508536,8.9762711864407,3.305499999999995,1
2345,6505,811.0849999999999,2.6328389830508536,8.9762711864407,3.1849999999999454,1
6456,3045,589.418,2.980046948356806,13.515845070422579,2.9180000000000064,1
