stock1,stock2,trade_capital,open,loss,reward,open_num
1605,2439,270.43625,7.837962962962951,12.745370370370392,-0.5637500000000131,1
