stock1,stock2,trade_capital,open,loss,reward,open_num
2890,3034,204.63425,5.7367647058823605,13.470588235294136,1.6342499999999944,1
2492,3034,853.032,2.6328389830508536,8.9762711864407,-9.317999999999984,1
