stock1,stock2,trade_capital,open,loss,reward,open_num
2603,2345,546.395,2.086678832116794,6.2883211678832325,3.6050000000000466,1
3443,2439,994.05,2.980046948356806,13.515845070422579,-2.5,1
2439,3044,198.45,2.6328389830508536,8.9762711864407,-1.0,1
