stock1,stock2,trade_capital,open,loss,reward,open_num
1229,5871,222.8953,2.6328389830508536,8.9762711864407,1.8952999999999989,1
