stock1,stock2,trade_capital,open,loss,reward,open_num
1319,3026,406.89975000000004,2.980046948356806,13.515845070422579,6.34975,1
