stock1,stock2,trade_capital,open,loss,reward,open_num
1102,6505,143.3895,2.980046948356806,13.515845070422579,0.6944999999999943,1
