stock1,stock2,trade_capital,open,loss,reward,open_num
1536,1476,645.7560000000001,1.1218344155846804,3.0000000000002496,3.4560000000000173,1
2603,2615,108.3175,2.6328389830508536,8.9762711864407,0.46750000000000114,1
3702,2409,125.1292,2.980046948356806,13.515845070422579,-3.1208000000000027,1
