stock1,stock2,trade_capital,open,loss,reward,open_num
2884,3532,211.921,4.000000000000004,12.500000000000034,0.3960000000000008,1
