stock1,stock2,trade_capital,open,loss,reward,open_num
2371,3406,386.52324999999996,2.6328389830508536,8.9762711864407,1.923249999999996,1
