stock1,stock2,trade_capital,open,loss,reward,open_num
2313,2345,421.47,2.086678832116794,6.2883211678832325,-1.1000000000000227,1
