stock1,stock2,trade_capital,open,loss,reward,open_num
2327,2376,1311.815,1.749999999999973,3.4999999999998117,14.314999999999998,1
2327,2890,1090.24,2.6328389830508536,8.9762711864407,12.115000000000009,1
1326,3532,748.2485,3.2499999999999982,5.500000000000034,-3.751499999999936,1
2371,1434,76.0376,5.7367647058823605,13.470588235294136,0.16259999999999764,1
