stock1,stock2,trade_capital,open,loss,reward,open_num
2890,1477,192.375,3.453852327447829,11.505617977528125,1.0,1
2890,3026,203.175,3.453852327447829,11.505617977528125,2.0,1
