stock1,stock2,trade_capital,open,loss,reward,open_num
2603,2327,341.97675000000004,2.980046948356806,13.515845070422579,0.326749999999997,1
2603,6456,144.78675,2.6328389830508536,8.9762711864407,-1.923250000000003,1
3231,2385,106.3398,2.980046948356806,13.515845070422579,0.4397999999999982,1
