stock1,stock2,trade_capital,open,loss,reward,open_num
6285,6456,1132.47,3.2499999999999982,5.500000000000034,-2.0,1
2377,3406,992.2975000000001,2.6328389830508536,8.9762711864407,-15.607999999999947,1
3406,2492,2443.002,3.693027210884357,6.0739795918367605,-16.698000000000093,1
