stock1,stock2,trade_capital,open,loss,reward,open_num
9933,1504,190.20765,7.837962962962951,12.745370370370392,1.0076499999999626,1
2376,3008,4053.802,1.4751902346226717,3.9999999999997113,10.301999999999964,1
