stock1,stock2,trade_capital,open,loss,reward,open_num
3406,3034,601.7850000000001,2.6328389830508536,8.9762711864407,2.285000000000025,1
