stock1,stock2,trade_capital,open,loss,reward,open_num
2377,1909,158.8981,2.086678832116794,6.2883211678832325,0.998100000000008,1
1909,2498,235.66965000000002,5.7367647058823605,13.470588235294136,1.0496499999999926,1
