stock1,stock2,trade_capital,open,loss,reward,open_num
1326,3026,689.523,2.980046948356806,13.515845070422579,5.022999999999996,1
6456,4958,776.1965,3.453852327447829,11.505617977528125,-15.908999999999992,1
1909,3034,790.5849999999999,1.4751902346226717,3.9999999999997113,-9.475000000000044,1
