stock1,stock2,trade_capital,open,loss,reward,open_num
1536,1326,524.392,3.2499999999999982,5.500000000000034,-1.407999999999987,1
2610,1326,146.025,4.000000000000004,12.500000000000034,-0.25,1
