stock1,stock2,trade_capital,open,loss,reward,open_num
2353,2492,551.358,1.1218344155846804,3.0000000000002496,6.007999999999981,1
