stock1,stock2,trade_capital,open,loss,reward,open_num
1101,3443,1075.275,5.7367647058823605,13.470588235294136,17.25,1
3443,2498,366.84000000000003,2.6328389830508536,8.9762711864407,-7.20480000000002,1
