stock1,stock2,trade_capital,open,loss,reward,open_num
2308,1314,171.9805,2.6328389830508536,8.9762711864407,1.0805000000000007,1
2885,2439,189.56675,3.453852327447829,11.505617977528125,-1.7332499999999982,1
