stock1,stock2,trade_capital,open,loss,reward,open_num
3481,2492,475.31975,2.6328389830508536,8.9762711864407,8.319750000000013,1
2492,2027,600.44325,2.086678832116794,6.2883211678832325,6.693250000000006,1
