stock1,stock2,trade_capital,open,loss,reward,open_num
2603,2303,83.37925,4.151949541284411,10.021788990825703,0.21924999999999883,1
2812,3443,257.3125,3.453852327447829,11.505617977528125,2.6125000000000114,1
2890,2454,261.027,2.980046948356806,13.515845070422579,2.602000000000004,1
