stock1,stock2,trade_capital,open,loss,reward,open_num
1802,2345,183.179,2.6328389830508536,8.9762711864407,2.179000000000002,1
1301,4958,638.5275,2.6328389830508536,8.9762711864407,0.9474999999999909,1
1301,2492,620.7975,2.193017888055368,4.018753606462444,0.9474999999999909,1
2345,2492,738.8025,1.4751902346226717,3.9999999999997113,-0.09749999999996817,1
