stock1,stock2,trade_capital,open,loss,reward,open_num
2610,3406,424.8,2.980046948356806,13.515845070422579,-31.75,1
5871,2327,1010.25,1.749999999999973,3.4999999999998117,10.5,1
5871,3406,833.85,1.749999999999973,3.4999999999998117,4.0,1
5871,2395,563.4985,2.6328389830508536,8.9762711864407,3.8985000000000127,1
5871,2492,598.5,1.749999999999973,3.4999999999998117,2.5,1
3406,3019,932.9275,1.749999999999973,3.4999999999998117,-6.9325000000000045,1
