stock1,stock2,trade_capital,open,loss,reward,open_num
6176,3673,480.02479999999997,3.453852327447829,11.505617977528125,3.8048,1
1314,2379,172.0435,3.453852327447829,11.505617977528125,1.6684999999999945,1
1326,2884,188.46724999999998,3.2499999999999982,5.500000000000034,1.2172499999999928,1
2885,6505,173.42849999999999,3.453852327447829,11.505617977528125,-0.846500000000006,1
