stock1,stock2,trade_capital,open,loss,reward,open_num
2618,2449,145.11225000000002,3.2499999999999982,5.500000000000034,1.0872500000000116,1
3711,1504,141.01940000000002,3.453852327447829,11.505617977528125,0.06940000000000168,1
1314,2449,41.9776,2.980046948356806,13.515845070422579,-0.16240000000000165,1
2360,6505,602.1,2.980046948356806,13.515845070422579,6.0,1
2360,3532,829.56,2.086678832116794,6.2883211678832325,4.060000000000002,1
2360,1504,200.865,2.086678832116794,6.2883211678832325,-1.127750000000006,1
