stock1,stock2,trade_capital,open,loss,reward,open_num
2308,3019,364.812,2.6328389830508536,8.9762711864407,-0.6279999999999717,1
