stock1,stock2,trade_capital,open,loss,reward,open_num
2049,2345,833.492,2.193017888055368,4.018753606462444,6.492000000000019,1
5871,1314,165.885,2.980046948356806,13.515845070422579,-1.8149999999999977,1
