stock1,stock2,trade_capital,open,loss,reward,open_num
1301,2448,281.50625,1.4751902346226717,3.9999999999997113,0.45625000000001137,1
2379,3406,928.8800000000001,5.7367647058823605,13.470588235294136,-3.269999999999982,1
2379,2448,682.6674999999999,2.980046948356806,13.515845070422579,0.7374999999999545,1
2379,3532,725.6875,2.980046948356806,13.515845070422579,0.23749999999995453,1
