stock1,stock2,trade_capital,open,loss,reward,open_num
1590,2360,850.441,2.193017888055368,4.018753606462444,5.441000000000031,1
2606,1314,70.9774,2.6328389830508536,8.9762711864407,0.3674000000000035,1
2308,2345,962.08,3.453852327447829,11.505617977528125,5.380000000000052,1
1314,2371,88.85499999999999,2.086678832116794,6.2883211678832325,0.08500000000000085,1
