stock1,stock2,trade_capital,open,loss,reward,open_num
2337,2376,415.26,4.000000000000004,12.500000000000034,-6.0,1
1402,3008,3337.5,2.6328389830508536,8.9762711864407,-34.42500000000018,1
