stock1,stock2,trade_capital,open,loss,reward,open_num
6456,3532,1105.29,2.980046948356806,13.515845070422579,-1.6599999999999682,1
