stock1,stock2,trade_capital,open,loss,reward,open_num
3711,2337,125.46000000000001,2.6328389830508536,8.9762711864407,-1.4210854715202004e-14,1
