stock1,stock2,open,loss,reward,open_num,action choose
1102,2303,0.49999999999998446,3.5000000000000355,0.34999999999999787,1,0
1102,2887,0.7499999999999689,3.9999999999997025,0.6499999999999986,1,2
2303,2801,1.2174744897959144,7.459183673469383,0.15000000000000036,1,5
2303,3008,100,200,0,0,34
2303,1227,3.2499999999999982,5.500000000000034,1.2000000000000028,1,17
2325,3045,2.2499999999999822,7.500000000000021,0.9999999999999716,1,12
2325,5880,1.4751902346226717,3.9999999999997113,0.7999999999999687,1,7
2325,2353,1.2174744897959144,7.459183673469383,1.100000000000005,1,5
2325,9914,100,200,0,0,34
2354,2887,1.4751902346226717,3.9999999999997113,1.3500000000000014,1,7
2354,9904,1.9999999999999754,4.030545112781948,1.450000000000017,1,11
2801,2892,0.9999999999999694,2.9999999999995994,0.20000000000000107,1,4
2801,5880,2.2499999999999822,7.500000000000021,0.75,1,12
2801,2353,0.7499999999999689,3.9999999999997025,0.40000000000000213,1,2
2412,2379,1.4751902346226717,3.9999999999997113,2.0,1,7
2412,2867,100,200,0,0,34
2412,6269,1.2174744897959144,7.459183673469383,4.400000000000006,1,5
2887,2379,1.4751902346226717,3.9999999999997113,0.30000000000000426,1,7
2887,2867,100,200,0,0,34
2887,2903,0.7499999999999689,3.9999999999997025,0.29999999999999716,1,2
3008,5880,0.7499999999999689,3.9999999999997025,10.5,1,2
5880,1227,3.453852327447829,11.505617977528125,1.4500000000000028,1,18
5880,2353,1.749999999999973,3.4999999999998117,0.6500000000000021,1,8
5880,2379,1.4751902346226717,3.9999999999997113,0.7999999999999972,1,7
9904,2353,1.9999999999999754,4.030545112781948,0.8500000000000014,1,11
1227,2353,3.693027210884357,6.0739795918367605,0.20000000000000284,1,19
1227,2867,3.2499999999999982,5.500000000000034,0.5999999999999943,1,17
1227,9914,1.9999999999999754,4.030545112781948,2.5999999999999943,1,11
2353,2903,100,200,0,0,34
2353,3702,2.499999999999994,4.000000000000044,0.8000000000000078,1,13
