stock1,stock2,open,loss,reward,open_num,action choose
2498,2834,0.9999999999999694,2.9999999999995994,0.15000000000000568,1,4
2498,2888,1.749999999999973,3.4999999999998117,0.3999999999999986,1,8
