stock1,stock2,open,loss,reward,open_num,action choose
2105,2891,2.2499999999999822,7.500000000000021,0.6499999999999915,1,12
1326,2409,0.7499999999999689,3.9999999999997025,0.09999999999999432,1,2
1326,2886,0.49999999999998446,3.5000000000000355,0.25,1,0
1326,5880,1.4751902346226717,3.9999999999997113,0.10000000000000853,1,7
1326,1504,0.49999999999998446,3.5000000000000355,0.25,1,0
1326,2603,0.7499999999999689,3.9999999999997025,0.3500000000000085,1,2
1326,2888,0.49999999999998446,3.5000000000000355,0.10000000000000142,1,0
1326,3044,100,200,0,0,34
2301,2330,0.7499999999999689,3.9999999999997025,3.75,1,2
2409,2886,100,200,0,0,34
2409,5880,100,200,0,0,34
2409,6505,1.2174744897959144,7.459183673469383,0.75,1,5
2409,2371,100,200,0,0,34
2409,2376,0.49999999999998446,3.5000000000000355,0.19999999999999574,1,0
2409,2603,2.499999999999994,4.000000000000044,0.34999999999999787,1,13
2409,2888,100,200,0,0,34
2409,4958,100,200,0,0,34
2409,9938,1.7500000000000058,6.499999999999994,0.75,1,9
2408,2344,0.9999999999999694,2.9999999999995994,0.30000000000000426,1,4
2408,2903,0.49999999999998446,3.5000000000000355,0.3999999999999915,1,0
2886,5880,0.9999999999999694,2.9999999999995994,0.10000000000000142,1,4
2886,1504,0.8255813953488285,4.6886304909561005,0.05000000000000071,1,3
2886,4958,1.9999999999999754,4.030545112781948,0.7000000000000028,1,11
2891,1504,1.749999999999973,3.4999999999998117,0.5,1,8
2891,2888,0.7499999999999689,3.9999999999997025,0.22000000000000242,1,2
2891,3231,0.49999999999998446,3.5000000000000355,0.5,1,0
5880,1504,0.49999999999998446,3.5000000000000355,0.25,1,0
5880,2603,1.749999999999973,3.4999999999998117,0.3000000000000007,1,8
5880,2888,1.2174744897959144,7.459183673469383,0.25,1,5
5880,9938,0.49999999999998446,3.5000000000000355,0.75,1,0
4904,2603,1.2174744897959144,7.459183673469383,0.2000000000000064,1,5
1504,2344,1.4751902346226717,3.9999999999997113,0.4499999999999993,1,7
2344,2379,1.2174744897959144,7.459183673469383,1.5,1,5
2344,3231,1.4751902346226717,3.9999999999997113,0.5,1,7
2603,3044,100,200,0,0,34
2603,9938,2.7500000000000036,9.00193610842209,1.0,1,15
2379,3231,1.9999999999999754,4.030545112781948,1.25,1,11
