stock1,stock2,trade_capital,open,loss,reward,open_num
9945,2377,655.65,2.086678832116794,6.2883211678832325,-2.0500000000000114,1
2327,1402,1249.98875,2.086678832116794,6.2883211678832325,-24.761250000000047,1
2327,3019,1561.655,1.749999999999973,3.4999999999998117,-16.845000000000027,1
3019,3532,344.14099999999996,3.2499999999999982,5.500000000000034,3.790999999999997,1
