stock1,stock2,trade_capital,open,loss,reward,open_num
2345,6505,811.0849999999999,2.6328389830508536,8.9762711864407,7.684999999999945,1
