stock1,stock2,trade_capital,open,loss,reward,open_num
2633,2880,105.21000000000001,3.453852327447829,11.505617977528125,1.0500000000000007,1
1301,2383,704.8789999999999,3.453852327447829,11.505617977528125,-8.621000000000038,1
2867,2383,122.11670000000001,2.2499999999999822,7.500000000000021,-1.2332999999999998,1
