stock1,stock2,trade_capital,open,loss,reward,open_num
5264,2303,125.0538,2.980046948356806,13.515845070422579,0.3037999999999954,1
