stock1,stock2,trade_capital,open,loss,reward,open_num
2337,1434,199.755,2.980046948356806,13.515845070422579,1.2500000000000284,1
2352,3026,503.1,2.086678832116794,6.2883211678832325,-7.658999999999978,1
2912,3026,910.4125,2.086678832116794,6.2883211678832325,-10.399499999999989,1
1434,3026,784.485,2.086678832116794,6.2883211678832325,-17.420399999999987,1
