stock1,stock2,trade_capital,open,loss,reward,open_num
2610,2915,125.36699999999999,4.151949541284411,10.021788990825703,-0.502999999999993,1
1326,2915,394.37699999999995,3.453852327447829,11.505617977528125,-2.3630000000000138,1
1326,2492,965.2875,2.6328389830508536,8.9762711864407,-0.9624999999999773,1
2915,2498,276.6242,1.2162849872773496,7.4631043256997405,0.39919999999999334,1
