stock1,stock2,trade_capital,open,loss,reward,open_num
2383,2492,276.66,3.693027210884357,6.0739795918367605,-1.6000000000000085,1
