stock1,stock2,trade_capital,open,loss,reward,open_num
2867,2888,76.5188,3.2499999999999982,5.500000000000034,0.21879999999999988,1
