stock1,stock2,trade_capital,open,loss,reward,open_num
2327,3026,2115.8559999999998,2.6328389830508536,8.9762711864407,6.8559999999999945,1
