stock1,stock2,trade_capital,open,loss,reward,open_num
3231,2409,121.83340000000001,3.453852327447829,11.505617977528125,-0.21659999999999258,1
2327,2337,436.61125000000004,2.980046948356806,13.515845070422579,-12.288749999999993,1
2327,2890,423.538,2.6328389830508536,8.9762711864407,12.113,1
