stock1,stock2,trade_capital,open,loss,reward,open_num
2610,2439,237.286,4.000000000000004,12.500000000000034,-0.9639999999999986,1
1802,6456,270.6855,4.000000000000004,12.500000000000034,2.1855000000000047,1
