stock1,stock2,trade_capital,open,loss,reward,open_num
2308,2492,867.3389999999999,3.693027210884357,6.0739795918367605,-4.161000000000001,1
2347,2353,154.06545,4.000000000000004,12.500000000000034,-0.18454999999999444,1
