stock1,stock2,trade_capital,open,loss,reward,open_num
2376,2377,365.44450000000006,2.980046948356806,13.515845070422579,-2.585500000000053,1
