stock1,stock2,trade_capital,open,loss,reward,open_num
2308,6116,221.5334,2.6328389830508536,8.9762711864407,0.3334000000000046,1
2379,3443,883.35,3.453852327447829,11.505617977528125,4.0,1
2409,3034,208.822,4.000000000000004,12.500000000000034,-0.703000000000003,1
