stock1,stock2,trade_capital,open,loss,reward,open_num
6505,3026,977.455,3.2499999999999982,5.500000000000034,-4.644999999999982,1
2492,1476,1517.42,1.749999999999973,3.4999999999998117,-21.186000000000035,1
2912,3026,602.392,3.2499999999999982,5.500000000000034,0.6419999999999959,1
