stock1,stock2,trade_capital,open,loss,reward,open_num
2883,2492,500.74325,2.193017888055368,4.018753606462444,10.243249999999968,1
