stock1,stock2,trade_capital,open,loss,reward,open_num
6285,3045,616.3454,4.000000000000004,12.500000000000034,-2.1545999999999452,1
