stock1,stock2,trade_capital,open,loss,reward,open_num
1802,1477,214.425,2.980046948356806,13.515845070422579,1.25,1
3443,3044,672.788,1.749999999999973,3.4999999999998117,3.288000000000011,1
