stock1,stock2,trade_capital,open,loss,reward,open_num
2606,2327,1151.385,3.453852327447829,11.505617977528125,-7.014999999999986,1
9921,2327,1545.057,2.193017888055368,4.018753606462444,-43.83299999999997,1
2377,3532,326.39200000000005,1.749999999999973,3.4999999999998117,-3.5439999999999827,1
3443,3532,940.4760000000001,1.749999999999973,3.4999999999998117,-9.999999999999943,1
