stock1,stock2,trade_capital,open,loss,reward,open_num
6176,1723,812.425,2.086678832116794,6.2883211678832325,-4.635000000000019,1
1536,1723,562.5,2.6328389830508536,8.9762711864407,0.14999999999997726,1
