stock1,stock2,trade_capital,open,loss,reward,open_num
6269,2812,133.0661,2.086678832116794,6.2883211678832325,0.29110000000000014,1
6269,2834,134.567,2.086678832116794,6.2883211678832325,-0.25799999999999557,1
