stock1,stock2,trade_capital,open,loss,reward,open_num
1605,3481,96.1812,3.453852327447829,11.505617977528125,-0.318799999999996,1
2376,1476,507.7815,2.980046948356806,13.515845070422579,3.9614999999999725,1
