stock1,stock2,trade_capital,open,loss,reward,open_num
2883,3481,58.19005,3.453852327447829,11.505617977528125,0.4150500000000008,1
