stock1,stock2,trade_capital,open,loss,reward,open_num
2383,3026,302.1765,2.980046948356806,13.515845070422579,-0.5635000000000048,1
