stock1,stock2,trade_capital,open,loss,reward,open_num
3481,2492,304.154,3.453852327447829,11.505617977528125,8.478999999999985,1
