stock1,stock2,trade_capital,open,loss,reward,open_num
1605,1301,487.533,2.6328389830508536,8.9762711864407,-4.4669999999999845,1
2330,2360,1861.399,2.6328389830508536,8.9762711864407,0.3990000000000009,1
1301,2330,739.9775,2.086678832116794,6.2883211678832325,-0.022499999999979536,1
1301,2383,191.6455,2.193017888055368,4.018753606462444,0.6954999999999956,1
1301,2891,221.96599999999998,2.086678832116794,6.2883211678832325,-0.5090000000000074,1
