stock1,stock2,trade_capital,open,loss,reward,open_num
2345,2353,553.05,1.4751902346226717,3.9999999999997113,-5.5,1
2353,2492,551.358,1.1218344155846804,3.0000000000002496,6.007999999999981,1
