stock1,stock2,trade_capital,open,loss,reward,open_num
2345,3406,608.027,3.2499999999999982,5.500000000000034,-5.951499999999982,1
2345,2454,872.1700000000001,3.2499999999999982,5.500000000000034,-5.250999999999976,1
