stock1,stock2,trade_capital,open,loss,reward,open_num
2360,3532,589.236,2.2499999999999822,7.500000000000021,-3.3140000000000214,1
