stock1,stock2,trade_capital,open,loss,reward,open_num
6456,3532,527.4,2.6328389830508536,8.9762711864407,-12.724999999999994,1
2448,3532,235.484,2.6328389830508536,8.9762711864407,-1.7395000000000067,1
