stock1,stock2,trade_capital,open,loss,reward,open_num
5871,3019,523.9235,2.980046948356806,13.515845070422579,0.4235000000000042,1
