stock1,stock2,trade_capital,open,loss,reward,open_num
2884,3532,211.4225,3.453852327447829,11.505617977528125,-0.10250000000000625,1
