stock1,stock2,trade_capital,open,loss,reward,open_num
2327,2408,691.2,4.752819548872187,15.016917293233117,-3.0,1
