stock1,stock2,trade_capital,open,loss,reward,open_num
6456,2448,203.28475,4.752819548872187,15.016917293233117,1.0847499999999997,1
6456,1504,158.895,4.000000000000004,12.500000000000034,-1.5999999999999943,1
2379,2498,432.83750000000003,1.1218344155846804,3.0000000000002496,5.3374999999999915,1
