stock1,stock2,trade_capital,open,loss,reward,open_num
2383,3532,332.18,2.086678832116794,6.2883211678832325,-0.4199999999999875,1
