stock1,stock2,trade_capital,open,loss,reward,open_num
2344,3532,198.62875000000003,4.752819548872187,15.016917293233117,0.2787500000000023,1
3443,3034,1191.9325,4.151949541284411,10.021788990825703,13.832499999999982,1
2454,3481,291.0165,2.6328389830508536,8.9762711864407,-1.7334999999999923,1
