stock1,stock2,trade_capital,open,loss,reward,open_num
6239,2308,559.71,3.2499999999999982,5.500000000000034,0.09999999999999432,1
