stock1,stock2,trade_capital,open,loss,reward,open_num
1101,2439,253.22519999999997,2.6328389830508536,8.9762711864407,-2.724800000000016,1
2308,1314,171.9805,2.6328389830508536,8.9762711864407,0.5805000000000007,1
2344,2492,209.89225,2.6328389830508536,8.9762711864407,-2.2077500000000043,1
2356,2439,189.2178,3.2499999999999982,5.500000000000034,-1.2542000000000115,1
6505,1477,648.4425,5.7367647058823605,13.470588235294136,3.4424999999999955,1
