stock1,stock2,trade_capital,open,loss,reward,open_num
2308,3026,645.4929999999999,1.749999999999973,3.4999999999998117,1.992999999999995,1
5871,2344,223.171,2.980046948356806,13.515845070422579,-0.5239999999999974,1
5871,2408,580.1800000000001,2.980046948356806,13.515845070422579,0.040000000000063096,1
