stock1,stock2,trade_capital,open,loss,reward,open_num
3532,3026,572.4,2.086678832116794,6.2883211678832325,-8.388499999999993,1
