stock1,stock2,trade_capital,open,loss,reward,open_num
6269,5264,493.462,3.2499999999999982,5.500000000000034,-3.603599999999986,1
6269,2303,161.3146,3.2499999999999982,5.500000000000034,-0.9853999999999985,1
6269,2330,789.624,3.2499999999999982,5.500000000000034,-4.876000000000005,1
6269,1319,150.208,3.2499999999999982,5.500000000000034,-0.965449999999997,1
6269,4958,735.065,3.2499999999999982,5.500000000000034,-4.774000000000001,1
6269,3026,710.765,3.2499999999999982,5.500000000000034,-5.689999999999998,1
2337,2915,101.39489999999999,5.7367647058823605,13.470588235294136,-1.4051000000000045,1
2382,2915,391.74449999999996,9.242088607594926,14.901898734177237,-4.50990000000003,1
