stock1,stock2,trade_capital,open,loss,reward,open_num
1101,2492,410.7785,2.980046948356806,13.515845070422579,2.028500000000008,1
1722,3443,499.84450000000004,2.6328389830508536,8.9762711864407,-5.809999999999974,1
