stock1,stock2,trade_capital,open,loss,reward,open_num
3481,2027,59.2218,4.752819548872187,15.016917293233117,-0.42820000000000036,1
