stock1,stock2,trade_capital,open,loss,reward,open_num
1590,2409,308.77375,3.2499999999999982,5.500000000000034,7.323749999999997,1
1314,2454,260.167,2.980046948356806,13.515845070422579,0.06700000000000017,1
